Age,Gender,Family_Income,Study_Hours_per_Day,Attendance_Rate,Travel_Time_Minutes,Part_Time_Job,Scholarship,Stress_Index,CGPA,Semester,Department,Parental_Education,Dropout,Parental_Education_label,Department_label
22,0,25000.0,3.36,86.1,20.4,0,0,5.5,0.9,1,Arts,High School,0,0,0
20,0,25000.0,4.3,68.0,44.0,1,0,6.8,1.19,3,Engineering,Bachelor,1,1,1
22,0,40183.0,4.4,70.9,48.9,0,0,5.5,1.32,1,Arts,Master,0,2,0
24,0,29219.0,4.19,82.2,38.6,1,0,5.5,1.77,1,CS,High School,1,0,2
20,1,25319.0,4.19,75.7,23.0,1,0,7.0,0.87,4,Business,Bachelor,0,1,3
20,0,25000.0,4.11,89.1,47.1,1,1,6.0,2.69,3,Business,Bachelor,0,1,3
24,0,25000.0,3.0,78.2,37.4,0,1,7.3,0.44,4,CS,Bachelor,0,1,2
22,1,25000.0,2.12,86.4,34.0,1,1,6.5,1.14,1,Arts,High School,0,0,0
20,0,57413.0,4.07,97.5,52.1,1,0,4.2,2.81,1,CS,High School,0,0,2
22,1,44930.0,2.98,82.2,19.7,1,0,6.7,1.73,1,Science,Master,0,2,4
20,1,25000.0,5.27,73.9,39.3,0,0,7.2,1.46,3,Business,Bachelor,1,1,3
20,0,46056.0,2.37,85.2,20.2,0,1,8.0,0.15,2,Engineering,Bachelor,1,1,1
21,1,50644.0,3.54,84.3,22.7,1,1,4.6,2.72,4,CS,Bachelor,0,1,2
17,1,27000.0,4.2,84.0,61.2,1,1,4.8,2.7,1,Business,Bachelor,0,1,3
17,0,30604.5,3.555,92.9,36.0,0,0,5.5,2.92,3,Engineering,Bachelor,0,1,1
19,0,26246.0,3.49,72.5,52.2,1,0,7.0,3.15,1,Arts,Master,0,2,0
18,1,28037.0,4.24,90.0,36.5,1,1,4.6,2.2,1,Engineering,High School,0,0,1
21,1,25000.0,4.8,77.2,34.8,0,1,4.3,1.78,4,Business,Master,0,2,3
19,1,37058.0,4.99,93.0,22.5,1,0,4.7,3.59,1,Arts,Bachelor,0,1,0
17,0,35168.0,4.48,65.0,41.7,1,0,5.6,1.63,1,Business,Bachelor,1,1,3
24,1,38833.0,6.35,99.8,30.3,1,1,3.9,2.23,1,CS,Bachelor,0,1,2
20,0,35149.0,3.48,79.8,31.0,0,0,6.3,2.0,3,Arts,Master,0,2,0
21,1,46069.0,6.25,72.3,26.9,0,1,2.4,3.92,3,CS,Bachelor,0,1,2
17,1,26700.0,4.9,89.3,28.8,1,1,4.0,3.04,4,Business,Bachelor,0,1,3
19,1,33559.0,4.32,86.1,30.3,0,0,5.8,0.43,4,Business,PhD,1,3,3
21,1,25000.0,4.42,85.6,31.5,1,0,3.8,3.66,2,CS,Master,0,2,2
18,1,25000.0,5.22,89.4,29.4,1,0,4.7,1.67,3,Science,Bachelor,0,1,4
21,1,66367.0,3.07,82.3,11.3,1,0,5.3,0.82,3,CS,High School,0,0,2
19,0,25000.0,4.19,79.7,36.5,0,0,9.3,0.76,3,Business,High School,0,0,3
20,1,29219.0,4.125,72.7,28.5,1,0,5.5,3.03,1,CS,High School,0,0,2
19,1,25000.0,6.08,81.1,5.0,0,0,5.9,3.82,4,CS,Bachelor,0,1,2
25,0,29590.0,4.29,77.9,10.9,1,1,5.5,2.48,3,Science,Bachelor,1,1,4
21,0,34785.0,6.6,81.9,24.3,1,0,3.6,3.53,4,Arts,PhD,0,3,0
18,0,28377.0,4.26,67.9,45.3,0,1,5.5,1.65,3,Arts,Bachelor,0,1,0
22,1,25000.0,2.19,95.9,37.3,0,1,5.2,0.02,3,Science,Bachelor,0,1,4
18,1,29590.0,3.88,61.0,21.8,1,1,5.5,0.97,3,Arts,Bachelor,1,1,0
21,0,26034.0,2.9,80.9,27.7,1,1,7.6,1.45,4,Business,Bachelor,0,1,3
17,1,25000.0,6.16,78.5,43.3,1,0,4.7,3.42,2,Science,High School,0,0,4
18,0,77705.0,2.25,70.8,22.6,1,0,5.0,2.01,2,Business,Bachelor,0,1,3
21,1,29803.0,3.98,85.0,17.0,0,0,5.5,3.55,2,Business,Master,0,2,3
22,0,25000.0,5.91,74.5,40.6,1,0,5.6,2.35,2,Engineering,Bachelor,0,1,1
21,0,41216.0,7.6,85.0,43.4,0,1,4.4,1.69,1,Business,High School,0,0,3
20,0,49772.0,3.86,95.6,22.7,1,1,6.7,2.71,1,Business,Bachelor,0,1,3
20,0,41183.0,4.15,72.1,35.9,0,1,8.4,2.82,3,Business,High School,1,0,3
17,1,25000.0,2.48,89.0,29.5,1,1,7.4,0.5,4,Engineering,Master,0,2,1
19,1,25682.0,3.51,69.7,22.9,1,0,7.9,1.43,1,Business,Master,0,2,3
20,0,25000.0,6.84,75.6,44.0,0,0,5.2,3.66,4,Business,Bachelor,0,1,3
23,0,25000.0,5.13,86.5,22.0,0,0,3.6,4.0,4,CS,Bachelor,0,1,2
21,0,25000.0,5.58,79.8,39.1,0,0,1.9,3.77,2,Business,Bachelor,0,1,3
17,1,27754.0,4.84,93.6,30.8,1,0,1.8,3.38,1,Engineering,High School,0,0,1
21,1,25000.0,5.39,83.0,27.9,0,0,5.1,3.94,4,CS,Bachelor,0,1,2
20,0,26368.0,6.52,86.2,23.3,1,0,6.4,2.65,3,Business,Bachelor,0,1,3
19,1,25000.0,3.41,76.5,18.2,0,0,7.0,2.05,3,Business,High School,0,0,3
22,0,33661.0,4.96,73.7,27.0,1,0,5.9,2.47,4,Business,Master,1,2,3
23,1,25000.0,3.1,72.8,23.9,1,1,4.2,0.0,1,Business,Bachelor,1,1,3
23,1,35396.0,1.35,74.5,31.1,0,1,6.7,0.93,1,Science,High School,1,0,4
19,1,56894.0,4.34,76.4,15.6,1,0,3.3,2.68,4,Science,Bachelor,0,1,4
20,1,77162.0,4.16,91.3,28.2,1,1,3.5,2.57,4,Engineering,Bachelor,0,1,1
21,1,25000.0,3.9,85.2,34.9,1,0,6.6,0.42,2,Business,Master,1,2,3
23,1,25000.0,3.17,71.8,21.9,1,0,3.3,0.35,1,Science,High School,0,0,4
19,1,25000.0,4.18,78.7,38.9,0,0,4.1,4.0,3,Arts,High School,0,0,0
20,0,39191.0,4.55,81.8,40.2,0,1,3.7,2.32,2,Science,PhD,0,3,4
18,0,25000.0,6.55,100.0,15.5,0,1,5.8,3.13,1,Engineering,Bachelor,0,1,1
18,0,25000.0,4.7,82.1,20.9,1,0,6.6,1.71,3,Engineering,PhD,0,3,1
22,1,32151.0,4.76,85.6,13.9,1,0,6.6,1.63,2,Arts,High School,0,0,0
24,0,31286.0,3.03,74.1,35.1,1,1,4.5,3.04,4,CS,Bachelor,0,1,2
20,0,37293.0,2.76,87.8,31.5,1,0,5.2,3.68,4,Science,Bachelor,0,1,4
23,0,38801.0,2.72,93.0,10.8,0,0,6.8,4.0,3,Arts,High School,0,0,0
21,0,36430.0,3.61,80.8,22.2,1,0,4.5,1.48,1,Engineering,Master,0,2,1
19,1,33396.0,4.08,86.9,33.7,1,0,3.9,2.97,1,Engineering,PhD,0,3,1
21,1,30744.0,4.28,86.6,31.4,1,1,4.3,2.28,4,Business,Bachelor,0,1,3
24,1,44305.0,2.94,82.6,44.5,1,0,4.4,3.55,3,CS,Bachelor,0,1,2
20,1,25000.0,1.09,92.3,16.2,0,0,5.6,2.33,1,Arts,Bachelor,0,1,0
24,1,75102.0,3.45,75.6,29.9,0,0,5.5,4.0,1,Engineering,Bachelor,0,1,1
17,0,25000.0,5.22,75.0,18.0,1,0,5.2,3.97,4,CS,Master,0,2,2
22,0,25000.0,3.51,82.0,31.3,0,0,4.1,2.52,2,Science,Bachelor,0,1,4
21,1,29684.0,4.0,79.0,27.8,1,0,5.5,3.59,3,Science,Bachelor,0,1,4
20,0,44514.0,1.93,58.7,33.3,0,0,6.7,1.8,1,Science,Bachelor,1,1,4
21,0,25000.0,4.16,76.1,25.1,1,0,6.1,1.27,4,Engineering,High School,0,0,1
17,1,29235.0,4.53,65.0,39.1,1,1,4.7,1.17,1,CS,High School,0,0,2
20,0,28160.0,4.19,79.4,21.4,1,0,5.5,1.85,1,CS,Master,0,2,2
21,0,53998.0,5.25,87.7,17.8,1,0,7.7,0.76,1,CS,Master,0,2,2
24,0,25000.0,5.56,82.4,32.7,1,1,5.4,0.89,3,Engineering,Bachelor,0,1,1
19,0,25000.0,6.75,83.1,52.2,1,0,5.5,1.86,4,Science,Master,0,2,4
19,0,25000.0,2.8,80.8,11.7,1,0,8.2,3.11,4,Arts,Bachelor,0,1,0
19,0,25000.0,4.37,83.7,16.3,1,0,7.4,2.94,2,Engineering,Master,0,2,1
23,1,25000.0,2.46,100.0,32.8,1,1,4.3,3.2,3,Arts,Master,0,2,0
21,1,25000.0,4.79,79.2,43.5,0,0,7.4,1.42,4,CS,Master,1,2,2
19,0,29219.0,4.05,81.9,33.7,1,0,5.5,2.7,3,Arts,High School,1,0,0
22,1,32176.0,1.49,75.1,22.7,1,0,3.6,2.94,1,Science,Bachelor,0,1,4
21,0,39933.0,4.35,66.8,35.0,1,0,7.8,2.64,3,Arts,High School,0,0,0
23,0,33807.0,3.74,84.1,36.2,0,0,4.2,0.67,4,Business,High School,1,0,3
19,0,29219.0,4.19,91.1,21.8,1,0,5.5,3.8,1,CS,High School,0,0,2
20,1,50359.0,3.62,100.0,39.9,1,0,4.8,3.63,3,Business,High School,0,0,3
20,0,25000.0,6.68,80.5,29.6,1,1,9.2,0.01,1,Arts,High School,0,0,0
17,1,25000.0,4.75,79.9,9.0,1,0,3.8,0.43,4,CS,Master,1,2,2
21,1,30604.5,3.94,74.5,28.4,0,0,5.5,1.5,4,CS,Bachelor,0,1,2
21,1,29331.0,3.57,95.7,23.2,1,0,4.9,2.62,2,Business,PhD,0,3,3
21,1,25000.0,1.48,72.1,45.7,1,1,6.4,2.13,1,Engineering,PhD,0,3,1
20,1,51391.0,2.6,87.3,14.1,0,1,5.4,1.4,2,CS,High School,0,0,2
17,0,97535.0,6.19,96.6,24.2,1,1,4.3,4.0,3,Business,Master,1,2,3
20,0,30885.0,4.09,80.0,33.1,0,1,5.5,2.3,3,Science,High School,0,0,4
20,1,31276.0,4.59,72.7,59.0,0,0,7.9,2.3,1,Engineering,Bachelor,0,1,1
19,1,49497.0,4.51,88.3,53.5,1,1,2.6,3.24,4,Business,Bachelor,0,1,3
20,0,25000.0,5.84,71.2,29.5,1,0,4.3,1.92,4,Science,Bachelor,0,1,4
21,0,30245.0,4.42,91.5,34.2,0,0,6.4,1.01,1,Arts,Bachelor,0,1,0
25,0,31048.5,3.6399999999999997,97.9,37.2,0,1,5.5,3.36,1,Engineering,Master,1,2,1
21,0,29803.5,3.95,63.0,17.9,0,0,5.5,1.66,2,Engineering,High School,1,0,1
21,0,29684.0,4.09,95.3,30.1,1,0,5.5,1.55,2,Science,Bachelor,0,1,4
20,1,26596.0,3.64,87.1,46.3,1,0,6.6,1.43,2,Business,Bachelor,0,1,3
17,1,28669.0,6.21,93.1,31.7,1,1,6.4,4.0,1,Business,Bachelor,0,1,3
20,0,25000.0,2.63,76.8,53.4,0,0,6.8,1.19,1,Business,Bachelor,1,1,3
21,1,104579.0,3.34,87.0,24.7,0,0,6.1,2.68,3,Science,Master,0,2,4
26,1,25000.0,1.63,83.9,28.9,1,0,4.9,2.13,2,Arts,High School,1,0,0
20,0,25000.0,5.31,75.7,29.0,0,0,7.2,1.49,4,Business,High School,0,0,3
21,0,28108.0,4.45,79.2,14.4,1,1,4.6,2.83,1,Business,Bachelor,0,1,3
20,1,51263.0,6.26,86.6,43.3,1,1,5.2,2.48,4,CS,High School,0,0,2
18,1,30045.0,3.17,73.0,26.0,0,0,2.5,2.69,4,Science,Master,0,2,4
23,0,39789.0,2.97,72.4,33.1,0,1,4.6,2.96,3,Science,Bachelor,0,1,4
22,1,31048.5,4.1,56.8,22.8,0,1,5.5,0.0,1,Engineering,Master,0,2,1
22,0,72592.0,4.59,75.8,50.7,1,1,5.5,1.83,2,Arts,Bachelor,1,1,0
19,0,41649.0,3.54,84.3,44.8,1,0,7.2,2.67,2,Engineering,Bachelor,1,1,1
24,0,55749.0,4.39,77.9,30.7,1,0,4.7,0.0,4,Arts,Bachelor,0,1,0
17,0,37016.0,3.45,92.2,15.3,0,0,4.8,1.18,1,CS,Bachelor,0,1,2
22,1,48773.0,5.87,70.4,38.9,1,0,4.5,1.87,4,Arts,High School,1,0,0
25,1,25000.0,5.64,86.1,43.0,0,0,5.9,3.41,4,Science,Master,0,2,4
18,0,25000.0,4.11,79.1,18.9,0,0,8.3,1.92,2,CS,Master,0,2,2
19,1,66695.0,5.37,81.2,28.3,1,0,1.3,4.0,1,Science,Bachelor,0,1,4
21,1,75799.0,3.83,87.5,30.9,1,1,4.6,1.8,2,Arts,High School,0,0,0
19,0,25000.0,3.94,60.9,43.0,1,0,4.9,1.92,3,Arts,High School,1,0,0
17,1,34539.0,1.19,64.9,28.2,1,0,1.7,1.93,3,Business,Bachelor,0,1,3
21,0,25000.0,4.66,81.5,41.5,1,0,5.3,1.5,4,CS,Bachelor,0,1,2
18,1,25000.0,4.03,80.2,20.7,1,1,4.9,2.28,1,Arts,High School,0,0,0
22,0,35274.0,5.14,70.6,17.3,1,0,4.7,2.56,1,Engineering,High School,0,0,1
19,1,58958.0,4.93,98.0,52.0,1,0,3.5,2.72,4,Science,Master,0,2,4
24,0,38988.0,3.03,72.7,14.3,0,1,5.3,1.79,3,Engineering,Master,0,2,1
19,1,25000.0,3.75,77.7,21.0,0,0,3.4,2.29,3,CS,PhD,0,3,2
20,1,40494.0,3.38,91.2,39.4,1,1,4.0,1.88,2,CS,Bachelor,0,1,2
22,0,25000.0,5.36,76.6,23.6,1,0,5.1,3.95,3,Arts,Bachelor,0,1,0
18,0,38073.0,6.05,75.1,23.3,1,0,7.3,1.01,3,Business,High School,0,0,3
21,0,68726.0,5.04,85.1,27.6,0,0,6.2,0.83,3,CS,Bachelor,1,1,2
23,1,25000.0,6.58,76.1,5.0,1,0,6.6,3.93,1,CS,Bachelor,0,1,2
17,0,47971.0,4.68,85.2,43.4,1,0,9.0,2.96,2,Science,Bachelor,0,1,4
21,1,25000.0,2.73,86.1,32.1,1,1,6.3,2.63,3,Business,High School,0,0,3
21,0,62131.0,2.2,85.0,20.3,0,0,3.6,0.97,4,Arts,High School,0,0,0
22,0,25000.0,2.8,91.4,9.4,1,1,4.5,2.73,2,Engineering,Master,0,2,1
18,0,25000.0,3.41,78.9,13.6,1,1,4.0,1.91,2,Business,High School,0,0,3
18,0,45124.0,3.12,78.0,10.9,1,1,5.3,2.27,2,Engineering,Master,0,2,1
22,1,36994.0,4.07,81.3,32.7,1,0,4.8,3.09,2,Science,High School,0,0,4
21,1,25000.0,3.77,59.4,32.8,1,0,3.8,3.26,1,CS,Bachelor,0,1,2
21,0,25000.0,4.1,83.7,37.3,0,1,7.2,2.53,4,CS,High School,0,0,2
21,1,26569.0,7.17,79.4,38.8,0,1,7.3,1.25,1,Business,Bachelor,0,1,3
19,0,25000.0,5.14,85.1,37.5,0,1,5.8,3.86,4,Engineering,Master,0,2,1
21,1,25000.0,4.35,74.8,48.5,1,0,3.7,3.42,2,Arts,Bachelor,0,1,0
21,0,31868.0,5.38,92.8,44.3,1,1,5.7,4.0,1,Business,Bachelor,0,1,3
19,1,25000.0,2.95,80.3,41.5,0,0,4.4,3.87,1,Business,Master,0,2,3
25,1,38404.0,2.9,88.7,32.8,1,0,7.8,0.88,1,Business,PhD,1,3,3
22,0,72699.0,5.19,77.9,38.6,1,0,3.3,3.55,1,Science,Master,0,2,4
18,1,27197.0,4.0,85.7,25.1,1,0,6.7,2.42,3,Engineering,Bachelor,0,1,1
22,0,32148.0,4.16,69.6,27.3,0,1,6.6,1.54,1,Business,High School,0,0,3
18,0,99793.0,2.51,64.4,50.7,1,1,7.1,2.29,1,Science,High School,0,0,4
22,0,25000.0,3.38,80.3,23.3,1,0,5.9,2.77,3,Business,Master,0,2,3
23,0,60763.0,3.47,81.8,22.4,0,0,4.9,1.16,2,CS,Bachelor,0,1,2
19,0,56529.0,3.37,81.2,25.7,1,0,9.8,1.06,2,Business,Bachelor,1,1,3
23,0,49642.0,6.79,79.7,23.4,0,0,3.9,2.18,3,Science,Master,0,2,4
21,0,64541.0,6.76,78.8,24.4,1,0,6.8,2.62,3,CS,Bachelor,0,1,2
22,0,35184.0,5.48,87.4,32.9,0,1,5.5,3.08,1,Arts,High School,0,0,0
25,1,25000.0,4.13,96.3,33.3,1,0,6.1,2.24,3,Engineering,Bachelor,1,1,1
20,1,57339.0,3.24,100.0,40.9,1,1,6.1,4.0,2,Arts,Bachelor,0,1,0
19,0,58671.0,2.65,90.8,56.3,0,0,3.6,3.81,3,Arts,Bachelor,0,1,0
19,0,57710.0,4.44,63.7,25.6,0,1,3.1,0.97,3,Science,Bachelor,0,1,4
19,0,30537.0,5.66,90.4,29.2,0,1,3.2,3.73,4,Engineering,Bachelor,0,1,1
20,1,25000.0,5.01,90.3,7.9,1,0,4.7,3.7,2,CS,Bachelor,0,1,2
21,1,33350.0,4.13,81.2,14.5,0,1,5.9,0.8,1,Engineering,High School,0,0,1
21,0,52331.0,4.87,89.4,28.2,1,1,4.3,3.54,3,Engineering,High School,0,0,1
22,0,54974.0,3.98,84.9,35.6,1,0,2.9,2.68,1,Science,Master,0,2,4
21,0,25000.0,3.64,81.9,35.9,1,0,7.2,2.23,2,Business,Bachelor,0,1,3
24,0,35926.0,2.68,84.0,37.4,1,0,2.7,1.71,2,Business,High School,0,0,3
20,1,25000.0,3.57,77.6,45.1,1,0,6.4,1.99,4,Business,Bachelor,0,1,3
27,1,53689.0,4.39,67.3,50.5,0,0,4.1,3.54,3,Business,Bachelor,0,1,3
22,0,25000.0,3.46,67.0,27.1,1,1,7.7,0.29,1,Engineering,Bachelor,1,1,1
19,1,47627.0,2.51,89.3,20.4,1,0,4.6,2.11,3,Science,High School,0,0,4
18,0,25000.0,4.15,73.8,37.9,1,0,2.3,2.26,1,Arts,Bachelor,0,1,0
22,0,55207.0,4.39,69.8,41.2,1,0,5.4,2.8,2,Business,High School,0,0,3
20,1,36066.0,3.52,69.6,31.6,0,1,4.0,1.77,2,Science,Bachelor,0,1,4
22,1,25000.0,3.97,78.2,27.9,1,1,7.0,2.32,2,Engineering,Master,0,2,1
22,0,45018.0,0.71,94.1,24.0,1,1,6.1,1.41,3,Arts,Master,0,2,0
20,0,25000.0,4.96,80.8,29.5,0,0,4.4,3.43,2,CS,High School,0,0,2
19,1,46618.0,4.37,70.6,38.3,1,1,3.7,4.0,2,Arts,Bachelor,0,1,0
17,1,25224.0,5.84,93.9,22.0,0,0,3.5,3.73,4,Engineering,Bachelor,0,1,1
20,0,25000.0,3.72,84.6,20.4,1,0,4.4,2.51,1,Business,High School,0,0,3
22,0,25000.0,4.95,79.2,37.2,1,0,8.0,2.01,4,Business,High School,0,0,3
21,0,25000.0,5.53,85.9,19.8,1,0,5.2,2.67,1,CS,PhD,0,3,2
18,1,67570.0,4.03,82.1,31.8,0,1,7.2,2.29,4,CS,Master,0,2,2
21,1,51056.0,4.45,76.3,31.2,0,0,2.8,2.97,3,Science,High School,0,0,4
21,0,78772.0,4.19,77.6,30.0,1,0,2.0,2.95,1,Arts,High School,0,0,0
19,1,80192.0,1.92,72.1,22.3,0,1,3.8,3.22,4,Arts,Bachelor,0,1,0
21,1,25000.0,4.5,78.2,50.8,0,1,6.7,0.19,4,Business,High School,1,0,3
21,0,26553.0,2.78,89.4,34.8,1,0,5.0,3.24,3,Arts,High School,0,0,0
18,0,25000.0,2.88,89.2,23.8,0,0,7.1,1.4,1,Arts,High School,0,0,0
21,1,25000.0,4.68,80.6,34.0,1,0,7.8,2.15,2,Engineering,Master,0,2,1
22,1,25000.0,5.68,80.7,52.0,0,0,3.8,2.07,1,Science,Master,1,2,4
23,1,29471.0,5.02,73.7,31.1,1,0,7.0,2.07,1,Science,Bachelor,0,1,4
23,1,25000.0,4.76,85.2,48.4,0,1,8.0,2.97,3,Arts,Bachelor,0,1,0
18,0,29129.0,4.44,70.9,16.2,1,0,7.4,2.25,1,CS,High School,0,0,2
18,0,105817.0,5.13,88.7,19.8,1,0,2.6,2.11,4,CS,High School,0,0,2
22,1,25000.0,6.19,85.3,5.0,1,1,2.2,3.82,2,Arts,High School,0,0,0
22,0,33418.0,3.25,79.9,53.7,1,0,4.7,2.01,4,Business,Master,0,2,3
22,1,51225.0,3.29,85.5,9.6,0,0,4.8,1.56,1,Arts,High School,0,0,0
29,1,35178.0,4.95,79.3,32.1,0,0,7.0,2.65,3,Business,Bachelor,0,1,3
22,1,35436.0,1.78,83.5,50.9,1,0,3.8,2.73,2,Engineering,Master,0,2,1
23,0,25000.0,3.87,83.7,41.7,1,0,6.2,1.29,2,Engineering,Master,0,2,1
23,1,25871.0,4.34,91.3,34.5,1,1,3.6,3.81,4,Arts,Bachelor,0,1,0
22,1,25000.0,3.29,85.9,45.4,1,0,6.1,1.5,2,Arts,Bachelor,1,1,0
20,1,49396.0,1.51,90.4,22.0,0,1,4.7,2.44,1,Arts,High School,1,0,0
22,0,25000.0,5.8,85.1,36.2,1,1,6.1,4.0,4,Science,Master,0,2,4
19,0,53245.0,3.22,81.5,28.6,0,1,4.8,2.23,3,Arts,Bachelor,0,1,0
20,0,25000.0,3.28,86.1,28.4,0,0,1.5,3.33,1,Engineering,PhD,0,3,1
19,0,52974.0,5.73,84.8,32.3,0,0,6.4,1.72,1,Engineering,Bachelor,0,1,1
21,0,25000.0,0.5,79.1,44.1,1,0,7.6,1.27,1,Business,High School,0,0,3
26,1,25000.0,5.96,70.7,48.8,0,0,4.0,1.77,1,Arts,Bachelor,0,1,0
17,1,42091.0,6.89,77.8,26.8,0,0,7.0,3.46,3,Engineering,High School,0,0,1
22,1,51910.0,2.84,77.8,16.9,0,0,4.4,2.43,4,CS,Bachelor,0,1,2
17,1,25000.0,3.36,86.4,20.2,0,1,3.1,2.8,1,CS,High School,0,0,2
20,0,45815.0,4.63,81.5,53.4,1,1,4.4,4.0,1,Arts,Bachelor,0,1,0
23,1,25000.0,4.33,75.5,47.8,1,1,5.2,2.55,3,CS,Master,1,2,2
21,0,25000.0,5.28,80.7,16.9,1,1,3.1,3.7,4,Business,Bachelor,0,1,3
18,0,64566.0,4.65,79.4,49.9,1,1,7.9,3.86,4,Science,Bachelor,0,1,4
19,0,25999.0,5.08,74.6,21.5,1,0,2.7,3.86,2,Business,High School,0,0,3
22,1,25000.0,8.47,93.7,38.0,0,1,4.5,3.94,4,CS,Master,0,2,2
19,1,25000.0,1.93,80.5,21.5,0,0,3.8,2.81,1,Arts,High School,0,0,0
21,0,25000.0,5.75,75.7,56.0,1,0,7.9,2.68,2,Business,High School,0,0,3
21,1,26915.0,5.92,68.7,23.2,1,0,2.8,3.07,4,Engineering,Master,0,2,1
19,0,25000.0,2.57,82.7,17.4,1,0,7.0,0.78,2,Engineering,Master,0,2,1
25,0,33102.0,2.96,86.1,24.5,0,0,5.9,1.98,3,Engineering,Bachelor,0,1,1
22,1,28519.0,4.65,76.8,61.5,1,0,3.3,4.0,1,CS,Master,0,2,2
17,1,67228.0,2.38,83.1,33.1,0,0,4.9,2.09,3,Business,Master,1,2,3
21,1,38358.0,3.2,73.3,17.7,0,0,5.2,1.83,2,Business,Bachelor,1,1,3
19,1,39128.0,4.31,80.2,20.5,1,0,6.6,2.65,3,Business,Bachelor,0,1,3
22,1,59820.0,3.11,90.7,9.0,0,0,4.3,3.71,2,CS,Bachelor,0,1,2
19,1,25000.0,3.7,80.1,36.5,0,0,6.6,0.91,3,Science,PhD,1,3,4
20,1,25000.0,2.87,76.8,15.0,0,0,5.6,0.88,3,Engineering,Bachelor,0,1,1
22,1,61340.0,2.77,92.7,43.3,0,0,6.3,0.27,2,Arts,High School,1,0,0
22,1,32257.0,4.61,83.6,39.5,0,1,3.9,3.07,3,Engineering,Master,0,2,1
18,1,32325.0,3.87,78.0,28.8,0,0,5.1,1.62,4,Engineering,PhD,0,3,1
20,0,25000.0,4.16,75.1,44.8,1,0,5.7,0.08,4,Engineering,PhD,0,3,1
20,1,25000.0,4.92,72.8,41.1,1,0,5.6,1.36,3,Arts,Master,1,2,0
19,0,49416.0,4.24,85.4,31.9,1,1,5.4,2.0,2,CS,High School,1,0,2
24,0,53680.0,3.56,88.1,20.8,1,0,9.3,1.54,1,Arts,Bachelor,1,1,0
21,1,47586.0,2.86,82.0,35.0,0,0,6.5,3.48,1,Arts,Master,0,2,0
18,0,47848.0,4.58,80.4,34.9,0,0,6.8,2.82,4,Arts,High School,0,0,0
23,0,29219.0,3.935,71.7,35.9,1,0,5.5,3.07,3,CS,High School,0,0,2
25,1,32174.0,5.14,70.7,30.9,1,0,6.5,2.17,4,Business,Bachelor,1,1,3
23,0,26763.0,2.04,82.6,33.9,0,0,5.9,0.44,2,Science,Bachelor,1,1,4
17,0,61463.0,1.37,82.1,33.6,1,0,8.8,0.02,4,Arts,Bachelor,1,1,0
19,1,25000.0,3.04,85.3,46.3,1,0,5.4,1.85,3,Engineering,Master,0,2,1
23,0,37123.0,2.0,85.8,14.7,0,0,7.0,2.43,4,CS,Master,0,2,2
19,0,25000.0,2.33,78.7,18.0,1,1,9.3,0.41,2,Science,Master,1,2,4
22,0,25000.0,0.91,96.8,30.9,0,0,6.7,1.58,2,Arts,Master,0,2,0
22,1,31202.0,3.915,73.3,20.9,1,1,5.5,1.74,1,Science,High School,0,0,4
19,1,25000.0,2.49,78.2,32.5,0,0,4.2,3.9,1,Business,Bachelor,0,1,3
20,1,47988.0,2.48,88.9,16.6,0,0,4.6,3.74,3,Engineering,Bachelor,0,1,1
17,0,25000.0,3.14,76.9,18.5,1,0,6.2,1.74,3,Arts,High School,1,0,0
18,1,28377.0,4.065,82.9,54.7,0,1,5.5,2.44,2,CS,Bachelor,1,1,2
20,1,32193.0,3.66,77.7,27.2,0,0,6.6,2.29,1,Business,High School,0,0,3
18,0,25000.0,2.18,78.9,15.9,1,1,4.8,3.96,2,Arts,PhD,0,3,0
24,1,25000.0,5.28,71.6,28.6,0,0,5.0,2.39,3,Engineering,Master,0,2,1
17,1,34663.0,4.36,88.1,42.4,1,0,5.2,3.18,3,Science,Bachelor,0,1,4
20,1,38455.0,4.54,88.3,44.5,1,0,3.1,4.0,3,Business,High School,0,0,3
21,0,26302.0,3.43,88.2,12.5,1,0,4.7,1.55,2,Engineering,Bachelor,0,1,1
24,0,44629.0,5.4,78.6,20.8,1,1,4.6,3.93,2,Arts,High School,0,0,0
17,0,27845.0,4.64,84.7,32.7,1,0,10.0,0.22,2,Business,Bachelor,1,1,3
23,0,29977.0,4.25,98.0,29.6,0,0,7.2,1.19,3,Engineering,High School,1,0,1
21,1,34579.0,5.3,84.3,10.8,1,0,3.6,3.71,4,Science,Master,0,2,4
18,0,51855.0,1.83,72.8,12.7,0,0,2.7,1.02,1,Engineering,Bachelor,0,1,1
22,1,25000.0,4.25,75.2,17.2,0,0,3.1,1.13,4,Business,Bachelor,1,1,3
21,0,25000.0,3.13,74.8,8.7,0,1,8.0,2.67,3,Business,Bachelor,0,1,3
19,0,25000.0,3.06,92.6,24.5,0,0,3.1,3.04,3,CS,High School,0,0,2
21,1,25000.0,5.04,85.2,44.3,0,0,8.4,2.05,3,Business,Bachelor,0,1,3
20,0,69964.0,5.78,69.4,22.0,1,1,5.9,3.94,4,Engineering,High School,0,0,1
21,1,41925.0,5.65,92.4,43.0,0,0,5.1,3.42,2,Engineering,Master,0,2,1
22,0,25000.0,4.01,86.5,30.4,0,0,3.4,3.96,2,CS,Bachelor,0,1,2
24,0,25000.0,3.58,83.4,27.8,1,1,7.8,2.11,3,Arts,High School,0,0,0
18,1,37185.0,5.61,94.1,10.0,1,0,6.5,3.27,3,Engineering,Bachelor,0,1,1
25,1,25000.0,2.72,80.2,44.0,1,0,7.1,2.6,3,CS,PhD,0,3,2
17,0,25000.0,6.21,92.9,31.4,1,0,5.0,1.85,3,Arts,High School,1,0,0
20,0,66634.0,3.5,64.3,10.8,0,1,6.7,0.28,4,Science,High School,0,0,4
22,1,25000.0,3.94,76.1,34.6,1,1,8.2,2.32,3,Arts,Bachelor,0,1,0
21,1,52723.0,3.31,88.3,22.9,0,0,6.6,1.89,2,Business,Master,0,2,3
19,1,63145.0,4.05,95.4,30.7,1,1,3.6,2.25,3,Business,High School,0,0,3
20,0,29794.5,4.095000000000001,72.3,32.9,1,1,5.5,1.31,1,Business,Master,0,2,3
19,1,25000.0,3.52,78.7,44.6,1,0,6.9,1.19,4,CS,Bachelor,1,1,2
19,0,25193.0,4.2,83.3,16.5,1,0,8.5,1.95,4,Arts,High School,0,0,0
22,0,25000.0,3.86,74.5,36.9,1,0,6.6,3.74,1,Science,Bachelor,0,1,4
21,1,31972.0,0.76,79.9,45.9,1,1,7.5,1.85,1,Arts,Bachelor,0,1,0
19,0,26281.0,7.22,94.7,60.2,1,1,6.6,3.07,4,Business,Master,0,2,3
23,0,36914.0,6.06,73.7,42.6,0,1,3.1,4.0,1,Engineering,High School,0,0,1
21,0,68745.0,2.49,80.1,34.3,1,0,7.0,2.32,4,Arts,High School,1,0,0
22,0,48557.0,3.19,84.2,33.3,0,0,5.7,3.66,2,CS,High School,0,0,2
22,1,39877.0,3.78,85.7,48.6,1,1,9.1,2.04,1,Business,Master,0,2,3
19,1,25000.0,4.86,75.1,26.6,1,1,2.9,2.49,2,Science,High School,0,0,4
19,0,38794.0,4.61,80.6,39.6,0,0,3.5,2.18,2,Science,High School,0,0,4
22,0,83581.0,2.57,79.7,56.3,1,0,6.8,1.14,1,CS,Bachelor,0,1,2
22,1,30258.0,4.265000000000001,84.4,28.7,1,0,5.5,2.32,4,Engineering,PhD,0,3,1
21,1,29590.0,3.995,72.6,5.8,1,1,5.5,1.46,3,Engineering,Bachelor,0,1,1
21,0,27021.0,6.35,92.2,19.7,0,0,5.3,3.93,3,Arts,Bachelor,0,1,0
23,1,25000.0,3.21,84.1,33.5,1,0,5.9,2.44,2,Arts,High School,0,0,0
19,1,48083.0,5.37,90.5,20.0,1,0,4.6,3.09,2,Arts,High School,0,0,0
22,0,82936.0,4.49,77.4,25.8,1,0,7.3,3.39,2,CS,Master,0,2,2
20,0,47341.0,2.89,72.2,26.5,1,1,4.6,1.32,1,Engineering,Master,1,2,1
20,0,25000.0,4.76,74.4,36.7,1,0,6.8,1.0,4,Arts,High School,0,0,0
23,1,29803.5,3.73,87.6,18.6,0,0,5.5,4.0,2,Arts,High School,0,0,0
22,0,32428.0,5.2,78.5,23.0,1,1,8.6,0.0,4,Engineering,High School,1,0,1
22,1,50207.0,2.99,69.0,46.9,1,0,1.7,3.17,1,CS,Bachelor,0,1,2
23,0,25000.0,3.89,83.4,24.2,1,0,3.6,2.05,3,Engineering,High School,0,0,1
21,1,25000.0,5.05,79.4,38.7,1,1,9.6,1.84,3,Engineering,Bachelor,0,1,1
22,0,161652.0,1.62,79.6,30.2,1,0,5.7,0.12,1,Business,High School,1,0,3
20,1,56794.0,2.5,68.3,29.7,1,0,4.3,2.09,2,Arts,High School,0,0,0
21,1,59283.0,4.05,69.9,38.9,0,0,3.2,1.57,4,Engineering,Bachelor,0,1,1
20,0,25000.0,4.23,77.6,7.7,0,0,4.7,2.53,3,Arts,Bachelor,0,1,0
21,0,25000.0,3.88,74.6,35.3,1,1,6.0,2.7,1,Engineering,PhD,0,3,1
22,0,28377.0,3.75,62.400000000000006,36.6,0,1,5.5,3.61,4,Engineering,Bachelor,0,1,1
19,1,25000.0,3.87,88.7,40.2,0,0,6.1,3.42,2,Science,Bachelor,0,1,4
25,1,77671.0,5.33,73.5,25.5,1,0,2.3,1.92,3,CS,Master,0,2,2
18,0,69299.0,4.42,74.8,30.0,1,1,5.8,2.67,4,Engineering,High School,0,0,1
18,0,25000.0,2.55,77.8,5.0,1,0,6.1,3.95,3,Engineering,Bachelor,0,1,1
23,0,86712.0,4.21,74.3,22.0,1,0,6.1,2.59,4,Engineering,Bachelor,0,1,1
22,1,29657.0,3.9,80.3,32.1,0,1,5.6,2.1,4,CS,Bachelor,0,1,2
22,1,140594.0,3.13,90.2,47.6,0,0,3.3,2.17,1,CS,Bachelor,0,1,2
22,1,32429.0,2.03,79.7,52.1,1,1,3.8,1.4,2,Business,High School,0,0,3
21,0,42012.0,2.47,84.1,25.9,1,0,7.7,2.89,1,CS,High School,0,0,2
19,0,68868.0,2.9,63.4,40.5,1,1,4.1,2.17,1,Arts,Bachelor,1,1,0
21,1,63996.0,5.38,82.7,28.2,0,0,4.2,4.0,1,Arts,Bachelor,0,1,0
19,0,29684.0,3.87,93.8,10.6,1,0,5.5,1.31,2,Arts,Bachelor,1,1,0
23,1,27318.0,5.59,82.8,37.3,1,0,3.3,2.36,3,Engineering,Bachelor,0,1,1
20,0,40477.0,2.67,83.0,52.0,0,0,6.6,1.75,3,Science,Master,0,2,4
19,0,25000.0,3.08,84.3,25.4,0,1,3.2,3.07,2,CS,Bachelor,0,1,2
20,1,32574.0,3.27,94.5,19.1,1,0,7.5,0.37,4,CS,Bachelor,1,1,2
21,1,25000.0,3.62,92.8,30.8,0,0,3.1,3.54,3,Engineering,Bachelor,0,1,1
19,1,25000.0,4.31,73.8,28.5,1,0,5.0,2.3,2,Business,Master,0,2,3
19,0,30646.0,4.81,91.6,61.3,0,0,6.1,3.49,2,Science,Bachelor,0,1,4
21,0,63409.0,5.63,93.0,42.1,0,1,6.9,1.89,3,Arts,High School,1,0,0
21,1,51817.0,1.14,68.3,31.6,0,1,5.1,2.37,2,Engineering,Bachelor,0,1,1
19,1,28307.0,6.63,82.2,5.0,0,0,4.2,3.81,4,Engineering,Bachelor,0,1,1
20,1,84812.0,2.62,86.2,28.3,0,1,8.1,0.35,4,Business,High School,0,0,3
21,0,25000.0,4.13,59.6,52.2,1,0,5.8,2.02,2,Arts,Master,1,2,0
17,1,30604.5,4.4,76.6,31.0,0,0,5.5,2.19,2,Engineering,Bachelor,0,1,1
17,1,25000.0,4.83,76.3,39.9,1,0,2.2,3.27,3,Science,Bachelor,0,1,4
19,1,25000.0,5.46,76.8,34.7,1,1,5.8,3.11,1,CS,Bachelor,0,1,2
20,1,48532.0,5.32,90.4,24.2,0,0,5.5,3.09,3,Engineering,High School,0,0,1
21,0,25000.0,4.54,81.5,50.3,0,1,3.1,3.18,4,Engineering,High School,0,0,1
24,1,39206.0,4.98,85.4,32.3,1,0,4.1,3.6,4,Arts,Bachelor,0,1,0
22,1,79839.0,2.39,82.7,21.5,0,1,5.7,3.08,3,Engineering,Bachelor,0,1,1
20,1,25000.0,3.08,100.0,30.3,1,0,6.3,3.06,3,Business,Bachelor,0,1,3
21,1,39620.0,2.73,90.0,47.1,1,0,3.7,2.4,2,CS,Bachelor,1,1,2
18,1,41084.0,0.92,81.9,12.2,0,0,3.7,1.07,2,Business,Bachelor,1,1,3
21,1,25000.0,2.78,79.9,33.2,1,1,5.7,3.32,4,Business,High School,0,0,3
20,0,67005.0,2.65,76.4,30.9,1,1,4.0,3.31,4,CS,High School,0,0,2
21,0,25019.0,2.79,74.2,11.5,0,1,5.1,2.24,2,CS,Bachelor,0,1,2
19,0,25000.0,4.87,72.4,39.2,0,0,8.7,0.92,2,Business,High School,1,0,3
22,0,29718.0,3.98,89.9,33.1,1,1,5.5,0.95,1,CS,Bachelor,0,1,2
24,0,40687.0,5.1,74.8,40.5,1,1,7.3,1.54,2,Science,Bachelor,1,1,4
20,0,51801.0,1.96,87.1,43.7,0,1,3.3,2.32,2,Arts,High School,0,0,0
21,0,67033.0,3.15,78.0,29.3,0,0,4.1,0.0,2,Arts,High School,1,0,0
22,0,25000.0,3.49,76.0,23.3,0,0,4.1,3.19,3,Science,Bachelor,0,1,4
20,0,62937.0,5.54,79.4,12.9,0,0,3.5,3.82,2,CS,Bachelor,0,1,2
21,0,25000.0,4.08,96.3,22.3,0,0,2.3,3.96,4,Science,Bachelor,0,1,4
21,1,30885.0,4.17,100.0,30.1,0,1,5.5,3.07,4,Arts,High School,0,0,0
21,1,25256.0,2.57,79.1,18.4,1,0,6.2,1.6,4,Arts,Bachelor,1,1,0
19,0,25000.0,5.11,78.3,37.0,1,0,3.8,3.54,4,Engineering,Master,0,2,1
21,1,48693.0,3.92,89.6,19.2,1,0,4.2,2.67,3,Business,High School,0,0,3
22,1,34903.0,1.72,83.2,8.8,1,0,5.6,1.69,3,Engineering,High School,1,0,1
24,0,25000.0,4.91,76.8,23.1,0,0,5.5,1.15,1,CS,Master,0,2,2
23,1,44565.0,4.38,85.9,32.2,0,0,7.4,2.43,1,Arts,Bachelor,0,1,0
25,1,25207.0,3.55,88.1,14.9,1,0,7.5,1.52,2,CS,Bachelor,0,1,2
19,1,25000.0,3.55,80.1,19.3,1,0,4.3,3.89,3,Arts,Bachelor,0,1,0
22,0,30614.0,2.61,80.3,22.4,1,0,5.4,0.45,2,Arts,High School,1,0,0
21,1,39265.0,5.51,95.7,24.0,0,1,3.7,2.04,3,Arts,High School,0,0,0
25,0,37568.0,4.95,75.4,33.6,1,0,8.2,1.22,1,Engineering,Bachelor,0,1,1
19,1,25000.0,2.62,77.7,37.7,0,0,6.0,1.77,2,Business,Bachelor,1,1,3
19,1,49428.0,4.07,78.3,24.3,1,1,7.3,3.85,4,Arts,High School,0,0,0
19,1,26019.0,3.08,95.6,17.5,0,0,4.8,3.44,4,Business,High School,0,0,3
17,1,25000.0,2.34,66.2,31.6,1,0,7.3,1.33,4,Science,High School,0,0,4
19,0,25000.0,6.02,88.6,36.2,0,1,6.8,2.52,4,Business,High School,1,0,3
19,1,53632.0,3.54,81.8,49.4,1,1,7.8,0.41,3,CS,Bachelor,0,1,2
21,1,29954.0,2.91,96.5,43.8,1,0,3.1,2.75,1,Engineering,Master,1,2,1
21,0,33743.0,2.45,84.8,14.9,1,1,5.6,2.79,2,Science,Master,0,2,4
25,1,55686.0,3.69,64.8,28.3,1,1,7.5,1.08,3,CS,Master,1,2,2
23,0,30604.5,4.12,94.9,35.5,0,0,5.5,2.11,1,Engineering,Bachelor,0,1,1
19,0,25000.0,3.8,80.1,19.8,1,0,6.4,0.83,4,Business,Bachelor,0,1,3
19,1,31004.0,5.57,65.7,25.8,1,0,6.5,2.3,3,Science,High School,0,0,4
22,0,35767.0,5.21,78.8,38.1,0,0,6.8,1.52,1,Engineering,Master,0,2,1
18,1,25395.0,4.63,82.3,33.0,1,0,6.1,3.28,4,CS,Master,0,2,2
25,0,71987.0,7.13,73.6,30.0,0,0,6.6,2.38,1,Arts,High School,0,0,0
23,0,25000.0,4.33,69.7,22.2,1,0,6.3,0.97,2,Business,PhD,1,3,3
20,1,58223.0,2.82,84.4,12.7,1,0,7.6,2.82,1,CS,Master,0,2,2
17,0,47796.0,5.09,72.0,26.3,1,0,4.2,3.6,1,CS,Bachelor,0,1,2
24,1,39107.0,4.18,73.8,28.9,0,0,6.1,2.35,4,CS,Bachelor,0,1,2
20,1,25000.0,4.05,92.9,12.4,1,0,7.7,2.38,2,Engineering,Bachelor,0,1,1
23,1,64237.0,4.38,79.4,30.6,0,0,4.1,1.53,3,Business,High School,0,0,3
17,1,25000.0,3.49,72.3,34.7,1,1,4.3,4.0,4,Arts,High School,0,0,0
19,1,25000.0,6.43,74.8,21.7,1,1,6.4,3.75,1,Business,High School,0,0,3
21,0,26840.0,1.88,85.1,34.8,1,1,8.0,2.51,2,Science,Bachelor,0,1,4
21,1,37966.0,5.06,85.4,33.3,1,1,5.3,2.29,2,CS,Master,0,2,2
20,0,43637.0,4.17,87.3,26.3,1,1,5.7,1.67,3,Arts,Bachelor,0,1,0
22,1,50803.0,4.59,88.4,25.0,1,1,6.2,2.39,4,Science,Bachelor,0,1,4
18,1,48509.0,3.51,84.7,26.0,1,0,4.6,3.71,3,Arts,Master,0,2,0
20,1,34605.0,5.97,86.9,19.7,0,1,9.4,2.19,1,Engineering,Master,0,2,1
21,1,38160.0,5.15,78.2,34.1,0,0,3.8,2.5,4,Science,Bachelor,0,1,4
22,1,25000.0,3.0,73.1,19.9,1,0,5.7,1.58,2,Engineering,High School,0,0,1
22,1,25000.0,5.46,92.9,20.6,1,1,5.7,2.19,1,CS,Bachelor,0,1,2
18,1,50883.0,4.39,89.0,36.0,1,1,1.6,3.9,1,Engineering,Bachelor,0,1,1
17,0,49135.0,3.24,79.7,27.1,1,1,4.0,3.64,2,Science,High School,0,0,4
23,0,45903.0,1.8,76.7,30.7,1,1,3.1,1.77,2,Science,High School,0,0,4
21,0,25000.0,5.0,100.0,9.5,1,0,6.8,1.47,3,Engineering,Bachelor,0,1,1
19,1,51344.0,3.06,74.8,23.7,0,0,2.5,2.29,1,Engineering,Bachelor,0,1,1
24,0,30604.5,3.56,83.8,50.2,0,0,5.5,1.71,1,Science,Bachelor,0,1,4
21,0,56750.0,5.9,76.6,8.6,0,0,3.4,3.37,2,Science,Master,0,2,4
23,0,25425.0,2.95,78.7,51.0,1,1,7.2,2.0,3,Business,Bachelor,0,1,3
21,1,81675.0,5.75,76.0,33.1,0,0,3.0,2.84,3,Business,Bachelor,0,1,3
25,1,25000.0,2.51,64.7,23.6,1,0,6.3,0.7,2,Engineering,Master,0,2,1
24,0,85652.0,5.93,85.1,27.5,0,0,7.2,1.94,3,Arts,High School,0,0,0
20,0,25000.0,6.37,87.3,44.8,0,1,6.5,2.13,2,Science,Bachelor,0,1,4
23,0,25000.0,5.17,76.7,5.0,1,0,3.3,3.13,4,CS,Bachelor,0,1,2
22,0,33420.0,4.57,100.0,47.0,0,1,7.5,3.73,2,Business,Bachelor,0,1,3
24,0,25000.0,5.16,84.3,33.2,1,1,6.5,3.31,2,Engineering,Master,0,2,1
18,1,28470.0,3.56,83.3,42.1,1,0,1.3,4.0,2,CS,Bachelor,0,1,2
22,1,25000.0,2.27,85.1,9.0,1,1,5.7,0.35,2,Science,Master,0,2,4
23,0,25000.0,3.04,77.3,27.3,1,0,10.0,1.03,1,Arts,Bachelor,1,1,0
17,0,39820.0,6.97,74.2,5.0,1,0,7.5,1.7,1,CS,Bachelor,0,1,2
18,0,25000.0,2.49,75.9,44.4,0,1,4.6,2.46,1,Science,Master,0,2,4
17,0,25000.0,5.25,77.6,18.2,1,1,6.5,3.53,2,Business,High School,0,0,3
20,0,25000.0,3.86,86.5,18.0,0,0,4.8,3.42,2,Engineering,Bachelor,0,1,1
22,0,25000.0,3.54,79.0,6.8,0,0,7.3,1.09,4,Engineering,Bachelor,0,1,1
24,0,65314.0,6.2,86.9,35.3,0,0,4.0,1.19,1,Engineering,High School,0,0,1
21,1,25000.0,4.12,71.9,30.9,1,0,7.7,0.85,2,CS,Bachelor,1,1,2
24,1,25000.0,5.21,76.8,21.0,1,1,7.2,2.32,3,Science,High School,1,0,4
18,1,33401.0,7.12,76.3,33.2,1,1,6.7,0.43,1,CS,Bachelor,1,1,2
17,0,25000.0,3.73,51.5,20.6,1,1,9.2,0.65,4,Arts,High School,1,0,0
20,1,30604.5,3.73,63.3,8.9,0,0,5.5,1.74,2,Arts,Bachelor,1,1,0
21,1,26970.0,4.92,73.7,25.6,1,0,7.3,1.84,2,Science,High School,1,0,4
20,0,36357.0,3.58,85.7,49.7,1,1,7.5,1.66,1,CS,Bachelor,1,1,2
17,0,52379.0,4.64,87.9,41.7,0,1,6.8,1.07,2,Engineering,Bachelor,1,1,1
20,1,51779.0,5.47,70.8,35.5,0,0,6.3,1.96,1,Science,High School,0,0,4
18,0,34200.0,5.02,80.0,32.9,1,0,4.3,3.83,1,Arts,High School,0,0,0
22,0,26993.0,4.15,71.8,25.6,1,0,4.3,1.32,4,CS,PhD,0,3,2
21,1,100149.0,0.5,84.6,38.8,1,1,6.3,2.2,3,Engineering,Bachelor,0,1,1
18,1,28005.0,2.12,76.5,36.8,1,0,6.6,1.51,4,Business,High School,0,0,3
19,0,25000.0,6.38,77.7,29.0,0,0,5.5,2.44,4,Science,High School,1,0,4
18,1,25000.0,2.76,80.3,32.4,0,0,4.6,4.0,3,Science,Bachelor,0,1,4
20,1,25000.0,5.52,84.3,10.7,1,1,5.3,3.15,1,Business,High School,0,0,3
23,0,48677.0,2.41,82.4,24.2,0,1,5.4,3.6,4,Engineering,Master,0,2,1
18,1,25000.0,2.75,85.1,15.7,0,1,6.0,3.33,4,Business,Bachelor,0,1,3
22,0,29631.0,4.88,87.8,15.5,1,0,5.1,1.93,2,Engineering,PhD,0,3,1
19,0,26294.0,6.02,80.9,35.6,1,0,7.6,1.9,2,Engineering,Bachelor,0,1,1
19,1,114003.0,4.85,73.7,14.8,1,0,5.3,3.71,1,Business,Bachelor,0,1,3
20,0,25000.0,4.46,69.2,39.2,1,1,4.3,3.35,2,Arts,High School,0,0,0
18,0,25000.0,2.23,75.9,42.4,1,0,5.4,1.9,2,CS,Bachelor,0,1,2
19,0,27401.0,1.23,83.8,29.3,0,1,3.5,2.74,1,Arts,High School,0,0,0
18,1,26410.0,3.44,70.9,22.7,1,0,9.1,2.5,4,Arts,High School,0,0,0
25,1,25000.0,4.2,90.6,42.4,1,0,6.7,1.06,3,Science,High School,1,0,4
21,0,28322.0,3.93,73.6,36.6,0,0,5.5,0.38,1,Arts,High School,1,0,0
19,1,25000.0,6.87,81.1,44.3,1,0,8.0,2.01,4,Arts,Bachelor,0,1,0
21,0,36839.0,2.0,93.8,17.0,1,1,5.1,2.8,3,Engineering,Bachelor,0,1,1
20,1,25000.0,3.6,80.5,26.9,1,0,5.4,1.74,3,Arts,High School,0,0,0
20,0,29276.0,6.17,73.3,27.4,1,1,4.2,1.95,3,Arts,Bachelor,0,1,0
22,1,25000.0,4.85,61.9,32.5,1,0,3.8,1.91,3,CS,High School,0,0,2
22,1,54708.0,2.58,85.2,37.5,1,0,5.9,3.99,2,CS,Bachelor,0,1,2
19,1,85237.0,1.12,84.5,31.7,1,1,7.4,2.61,2,Science,Bachelor,0,1,4
19,0,25000.0,3.49,86.6,46.0,1,0,3.9,2.38,4,Business,Bachelor,0,1,3
20,1,68489.0,2.68,82.9,25.5,1,1,5.1,2.81,2,Business,High School,0,0,3
17,0,25000.0,3.42,77.7,17.4,1,1,5.1,2.1,2,Engineering,Master,0,2,1
17,1,25000.0,6.97,75.7,22.0,1,0,6.9,2.64,2,Engineering,Bachelor,0,1,1
24,0,84757.0,2.68,82.3,20.5,1,0,4.7,2.09,3,Business,Bachelor,0,1,3
24,0,40638.0,3.16,89.9,24.5,0,0,6.9,3.76,3,Engineering,Master,0,2,1
20,0,29812.0,5.19,58.3,26.8,1,0,6.8,0.01,4,CS,Master,1,2,2
22,0,44905.0,4.38,89.5,27.3,0,0,4.3,2.32,3,Engineering,High School,1,0,1
21,1,35050.0,5.95,79.7,32.8,1,0,5.0,3.6,1,Science,Bachelor,0,1,4
27,1,28523.0,5.06,80.7,24.5,0,1,5.6,3.32,2,Engineering,High School,0,0,1
23,1,25000.0,3.1,87.6,42.6,1,0,4.7,1.91,2,Engineering,High School,0,0,1
20,1,25278.0,4.67,80.6,6.7,1,0,3.9,3.56,4,CS,Bachelor,0,1,2
18,1,43215.0,4.15,83.8,5.0,1,0,8.2,1.44,2,CS,Master,0,2,2
17,0,27621.0,1.71,68.9,42.0,1,1,2.3,1.47,3,Science,High School,0,0,4
21,0,31202.0,3.98,79.8,41.1,1,1,5.5,2.89,1,CS,High School,0,0,2
19,0,37429.0,2.62,86.1,44.9,1,0,8.0,1.24,4,Engineering,Bachelor,0,1,1
17,0,25000.0,3.86,78.9,37.6,0,0,4.0,1.44,2,Arts,Master,0,2,0
19,0,25000.0,3.39,79.3,30.0,0,0,5.5,3.27,4,Engineering,Master,0,2,1
18,0,29219.0,3.87,83.3,26.9,1,0,5.5,2.04,2,Arts,High School,0,0,0
24,0,25000.0,4.25,85.4,10.8,1,0,1.0,3.36,3,Business,Bachelor,0,1,3
22,0,36381.0,4.75,94.2,31.8,1,1,5.4,2.18,2,Science,High School,0,0,4
21,1,25000.0,3.38,85.5,12.8,1,1,2.7,2.41,4,CS,Bachelor,1,1,2
24,0,25000.0,5.41,92.8,59.6,1,0,7.2,2.36,4,Business,Bachelor,0,1,3
21,1,55929.0,3.12,81.2,17.6,1,1,4.1,1.86,1,Engineering,High School,0,0,1
19,1,32498.0,3.31,63.1,29.1,0,0,8.7,0.56,3,Business,High School,1,0,3
24,1,25000.0,1.76,78.6,48.1,0,0,3.8,2.85,2,Science,Bachelor,0,1,4
22,0,30049.0,4.3,75.5,25.6,0,1,6.3,2.45,1,Science,Bachelor,0,1,4
18,0,68006.0,5.98,81.5,25.7,1,1,3.9,1.46,4,CS,High School,0,0,2
20,0,35464.0,3.68,79.4,5.0,0,0,5.1,2.67,4,CS,Master,1,2,2
19,0,42437.0,6.29,84.1,14.3,1,1,5.5,2.58,2,Business,High School,1,0,3
18,0,25000.0,2.58,76.6,36.7,1,0,5.5,2.45,4,CS,Master,0,2,2
23,1,29803.5,3.73,83.7,50.1,0,0,5.5,1.17,2,Arts,High School,0,0,0
25,1,119475.0,5.81,85.0,19.3,0,1,8.1,0.91,2,CS,Bachelor,1,1,2
17,1,25000.0,3.78,82.3,32.4,1,0,4.2,2.15,1,Engineering,Bachelor,0,1,1
22,0,25000.0,2.73,70.3,62.5,0,0,5.6,2.81,1,Arts,Bachelor,1,1,0
19,0,33035.0,4.34,89.2,36.8,1,1,3.4,3.75,1,CS,Master,0,2,2
19,1,50277.0,4.43,87.0,41.7,1,0,3.0,3.1,4,Business,Bachelor,0,1,3
19,0,28146.0,5.23,80.5,20.8,1,0,4.3,3.66,4,CS,High School,0,0,2
19,1,25000.0,3.57,67.5,48.6,1,0,8.5,0.0,4,Business,Bachelor,1,1,3
21,1,27857.0,2.24,84.4,21.7,0,0,2.5,2.13,3,Science,PhD,0,3,4
19,0,42568.0,3.64,77.8,19.6,0,1,6.5,2.33,4,Engineering,Bachelor,1,1,1
21,0,31202.0,3.885,62.6,47.8,1,1,5.5,2.66,2,CS,High School,0,0,2
20,0,42803.0,5.46,81.4,22.4,0,1,4.2,2.53,3,Arts,Bachelor,0,1,0
20,0,59804.0,2.04,93.6,30.0,0,1,6.7,0.51,3,Business,High School,0,0,3
19,0,34342.0,3.51,83.2,49.5,1,1,6.7,0.6,2,Arts,Bachelor,1,1,0
19,0,29238.0,4.38,81.1,19.0,0,1,5.4,1.59,3,CS,High School,0,0,2
22,0,48904.0,6.01,77.8,27.2,0,1,5.2,2.27,1,Business,Bachelor,1,1,3
22,0,25000.0,3.13,82.2,22.7,1,1,5.1,3.16,4,Science,High School,0,0,4
18,1,25000.0,2.94,82.0,26.1,0,0,4.0,1.57,4,CS,Bachelor,1,1,2
21,0,29590.0,3.885,86.8,30.5,1,1,5.5,1.89,2,CS,Bachelor,0,1,2
22,1,25000.0,1.04,77.7,46.1,1,0,4.6,0.09,4,Science,Bachelor,0,1,4
17,1,25000.0,3.26,75.5,49.7,1,0,5.8,2.22,2,Arts,Master,0,2,0
22,1,89168.0,4.77,78.5,31.9,0,0,4.4,1.36,2,Engineering,Bachelor,0,1,1
19,1,109447.0,4.46,81.3,21.3,1,0,4.3,3.88,3,Arts,Bachelor,0,1,0
22,0,25000.0,4.26,81.8,38.1,0,0,4.5,2.57,3,Engineering,High School,0,0,1
19,0,31415.0,1.87,81.9,30.1,1,0,7.8,2.6,1,Arts,High School,0,0,0
17,1,26564.0,2.34,74.1,30.5,1,1,3.0,1.75,4,Science,Bachelor,0,1,4
17,1,57786.0,5.75,81.3,17.6,1,0,8.7,2.12,1,Engineering,Master,0,2,1
21,1,65081.0,3.88,87.5,10.6,0,0,6.9,2.54,3,Arts,Bachelor,1,1,0
21,1,25000.0,3.72,92.2,29.8,0,0,2.7,3.11,4,Science,PhD,0,3,4
19,0,39561.0,2.97,89.9,17.2,1,0,4.5,4.0,1,CS,Master,0,2,2
22,0,25000.0,4.02,81.5,23.6,1,0,2.6,0.47,4,CS,Bachelor,0,1,2
17,0,85388.0,3.37,80.7,47.8,1,1,6.7,0.29,1,Arts,Bachelor,0,1,0
20,0,38721.0,5.11,91.9,29.2,1,0,7.8,1.49,1,CS,Bachelor,0,1,2
18,0,25000.0,2.63,81.1,43.3,0,0,5.9,1.38,3,CS,High School,1,0,2
19,1,25725.0,5.09,88.9,33.6,0,0,7.7,1.93,3,CS,High School,1,0,2
21,1,25000.0,6.14,81.8,37.0,1,0,5.8,3.01,2,Engineering,High School,1,0,1
19,0,40744.0,4.8,62.8,23.4,1,0,7.2,1.99,3,Science,High School,1,0,4
20,1,55556.0,2.4,87.3,43.8,0,0,6.0,1.55,3,Arts,Bachelor,1,1,0
23,1,25000.0,5.07,89.7,33.7,1,0,5.5,2.41,4,CS,Master,0,2,2
19,1,89613.0,3.36,79.4,26.8,0,0,6.9,1.58,3,Engineering,Master,1,2,1
22,0,77918.0,3.32,72.7,33.7,0,0,5.2,0.84,2,Business,Bachelor,0,1,3
18,1,25000.0,4.18,94.2,21.4,1,0,8.1,1.73,2,Arts,Bachelor,0,1,0
22,1,31060.0,3.68,80.8,26.5,0,1,4.9,3.56,1,Science,Master,0,2,4
24,0,82991.0,3.4,79.2,29.3,0,0,6.5,0.69,4,Arts,Bachelor,0,1,0
17,0,62302.0,4.89,85.6,23.7,1,1,4.2,3.65,1,Arts,Bachelor,1,1,0
19,1,25000.0,4.15,100.0,48.7,1,0,2.7,3.41,3,Business,High School,0,0,3
22,0,48465.0,1.51,85.9,25.0,0,1,6.1,1.38,3,Business,High School,0,0,3
20,0,179570.0,5.33,83.4,55.0,0,0,2.3,4.0,4,Engineering,High School,0,0,1
21,0,31669.0,5.56,82.6,30.8,1,1,9.4,1.56,2,Business,PhD,1,3,3
19,1,25000.0,4.78,95.2,27.2,0,1,4.9,3.68,1,Engineering,Bachelor,0,1,1
21,1,32973.0,4.86,86.2,23.9,0,0,5.4,2.32,3,CS,Master,0,2,2
20,0,34473.0,3.71,88.9,35.1,0,1,4.9,0.64,2,Business,High School,0,0,3
23,0,25000.0,2.44,84.4,40.7,0,1,5.8,3.06,2,Business,Bachelor,1,1,3
21,1,38753.0,4.23,86.3,5.0,1,1,6.1,3.04,2,Science,High School,0,0,4
21,1,25000.0,6.01,79.8,30.1,1,0,4.0,3.89,1,Business,High School,0,0,3
20,1,25000.0,4.35,83.4,6.1,1,0,1.0,4.0,2,Business,Master,0,2,3
19,0,46861.0,6.16,76.5,41.8,1,0,3.5,3.14,3,Science,High School,0,0,4
20,0,25000.0,6.22,77.9,42.0,1,1,4.6,4.0,2,Arts,Bachelor,0,1,0
21,0,51118.0,3.95,85.9,30.5,0,0,6.0,3.34,2,Arts,Bachelor,0,1,0
20,1,25000.0,3.4,76.4,32.5,1,0,5.8,1.7,1,Arts,High School,0,0,0
21,0,25000.0,3.44,83.0,12.8,1,0,6.9,0.84,1,Business,Bachelor,1,1,3
25,0,25000.0,3.84,79.1,23.4,0,0,2.5,4.0,2,Business,PhD,0,3,3
22,0,35317.0,2.73,73.0,22.7,1,0,3.9,1.83,4,Business,Bachelor,1,1,3
20,0,65852.0,4.72,83.8,24.6,1,1,4.7,4.0,4,CS,Master,0,2,2
23,1,30779.0,5.24,88.2,40.5,1,1,8.2,0.56,4,Engineering,Master,1,2,1
20,0,25644.0,1.59,71.5,45.4,0,0,10.0,0.0,1,Business,Bachelor,1,1,3
17,1,42098.0,6.32,86.9,37.3,0,0,3.1,3.93,4,CS,Bachelor,0,1,2
18,1,25000.0,3.31,73.1,26.1,0,0,7.5,2.97,3,Science,Bachelor,0,1,4
17,0,29803.5,4.24,92.8,21.0,0,0,5.5,2.69,4,Business,High School,0,0,3
20,1,25000.0,4.4,86.5,31.1,1,0,6.5,3.99,2,Business,High School,0,0,3
21,1,31243.0,2.91,71.5,33.6,0,0,3.1,2.66,2,Science,Master,0,2,4
24,1,27504.0,3.23,88.8,27.3,1,1,7.9,1.54,3,Engineering,High School,0,0,1
21,0,25000.0,2.92,77.1,22.1,0,0,1.5,3.99,1,Business,High School,0,0,3
20,0,32828.0,4.0,74.3,37.4,1,1,3.1,1.94,1,Business,Master,0,2,3
22,0,32700.0,3.24,87.8,38.6,1,0,5.0,2.61,1,Arts,Bachelor,0,1,0
17,1,60191.0,4.49,91.7,14.3,1,0,4.4,3.96,1,Business,Bachelor,0,1,3
21,1,28160.0,3.965,70.8,25.4,1,0,5.5,2.56,4,Science,Master,1,2,4
22,1,28406.0,4.58,79.0,39.3,0,0,4.3,2.71,2,Business,Bachelor,0,1,3
17,0,25000.0,2.53,83.4,41.9,0,1,4.9,1.94,2,Engineering,Bachelor,0,1,1
23,0,50104.0,5.31,77.3,30.8,1,1,5.2,2.34,2,Engineering,Bachelor,0,1,1
21,1,46740.0,5.06,80.6,34.4,1,1,5.1,2.53,2,Science,Bachelor,0,1,4
20,0,40325.0,1.22,85.3,33.0,1,1,5.8,1.23,2,Engineering,Bachelor,0,1,1
22,1,28160.0,4.125,55.6,41.5,1,0,5.5,3.33,1,CS,Master,0,2,2
26,0,50579.0,0.61,85.6,16.7,1,0,4.1,0.48,3,Engineering,High School,0,0,1
21,0,25000.0,2.48,70.7,33.2,1,1,7.9,1.86,2,Business,Master,1,2,3
21,0,25000.0,5.34,71.8,19.3,1,1,5.6,2.02,1,CS,Bachelor,1,1,2
20,0,25000.0,3.3,87.2,43.1,0,0,7.8,2.85,3,Science,Bachelor,0,1,4
19,0,29141.0,6.03,75.2,17.3,0,0,4.9,2.55,3,Business,High School,0,0,3
22,0,44583.0,4.92,74.1,34.9,1,0,3.9,0.53,1,Engineering,Master,1,2,1
19,0,25000.0,3.44,79.6,19.4,1,0,5.6,3.55,1,Engineering,High School,0,0,1
21,0,65752.0,3.25,77.3,39.0,1,0,10.0,0.83,3,Business,Master,0,2,3
19,0,32166.0,5.95,83.9,35.3,1,0,3.0,2.56,1,CS,PhD,0,3,2
22,1,25000.0,3.38,83.4,32.9,0,0,6.7,0.0,3,Arts,Bachelor,1,1,0
21,0,31589.0,1.58,74.1,53.5,1,1,5.8,1.91,4,Engineering,High School,0,0,1
23,1,57269.0,2.79,68.3,21.6,0,0,6.2,0.0,2,Science,Bachelor,1,1,4
19,1,42602.0,4.16,80.4,41.1,1,1,3.3,1.33,2,Science,Master,1,2,4
20,1,57494.0,2.98,90.8,44.1,1,0,6.3,3.62,1,Engineering,Master,0,2,1
18,1,25000.0,7.11,81.5,41.1,1,1,6.0,2.8,3,Science,Bachelor,0,1,4
20,0,25000.0,3.16,79.2,21.9,0,0,2.8,3.62,3,Engineering,Master,0,2,1
21,1,25000.0,3.19,95.8,27.2,1,0,5.7,0.88,1,Engineering,Master,0,2,1
22,1,83329.0,2.72,88.0,22.7,0,1,5.1,1.33,2,Engineering,High School,0,0,1
19,1,43635.0,5.15,68.2,26.4,0,1,4.9,1.56,2,Engineering,Bachelor,1,1,1
22,0,164096.0,3.64,79.8,19.9,1,0,5.4,0.14,4,Science,Master,1,2,4
24,0,25000.0,5.06,83.8,25.6,1,0,7.5,2.71,2,Business,Bachelor,0,1,3
21,0,25000.0,5.5,73.5,47.6,0,0,6.3,3.36,4,Engineering,High School,0,0,1
25,1,27291.0,4.47,79.7,26.2,1,0,3.6,2.84,4,Arts,High School,0,0,0
19,1,67983.0,4.4,82.2,31.3,1,1,6.4,1.86,1,CS,High School,0,0,2
18,0,25000.0,2.44,80.2,21.3,1,0,5.4,1.56,2,Engineering,High School,0,0,1
17,1,32038.0,2.03,72.3,29.8,1,0,4.4,0.66,1,Engineering,Bachelor,0,1,1
24,1,31509.0,2.05,93.7,39.9,1,0,3.3,1.35,1,Engineering,Bachelor,0,1,1
22,0,30446.0,4.09,84.1,35.9,1,0,7.0,3.43,1,Business,Bachelor,0,1,3
20,1,25000.0,7.0,75.1,47.0,1,0,4.5,2.96,3,Business,Bachelor,0,1,3
21,1,27382.0,3.26,89.0,15.5,1,0,7.1,0.04,4,Engineering,High School,1,0,1
18,0,26687.0,5.33,81.4,20.9,1,0,3.6,2.84,3,CS,Master,0,2,2
26,1,29598.0,4.68,89.9,25.0,1,1,9.1,1.19,1,CS,High School,1,0,2
21,0,52371.0,4.04,81.2,48.3,0,0,10.0,1.31,2,Engineering,PhD,1,3,1
21,1,85509.0,3.68,70.2,33.6,0,1,6.5,1.32,4,Engineering,PhD,1,3,1
22,1,25000.0,3.44,73.5,13.0,1,1,7.8,0.05,4,CS,High School,1,0,2
22,1,25000.0,3.42,91.1,43.1,1,1,4.7,3.58,2,Science,Bachelor,0,1,4
21,0,25000.0,4.79,90.3,31.3,1,0,4.5,3.25,4,Arts,High School,0,0,0
19,0,33265.0,5.12,71.4,40.7,1,0,7.6,3.02,4,Arts,Bachelor,0,1,0
22,0,30885.0,4.53,93.1,49.0,0,1,5.5,2.35,2,Engineering,High School,0,0,1
25,1,34334.0,3.43,90.2,18.3,1,0,3.0,4.0,1,Science,High School,0,0,4
24,0,29794.5,4.245,76.9,49.0,1,1,5.5,1.3,3,Business,Master,0,2,3
24,1,29794.5,3.59,81.4,29.1,1,1,5.5,2.35,3,Business,Master,0,2,3
19,0,39937.0,5.14,64.4,25.0,0,0,5.2,1.93,4,Science,Bachelor,0,1,4
18,0,25000.0,5.92,76.4,31.9,1,1,7.4,2.36,3,Engineering,Master,0,2,1
20,0,39193.0,2.94,80.3,15.7,1,1,8.1,2.03,4,Business,Bachelor,0,1,3
21,1,25000.0,3.2,84.5,29.8,1,1,6.0,1.86,2,Science,Bachelor,0,1,4
23,1,60947.0,6.15,81.1,27.1,1,1,7.9,0.77,1,Engineering,Bachelor,0,1,1
17,0,51430.0,5.72,83.1,18.7,0,0,4.7,0.9,4,Arts,High School,0,0,0
24,0,41815.0,2.71,74.3,22.2,1,1,8.6,2.15,1,Science,Bachelor,0,1,4
20,1,47855.0,2.84,84.6,43.7,1,0,4.2,2.81,4,Business,Bachelor,0,1,3
20,0,25000.0,4.33,95.5,27.9,1,0,4.0,2.09,2,Arts,Master,0,2,0
18,1,25000.0,5.61,85.5,18.2,1,0,4.7,2.99,1,Science,High School,0,0,4
17,1,46698.0,2.82,82.3,35.4,1,0,4.2,3.1,3,Business,Bachelor,0,1,3
22,1,25000.0,4.11,76.1,39.2,0,1,6.4,2.2,1,Science,Bachelor,0,1,4
21,1,70783.0,5.42,79.1,30.0,0,0,7.8,0.2,4,Science,Bachelor,1,1,4
18,1,25000.0,3.74,71.5,15.2,1,0,5.5,0.0,4,Science,Bachelor,1,1,4
18,1,40180.0,3.9,70.4,5.0,1,1,6.1,1.08,2,Science,High School,0,0,4
20,1,104773.0,5.85,81.4,19.2,0,0,3.0,2.7,2,CS,Master,0,2,2
24,1,25000.0,3.46,86.4,42.7,1,0,5.7,2.24,2,CS,High School,0,0,2
20,0,30985.0,5.65,75.2,41.6,0,1,8.7,1.81,4,Business,Bachelor,0,1,3
17,0,55967.0,3.81,91.6,20.4,0,1,8.0,1.95,3,Business,High School,0,0,3
20,0,52616.0,2.59,77.5,27.2,0,1,3.5,1.73,1,Engineering,High School,0,0,1
20,1,25000.0,4.72,81.3,38.4,0,0,4.7,2.81,2,Arts,Bachelor,0,1,0
17,0,25000.0,3.2,89.6,28.3,1,0,10.0,2.81,1,Arts,Bachelor,0,1,0
20,0,25851.0,2.48,79.5,41.2,1,0,6.3,1.54,4,CS,Bachelor,0,1,2
20,0,70878.0,6.55,87.0,28.8,1,1,8.2,2.53,1,Arts,Bachelor,0,1,0
22,0,25148.0,4.55,86.6,35.8,1,0,8.4,1.32,3,Science,Master,0,2,4
25,1,31159.0,3.59,76.6,26.1,0,0,3.5,2.48,2,CS,Bachelor,1,1,2
23,1,25000.0,3.61,76.8,20.6,1,0,6.8,0.45,1,Science,Bachelor,1,1,4
20,1,45403.0,5.99,91.8,44.0,1,1,5.8,2.39,2,Arts,High School,0,0,0
18,0,32641.0,6.09,92.6,12.0,1,1,8.6,2.49,1,Science,High School,0,0,4
26,1,25000.0,3.29,87.0,22.8,0,1,9.0,0.54,4,CS,Bachelor,1,1,2
21,0,25000.0,4.34,75.1,28.9,1,1,4.0,3.52,1,CS,Bachelor,0,1,2
21,1,25000.0,3.52,88.9,40.3,1,0,10.0,1.08,4,Engineering,High School,1,0,1
20,0,25000.0,5.0,79.8,19.5,0,1,5.8,2.41,3,Science,Master,1,2,4
21,0,47876.0,3.54,71.9,31.5,0,0,6.6,2.13,1,Engineering,Master,0,2,1
20,0,65792.0,1.49,76.9,13.4,0,0,1.0,2.11,3,Science,High School,0,0,4
19,0,44861.0,2.66,80.2,35.3,0,0,7.3,1.52,3,Science,Master,0,2,4
19,1,41472.0,5.35,90.7,51.9,1,0,1.6,4.0,3,Business,High School,0,0,3
20,0,27559.0,3.06,75.6,6.5,1,1,5.2,1.3,1,Arts,High School,0,0,0
19,0,47332.0,5.02,74.3,21.3,1,1,4.5,3.17,3,Arts,Master,1,2,0
19,0,35305.0,4.48,78.1,40.0,1,0,6.3,2.79,4,Arts,Bachelor,0,1,0
21,1,87787.0,3.07,81.0,65.3,1,0,5.8,0.67,3,CS,High School,1,0,2
20,0,28027.0,3.8,87.4,37.1,0,1,6.6,0.0,3,Science,Master,1,2,4
24,1,66556.0,3.19,86.6,21.2,1,1,7.7,1.22,1,Business,PhD,1,3,3
17,1,29590.0,3.88,64.0,28.2,1,1,5.5,3.85,3,Arts,Bachelor,0,1,0
23,0,46225.0,1.68,79.2,15.3,1,1,5.1,0.76,3,Science,PhD,1,3,4
23,0,25000.0,3.85,83.0,39.7,0,1,4.0,3.13,1,Business,High School,0,0,3
17,0,51923.0,3.25,75.0,42.6,1,1,3.8,2.76,4,Business,High School,0,0,3
20,1,27543.0,4.1,75.8,46.9,0,0,9.0,2.13,4,Business,High School,1,0,3
20,0,29718.0,4.06,87.0,26.0,1,0,5.5,3.94,1,Science,Bachelor,0,1,4
17,0,25000.0,4.81,87.5,20.3,1,1,4.0,4.0,3,Engineering,High School,0,0,1
19,1,29633.0,3.26,80.6,47.9,0,0,9.4,0.75,1,Arts,Bachelor,0,1,0
18,1,30337.0,3.16,85.2,46.6,1,1,5.3,1.78,1,CS,High School,0,0,2
24,0,25000.0,3.8,85.7,18.1,1,1,5.4,0.0,2,CS,Bachelor,1,1,2
23,1,25000.0,5.42,73.2,25.5,0,0,6.2,0.57,3,Engineering,Master,1,2,1
23,0,39814.0,3.33,73.3,39.5,1,0,3.3,3.21,4,Engineering,High School,0,0,1
22,0,50163.0,3.11,78.9,27.0,0,1,3.8,1.86,3,Engineering,High School,0,0,1
18,0,33329.0,2.57,76.5,30.4,0,0,4.4,1.39,1,Business,High School,0,0,3
19,1,59308.0,4.66,77.2,12.4,0,0,7.4,1.38,2,Arts,Bachelor,0,1,0
22,0,28231.0,3.62,81.2,16.5,0,0,6.7,4.0,4,Science,Bachelor,0,1,4
18,1,28779.0,2.69,81.3,28.9,1,1,4.4,2.0,1,CS,Bachelor,0,1,2
22,1,25000.0,2.96,61.5,21.6,1,1,5.3,1.64,1,Science,High School,1,0,4
20,0,25000.0,4.87,82.8,16.2,1,0,6.9,1.79,2,Business,Master,0,2,3
20,1,90472.0,4.19,80.0,26.2,0,1,1.2,3.2,1,Science,High School,0,0,4
22,0,58617.0,3.13,83.8,19.5,0,0,6.0,2.02,2,Engineering,Bachelor,0,1,1
22,1,25000.0,4.75,76.9,30.3,1,0,6.9,3.48,3,Science,Bachelor,0,1,4
20,1,32645.0,5.35,76.9,41.9,1,0,3.8,3.62,3,Science,High School,0,0,4
23,0,28000.0,4.85,78.9,26.4,0,1,6.7,2.34,3,Business,Bachelor,1,1,3
18,0,25225.0,4.27,90.5,24.9,0,0,5.5,2.42,1,Business,High School,0,0,3
22,0,25000.0,6.18,78.7,42.9,0,1,8.8,0.64,3,Science,Bachelor,0,1,4
22,0,37375.0,5.72,90.9,38.8,0,0,4.6,3.64,1,Arts,High School,0,0,0
20,0,48577.0,4.08,89.8,39.6,0,0,6.6,2.14,4,Science,High School,0,0,4
21,0,37852.0,5.31,79.3,5.0,1,1,2.9,3.67,4,Arts,High School,0,0,0
18,1,27659.0,4.85,77.9,24.6,0,0,5.6,3.73,2,Science,High School,0,0,4
23,0,27056.0,3.31,78.2,23.1,0,0,7.0,0.62,3,Science,High School,1,0,4
20,1,52161.0,6.08,80.8,20.1,1,0,4.6,3.28,1,Science,Bachelor,0,1,4
19,1,39264.0,6.19,77.5,42.6,1,1,7.5,3.01,3,CS,Bachelor,0,1,2
23,0,31058.0,5.56,87.9,23.5,1,0,7.2,1.89,1,Science,Master,0,2,4
19,1,29099.0,4.82,76.8,13.3,0,0,5.8,3.11,3,Arts,High School,0,0,0
17,0,36577.0,5.23,88.9,33.0,1,0,5.0,2.64,4,Science,Bachelor,1,1,4
17,0,25000.0,3.56,74.5,29.9,1,0,1.0,2.83,2,CS,Master,0,2,2
22,1,48675.0,5.42,68.7,18.9,0,0,4.3,1.62,2,Business,Bachelor,0,1,3
18,0,25000.0,2.32,67.6,42.2,0,1,7.5,0.13,2,Science,Bachelor,1,1,4
24,1,25000.0,3.58,77.7,36.4,0,0,5.0,2.95,4,Engineering,Bachelor,0,1,1
17,1,42902.0,0.74,75.5,36.3,1,1,6.3,1.63,1,CS,Master,1,2,2
24,1,25000.0,4.52,75.2,35.8,1,0,4.7,2.84,2,CS,Bachelor,0,1,2
21,1,25000.0,5.34,89.9,43.1,0,0,2.9,3.65,1,Engineering,High School,0,0,1
20,1,30879.0,6.14,76.1,28.1,0,0,6.8,2.61,2,Arts,Bachelor,0,1,0
19,0,25000.0,3.72,66.3,15.1,1,0,3.3,2.83,2,Arts,Master,0,2,0
21,0,29684.0,4.19,86.5,27.5,1,0,5.5,3.43,1,CS,Bachelor,0,1,2
20,1,46815.0,3.98,92.7,10.1,0,0,6.2,1.86,4,Engineering,Bachelor,0,1,1
23,0,26295.0,6.35,85.6,17.3,1,0,4.3,3.76,2,Engineering,Bachelor,0,1,1
21,0,64299.0,4.43,76.6,49.4,0,1,8.3,1.47,1,Business,Master,1,2,3
21,0,25000.0,6.41,83.4,16.8,1,0,9.1,0.52,4,Business,Bachelor,1,1,3
20,1,28103.0,5.62,75.6,15.9,1,1,4.0,4.0,1,Arts,PhD,0,3,0
20,0,37788.0,4.98,74.2,38.0,1,0,4.1,3.87,4,Business,Bachelor,0,1,3
21,1,25000.0,3.28,80.4,40.4,1,1,4.7,4.0,2,CS,Master,0,2,2
17,0,55219.0,2.59,81.5,10.0,0,1,7.6,1.63,3,CS,High School,0,0,2
18,0,40393.0,4.12,80.4,33.0,1,0,6.4,3.29,4,Science,Bachelor,0,1,4
22,0,25000.0,4.13,95.4,23.4,1,1,6.9,3.67,2,CS,Bachelor,0,1,2
21,0,29067.0,2.49,82.3,34.0,1,0,7.9,0.06,2,Business,High School,1,0,3
20,1,37480.0,5.41,89.7,26.4,0,1,3.9,3.39,1,Engineering,High School,0,0,1
21,0,25000.0,4.24,99.9,13.6,1,1,6.4,2.88,1,Business,Master,0,2,3
21,0,25000.0,4.76,78.2,24.2,0,0,5.6,3.03,3,CS,Bachelor,0,1,2
19,1,35139.0,6.21,83.2,37.5,0,0,6.3,3.55,1,Arts,High School,0,0,0
19,0,112055.0,2.99,88.5,53.3,0,0,7.6,0.72,1,Science,Master,1,2,4
21,0,25000.0,1.29,83.0,34.7,0,1,5.2,2.91,4,Science,Bachelor,0,1,4
18,0,76233.0,3.24,79.8,25.3,1,0,4.2,3.77,2,CS,Bachelor,0,1,2
21,1,25000.0,6.25,100.0,15.8,0,0,3.6,3.84,1,Business,Bachelor,0,1,3
17,1,29803.5,3.75,91.6,28.1,0,0,5.5,0.29,4,Arts,High School,1,0,0
23,0,47236.0,3.75,65.2,25.5,1,0,5.4,3.73,1,Business,Bachelor,0,1,3
22,0,29718.0,4.35,92.9,33.7,1,0,5.5,1.8,2,Engineering,Bachelor,1,1,1
21,0,25000.0,3.99,94.8,29.3,1,0,8.0,1.21,2,Business,High School,0,0,3
23,0,45967.0,3.26,91.6,35.8,0,0,2.4,0.57,2,Arts,Bachelor,0,1,0
24,1,92492.0,3.36,88.0,25.7,0,0,2.7,4.0,4,Engineering,Bachelor,0,1,1
23,1,35609.0,5.36,94.4,50.5,1,0,4.9,2.57,4,CS,Bachelor,0,1,2
17,0,25000.0,7.37,89.1,37.0,0,1,4.5,3.68,3,Engineering,Bachelor,0,1,1
18,1,26533.0,2.9,86.6,21.5,0,1,6.1,2.47,1,CS,Bachelor,0,1,2
19,0,134837.0,3.3,83.1,42.0,1,1,2.0,3.82,2,CS,Bachelor,0,1,2
21,0,32239.0,3.27,73.4,16.1,1,0,6.1,1.78,3,Engineering,High School,0,0,1
22,0,25000.0,6.07,71.0,19.7,1,0,7.8,0.8,2,Business,Master,1,2,3
19,0,25000.0,4.99,88.2,20.4,1,0,3.7,1.57,1,Science,Bachelor,0,1,4
21,1,25000.0,3.67,88.0,45.9,1,0,4.8,2.69,4,Arts,High School,0,0,0
19,0,36981.0,3.35,81.7,27.9,0,0,4.1,2.12,4,Science,Bachelor,0,1,4
19,0,44037.0,6.03,75.1,22.5,0,1,6.1,1.9,4,Arts,Bachelor,0,1,0
17,1,25000.0,4.05,73.0,32.0,0,1,3.6,4.0,4,CS,High School,0,0,2
19,1,29467.0,3.95,79.1,36.5,1,1,3.3,2.0,3,Arts,High School,0,0,0
18,1,25000.0,1.19,87.6,49.1,1,1,5.2,2.25,3,Arts,Bachelor,0,1,0
18,1,32201.0,5.03,99.9,12.0,1,1,6.1,3.77,3,Business,Bachelor,0,1,3
23,0,39692.0,3.99,81.8,45.2,0,0,5.8,2.0,3,Engineering,Bachelor,0,1,1
18,1,25000.0,4.14,84.3,5.2,0,1,4.7,3.19,4,Science,Master,0,2,4
26,1,81983.0,4.13,91.0,40.9,1,1,6.7,3.77,1,Arts,High School,0,0,0
22,1,25000.0,5.22,81.5,44.0,1,0,5.9,1.34,4,Arts,Bachelor,1,1,0
21,1,35245.0,1.1,84.9,44.6,0,0,3.4,1.19,1,CS,Bachelor,0,1,2
19,0,49464.0,2.44,88.6,36.8,1,0,1.0,3.97,4,Engineering,Bachelor,0,1,1
22,1,28385.0,6.55,90.8,17.2,0,1,6.4,1.05,2,Business,High School,1,0,3
19,0,26553.0,2.41,82.4,39.0,0,0,5.0,2.46,4,Arts,Bachelor,0,1,0
21,0,25000.0,3.01,78.2,17.2,0,0,3.5,2.86,2,Business,Bachelor,0,1,3
26,0,67131.0,5.63,83.6,18.7,1,1,8.4,3.8,2,Science,Bachelor,0,1,4
20,1,26851.0,4.07,68.4,24.5,1,0,8.4,0.81,4,CS,Master,1,2,2
23,0,29590.0,4.09,69.3,25.6,1,1,5.5,1.92,4,CS,Bachelor,0,1,2
19,1,29803.5,4.4,73.9,32.9,0,0,5.5,3.99,2,Engineering,High School,0,0,1
20,0,25000.0,3.25,95.6,21.7,1,0,1.0,3.78,2,Business,High School,0,0,3
24,1,26410.0,3.3,89.4,34.0,0,1,7.6,2.73,3,Science,Master,0,2,4
19,0,66217.0,4.99,61.5,13.5,0,0,3.8,2.63,2,CS,Master,1,2,2
25,1,25000.0,4.21,93.1,30.5,0,0,4.5,3.77,1,Arts,Bachelor,0,1,0
22,1,106591.0,5.34,93.7,26.7,1,0,7.1,3.02,3,Business,High School,0,0,3
19,0,25000.0,3.16,74.6,42.2,1,0,9.2,2.29,4,Business,Bachelor,1,1,3
22,0,25000.0,4.26,78.8,43.4,0,1,8.3,2.83,4,Arts,High School,0,0,0
23,1,32189.0,3.91,93.5,28.0,0,1,5.8,3.61,1,Business,High School,0,0,3
22,1,111861.0,3.49,82.4,6.5,1,1,6.8,2.03,4,Science,Bachelor,0,1,4
17,1,25000.0,2.33,77.3,12.3,0,0,3.5,2.52,2,Engineering,Bachelor,0,1,1
19,0,27320.0,3.45,76.0,43.5,1,0,2.6,1.59,1,Science,Master,0,2,4
20,1,39567.0,3.3,100.0,28.3,1,1,7.4,0.81,4,CS,Bachelor,0,1,2
20,0,30339.0,5.63,88.3,51.0,1,1,6.1,3.52,4,Arts,Master,0,2,0
22,1,37390.0,4.74,79.8,40.8,1,0,2.9,1.44,1,Engineering,Bachelor,0,1,1
21,1,25000.0,4.58,93.4,33.1,1,0,5.4,2.03,3,CS,Master,0,2,2
18,0,25000.0,3.76,81.3,31.5,0,1,6.6,3.32,4,CS,Bachelor,0,1,2
21,1,27199.0,2.84,91.7,16.2,0,0,7.1,3.07,3,Engineering,High School,0,0,1
22,1,25000.0,4.29,86.6,22.4,0,1,6.6,3.16,3,CS,Master,0,2,2
22,1,28946.0,5.84,79.3,35.0,1,1,4.8,1.55,1,CS,PhD,0,3,2
23,0,25000.0,2.88,86.0,25.9,1,0,4.0,1.08,3,Business,High School,1,0,3
22,0,25000.0,4.59,86.3,35.6,0,0,5.7,3.3,2,Science,High School,1,0,4
22,1,36037.0,3.41,88.4,42.4,1,0,6.9,1.91,3,Arts,Master,0,2,0
20,0,25000.0,3.99,95.0,27.8,0,0,7.1,1.25,1,Business,High School,0,0,3
17,0,25914.0,3.8,99.7,24.8,1,0,8.3,2.62,2,Engineering,High School,0,0,1
21,1,119421.0,4.58,85.3,19.2,0,1,5.6,3.52,2,Engineering,Master,0,2,1
21,0,25000.0,3.8,66.7,40.0,1,0,3.5,0.02,2,Engineering,Bachelor,1,1,1
21,1,64299.0,3.35,89.0,39.0,0,0,7.5,0.82,3,Arts,Master,0,2,0
18,0,30724.0,1.95,79.9,56.2,1,0,5.6,2.52,2,Science,Bachelor,1,1,4
18,0,30604.5,3.95,68.5,32.1,0,0,5.5,3.45,2,Engineering,Bachelor,0,1,1
23,1,28377.0,3.91,87.5,28.8,0,1,5.5,2.21,4,CS,Bachelor,0,1,2
20,1,32332.0,4.08,85.5,35.6,1,1,8.0,2.48,4,CS,High School,0,0,2
22,1,71114.0,3.91,75.6,26.5,1,1,6.2,1.28,3,Engineering,Bachelor,0,1,1
21,1,25000.0,5.93,72.5,19.4,1,0,8.1,1.32,3,CS,Bachelor,1,1,2
21,1,29219.0,4.265000000000001,78.2,31.1,1,0,5.5,0.84,4,Engineering,High School,0,0,1
23,0,54515.0,5.39,86.0,35.5,1,0,4.2,2.39,1,CS,High School,0,0,2
19,0,36480.0,4.44,75.7,36.3,1,0,7.0,2.36,2,CS,High School,1,0,2
21,0,25000.0,4.13,87.3,35.3,1,0,4.9,3.23,1,CS,High School,0,0,2
20,1,31550.0,2.63,78.6,42.8,1,0,7.7,1.85,1,Business,Master,0,2,3
20,0,73669.0,1.52,86.4,36.2,1,0,5.8,1.78,2,Business,Bachelor,1,1,3
20,0,29081.0,5.78,84.5,33.2,1,0,7.7,2.62,1,Science,High School,0,0,4
21,0,25000.0,4.15,61.5,14.8,1,0,6.6,1.95,3,Business,High School,0,0,3
19,0,37531.0,8.41,82.9,33.0,1,0,3.9,3.26,3,Engineering,Master,0,2,1
23,0,26395.0,3.24,80.7,27.9,0,1,1.9,4.0,3,Science,Bachelor,0,1,4
19,1,25000.0,4.56,76.1,16.5,1,0,6.9,2.69,4,Science,Master,0,2,4
20,0,25000.0,5.33,71.9,36.0,0,0,6.5,1.7,4,CS,Master,0,2,2
20,1,53373.0,3.15,80.3,36.2,0,0,3.7,1.1,3,Arts,Master,0,2,0
24,1,25000.0,3.65,79.2,35.1,1,0,6.9,1.94,4,Arts,Bachelor,1,1,0
21,0,25000.0,3.75,87.2,36.7,1,0,8.0,3.54,1,Arts,High School,0,0,0
23,1,29104.0,3.47,80.8,31.5,1,0,4.2,3.0,1,CS,Bachelor,0,1,2
17,0,25000.0,4.52,82.7,27.0,1,0,2.0,3.52,4,Business,High School,0,0,3
21,1,31572.0,4.07,84.6,51.2,0,0,7.2,1.92,4,Engineering,High School,1,0,1
23,1,26327.0,1.35,78.3,31.8,0,0,7.8,1.46,2,Arts,Bachelor,1,1,0
21,1,25000.0,4.14,74.0,5.0,0,0,4.2,2.64,4,Business,Master,0,2,3
23,1,25000.0,4.49,99.7,5.0,0,0,6.9,4.0,1,Engineering,Bachelor,0,1,1
19,0,38780.0,3.95,81.4,44.5,1,0,6.1,0.67,2,Science,High School,1,0,4
24,0,30490.0,6.14,80.3,8.0,1,0,5.3,1.63,3,Business,High School,0,0,3
26,1,28306.0,4.45,93.3,23.5,0,1,6.5,2.54,2,CS,Bachelor,1,1,2
20,0,95076.0,4.03,97.1,15.4,0,0,4.6,3.47,1,Business,High School,1,0,3
20,0,46103.0,5.18,93.6,26.4,1,1,3.5,3.82,3,Business,Master,1,2,3
24,0,49586.0,6.95,78.9,34.6,1,0,6.2,4.0,1,CS,High School,0,0,2
24,1,26914.0,3.81,84.8,22.0,0,0,6.0,1.79,1,CS,High School,1,0,2
19,0,33931.0,5.37,86.7,20.2,0,1,1.0,3.97,3,Arts,Bachelor,0,1,0
20,1,25000.0,6.39,99.9,38.8,1,0,3.4,4.0,4,CS,High School,0,0,2
20,0,47407.0,3.7,85.4,61.6,0,0,4.3,2.79,2,Arts,Master,0,2,0
18,0,27827.0,2.48,85.7,36.5,1,0,6.4,1.33,3,Arts,Bachelor,0,1,0
19,1,33977.0,4.57,73.9,19.0,1,0,2.8,3.78,2,CS,High School,0,0,2
18,0,32740.0,5.75,72.0,40.5,1,0,4.9,3.63,4,Science,Bachelor,0,1,4
19,1,29410.0,3.63,92.8,50.9,1,0,9.0,3.56,3,CS,Bachelor,0,1,2
20,0,173323.0,5.42,84.8,42.8,0,0,5.6,3.83,3,Business,Master,0,2,3
21,0,25000.0,2.88,85.6,11.5,0,0,5.7,0.46,1,CS,Master,0,2,2
24,0,25000.0,3.68,90.6,36.3,1,0,5.4,1.28,3,Business,Master,0,2,3
18,1,45092.0,3.88,88.8,24.5,0,0,7.3,3.07,4,CS,Bachelor,0,1,2
23,1,25000.0,3.82,87.8,30.6,0,1,5.6,2.7,3,Science,Master,1,2,4
20,1,25000.0,2.88,87.1,25.5,0,0,5.1,0.93,1,Arts,Bachelor,0,1,0
20,0,25000.0,3.56,83.1,38.9,1,0,5.8,2.31,4,CS,PhD,0,3,2
22,1,39932.0,1.44,83.7,25.8,1,0,7.9,1.48,2,Business,Bachelor,0,1,3
18,0,40237.0,4.9,89.3,47.0,0,1,6.2,2.15,2,Arts,PhD,0,3,0
21,1,25000.0,4.05,74.5,30.0,1,0,5.6,1.25,3,CS,Bachelor,1,1,2
21,1,45656.0,5.49,73.6,27.3,1,0,7.6,0.85,4,Business,Master,1,2,3
22,1,25000.0,3.88,82.7,36.9,1,0,4.6,3.86,1,Arts,High School,0,0,0
21,0,25000.0,1.66,83.2,34.3,1,0,1.0,3.9,3,Business,Bachelor,0,1,3
26,1,26850.0,4.41,87.8,37.2,1,0,6.3,1.79,3,CS,Bachelor,0,1,2
19,0,25000.0,3.14,80.2,28.4,1,0,6.3,1.76,1,CS,Bachelor,0,1,2
19,1,25000.0,5.39,75.8,46.0,1,0,4.4,3.58,1,Business,Bachelor,0,1,3
19,0,25000.0,3.72,86.8,41.9,1,0,5.0,3.31,4,Science,Bachelor,0,1,4
19,0,45090.0,6.62,92.8,29.9,0,0,7.8,2.11,4,Arts,Bachelor,0,1,0
19,0,64168.0,2.84,84.9,39.9,1,0,6.3,0.83,4,Science,High School,1,0,4
23,0,25000.0,4.32,70.4,26.8,0,0,8.2,3.02,3,Business,Master,0,2,3
24,0,46163.0,4.78,84.2,36.8,1,0,6.0,1.06,2,CS,Bachelor,1,1,2
19,1,43561.0,3.57,66.5,39.9,0,0,5.2,1.5,1,Science,High School,1,0,4
19,1,30604.5,4.220000000000001,81.7,33.0,0,0,5.5,0.07,3,Business,Bachelor,1,1,3
22,1,25000.0,3.74,65.9,20.2,0,0,6.2,1.35,4,CS,High School,1,0,2
19,1,25000.0,1.64,78.6,15.7,1,0,6.3,1.23,1,Business,High School,1,0,3
22,0,31011.0,3.09,86.1,33.5,0,0,5.1,0.35,1,Science,Bachelor,0,1,4
21,1,25000.0,3.77,79.7,21.3,1,0,4.5,2.87,3,Arts,Bachelor,0,1,0
17,0,25000.0,5.3,91.2,42.7,0,0,4.5,3.25,3,CS,Bachelor,0,1,2
24,1,25000.0,4.36,83.8,11.9,1,0,6.4,2.83,2,Business,Master,0,2,3
25,0,25000.0,3.47,73.0,45.8,0,1,6.7,2.39,1,Engineering,Bachelor,1,1,1
19,0,32368.0,3.39,89.2,30.6,0,0,1.0,3.0,3,Science,High School,0,0,4
20,0,45338.0,3.28,87.5,19.7,1,0,4.2,2.32,2,Business,Bachelor,0,1,3
21,0,25000.0,5.2,92.2,24.6,0,0,2.6,2.38,4,Science,Master,0,2,4
21,0,37700.0,2.07,87.7,27.6,0,1,4.6,1.67,4,CS,High School,1,0,2
22,0,29998.0,2.9,85.8,35.8,1,0,4.4,2.22,2,CS,Bachelor,0,1,2
25,1,52120.0,2.06,74.1,15.3,1,0,5.8,1.94,1,Business,Bachelor,1,1,3
20,1,26552.0,4.76,88.5,18.5,1,0,5.8,2.11,1,Business,High School,0,0,3
19,0,28357.0,5.97,80.8,26.1,1,0,9.3,1.62,1,CS,Bachelor,1,1,2
18,0,25000.0,4.75,88.4,29.6,1,0,6.2,2.21,2,Engineering,High School,0,0,1
19,1,26975.0,4.84,99.8,38.6,1,0,6.6,3.09,1,CS,High School,0,0,2
20,0,25000.0,3.32,91.7,33.2,1,0,2.9,1.95,1,Arts,High School,0,0,0
24,1,25000.0,4.63,84.3,25.3,1,1,4.9,2.09,4,Science,Bachelor,0,1,4
19,0,47356.0,3.02,82.6,32.8,0,0,3.6,1.28,4,Business,High School,1,0,3
21,1,25000.0,3.25,78.7,32.0,1,0,6.6,2.88,1,Business,Master,0,2,3
21,1,25000.0,3.95,63.4,27.0,0,0,5.6,1.68,2,Science,Bachelor,0,1,4
23,1,54677.0,4.05,82.4,31.4,1,1,4.9,2.45,4,CS,High School,0,0,2
26,1,25000.0,6.33,77.9,5.0,0,1,7.2,3.28,3,Science,High School,0,0,4
19,0,48886.0,5.13,84.6,41.2,0,0,5.0,2.06,4,Arts,Master,0,2,0
19,0,25000.0,4.15,77.9,36.6,1,0,7.9,0.21,2,Business,Bachelor,1,1,3
23,1,25000.0,6.22,83.8,48.0,0,0,7.9,1.64,4,CS,Bachelor,0,1,2
22,1,25000.0,7.12,92.0,20.3,0,0,4.4,4.0,1,Science,Master,0,2,4
25,0,65358.0,4.03,83.3,36.9,0,1,7.5,1.05,3,CS,High School,1,0,2
22,1,25000.0,4.5,73.3,7.1,0,0,5.7,2.16,1,Business,High School,0,0,3
20,0,46551.0,2.39,75.4,8.8,0,0,4.8,2.5,2,Business,Master,0,2,3
22,0,25000.0,4.21,87.5,27.2,1,1,6.2,3.35,1,Science,Master,0,2,4
23,1,65541.0,3.12,88.0,23.1,1,1,2.6,0.93,4,Engineering,Bachelor,0,1,1
22,0,111756.0,1.55,75.0,42.6,1,1,4.5,1.7,1,Business,Master,0,2,3
22,1,25000.0,5.29,81.8,44.1,1,1,6.3,3.0,1,Arts,Master,1,2,0
23,0,25000.0,4.14,89.2,45.4,1,0,5.0,1.21,4,Arts,High School,0,0,0
23,0,47282.0,2.87,95.8,37.2,0,0,7.4,0.84,2,CS,High School,1,0,2
24,1,40450.0,1.62,83.4,37.7,1,1,4.8,2.82,3,Science,Bachelor,0,1,4
22,1,47389.0,3.21,80.4,14.6,1,0,5.7,0.99,4,CS,Bachelor,0,1,2
20,0,25000.0,3.12,79.0,46.8,0,0,5.3,2.26,3,Business,Bachelor,0,1,3
21,0,97980.0,3.86,83.1,45.0,1,0,2.7,2.88,4,Science,Bachelor,0,1,4
23,0,31915.0,1.73,93.1,13.4,0,0,6.2,2.22,4,CS,Bachelor,0,1,2
19,0,25000.0,4.56,83.2,35.6,0,1,6.1,2.41,4,Business,High School,0,0,3
21,1,25543.0,4.83,86.0,23.4,0,1,2.0,2.47,1,CS,High School,0,0,2
20,1,25000.0,2.31,70.6,52.2,1,0,1.1,4.0,1,Business,PhD,0,3,3
21,0,77232.0,1.8,94.8,18.3,1,0,4.7,2.31,3,CS,High School,0,0,2
23,0,25000.0,5.32,92.7,31.1,1,0,7.7,2.42,2,Science,Master,0,2,4
21,1,39954.0,3.81,79.6,32.2,1,0,10.0,0.07,2,Business,Bachelor,0,1,3
21,1,25000.0,4.83,81.2,29.4,1,0,2.2,3.95,3,Arts,Bachelor,0,1,0
18,1,25000.0,4.14,91.4,55.8,0,0,8.4,4.0,1,Engineering,Bachelor,0,1,1
22,1,25000.0,3.89,100.0,50.3,1,0,7.6,0.62,1,Science,Master,0,2,4
22,0,42570.0,5.35,68.5,10.3,1,1,4.4,1.67,2,Business,Bachelor,0,1,3
25,0,64829.0,5.09,77.9,35.8,1,0,8.9,1.65,3,Engineering,Bachelor,0,1,1
20,1,25000.0,4.5,78.8,29.9,1,0,6.3,2.76,4,Science,Bachelor,0,1,4
21,1,25000.0,4.59,90.3,40.0,1,1,5.1,1.48,1,Science,Bachelor,1,1,4
21,0,48146.0,3.44,84.8,32.6,1,1,2.3,3.19,3,CS,Bachelor,0,1,2
24,0,25000.0,4.72,77.9,20.2,0,0,5.7,1.71,1,Science,Master,0,2,4
20,0,61804.0,6.02,70.7,17.6,1,0,5.6,1.69,3,Engineering,PhD,0,3,1
21,1,25000.0,5.33,90.1,25.2,0,1,9.5,2.09,2,Arts,Bachelor,0,1,0
22,0,25000.0,1.57,80.4,28.6,1,1,3.8,3.37,1,Business,High School,0,0,3
21,0,34513.0,4.59,72.7,32.3,1,0,3.9,2.72,4,Science,Bachelor,0,1,4
20,1,25000.0,4.69,76.5,23.2,0,1,4.6,2.74,4,Arts,PhD,0,3,0
21,0,25000.0,5.47,78.6,50.5,1,1,10.0,0.78,2,Engineering,High School,0,0,1
23,0,36768.0,5.61,79.6,36.4,0,0,3.4,3.97,4,CS,High School,0,0,2
18,0,25000.0,4.64,73.6,40.5,1,0,7.9,1.24,4,Science,Bachelor,0,1,4
21,0,79654.0,2.39,73.7,28.3,0,0,2.7,3.66,4,Science,Bachelor,0,1,4
19,0,30521.0,3.85,100.0,17.5,0,1,6.3,3.94,2,Science,High School,0,0,4
23,1,25000.0,2.97,84.6,40.6,0,0,5.7,2.51,3,Business,Bachelor,0,1,3
17,1,25000.0,2.48,78.7,18.1,0,1,4.2,2.72,1,CS,High School,0,0,2
19,0,53906.0,5.82,85.0,5.7,0,1,6.8,3.01,3,Business,High School,0,0,3
21,0,42644.0,3.4,83.3,36.8,1,1,4.1,3.12,3,CS,High School,0,0,2
24,1,68328.0,6.59,74.7,20.9,0,0,2.6,2.65,3,Engineering,High School,0,0,1
20,0,25000.0,3.5,66.7,26.0,0,0,4.9,0.16,4,Science,PhD,1,3,4
19,0,35524.0,3.07,77.8,38.3,1,0,3.8,0.87,1,Engineering,Bachelor,0,1,1
25,1,38405.0,4.78,80.5,18.8,1,1,6.0,3.19,3,CS,High School,0,0,2
17,0,45124.0,3.9,81.1,10.8,1,0,5.0,3.14,1,Business,High School,0,0,3
17,0,58476.0,4.36,67.3,44.6,0,0,8.3,2.42,2,Engineering,PhD,0,3,1
22,0,25000.0,3.3,100.0,29.3,1,1,4.9,2.07,2,Arts,Bachelor,0,1,0
19,0,27764.0,3.3,100.0,45.1,0,1,6.0,3.63,2,Engineering,Bachelor,0,1,1
18,0,25000.0,3.36,85.6,37.5,1,0,3.4,1.96,4,Business,Bachelor,0,1,3
22,0,28809.0,2.65,82.2,37.9,1,0,4.7,2.4,2,Science,Bachelor,1,1,4
21,0,45209.0,5.26,77.5,32.0,1,0,3.9,3.91,4,Business,High School,0,0,3
19,1,25000.0,4.27,86.6,32.0,0,0,7.6,1.57,3,CS,Master,0,2,2
18,0,57851.0,4.2,81.1,43.6,0,0,4.1,2.59,3,Business,High School,0,0,3
22,0,25000.0,4.87,92.0,39.8,1,0,4.3,2.08,3,Engineering,Master,1,2,1
22,1,25000.0,4.46,89.3,22.9,1,0,6.0,0.98,1,Business,High School,0,0,3
20,1,62716.0,6.94,75.2,35.9,0,1,4.2,2.91,2,Business,Master,0,2,3
25,0,36200.0,4.55,76.5,22.6,0,0,8.0,2.07,1,Science,High School,1,0,4
18,0,36451.0,1.33,89.8,26.2,1,1,9.0,0.0,2,Engineering,Bachelor,1,1,1
17,0,25000.0,3.36,87.6,36.8,1,0,3.9,3.18,2,Arts,High School,0,0,0
19,1,25000.0,2.79,73.1,22.4,1,1,7.0,0.91,3,CS,Bachelor,0,1,2
20,0,52300.0,4.61,78.3,31.8,0,0,4.0,0.02,2,Business,Master,1,2,3
21,0,25000.0,3.46,80.8,34.6,1,1,4.9,1.76,4,Business,Bachelor,0,1,3
20,0,25000.0,4.65,81.7,25.9,0,0,6.7,1.99,4,Business,Bachelor,0,1,3
21,0,53017.0,3.11,81.4,38.6,1,0,5.8,2.86,4,Business,High School,0,0,3
18,0,30604.5,4.15,74.2,24.7,0,0,5.5,3.68,1,Business,Bachelor,0,1,3
24,0,34945.0,3.31,83.2,41.3,1,1,7.5,1.14,4,Science,High School,1,0,4
20,1,30508.0,3.56,82.6,31.6,0,0,7.5,2.31,1,Science,High School,0,0,4
23,1,29685.0,4.29,75.9,32.1,0,0,5.6,3.01,3,Engineering,High School,0,0,1
21,0,25000.0,4.59,83.3,19.2,1,1,4.4,1.42,2,Science,Bachelor,0,1,4
22,0,25000.0,5.86,81.8,27.2,1,1,5.5,0.13,4,Arts,Master,0,2,0
22,0,29718.0,4.08,78.2,32.3,0,0,5.5,3.51,4,Science,Bachelor,0,1,4
22,0,39720.0,5.23,72.8,42.3,1,0,6.9,2.27,2,Arts,Master,0,2,0
22,1,25000.0,4.56,92.2,26.1,1,1,5.2,1.54,3,Engineering,Bachelor,0,1,1
23,1,53170.0,3.37,96.2,42.2,1,0,3.5,1.52,2,Engineering,High School,0,0,1
21,0,25985.0,4.81,84.0,20.9,1,0,7.9,1.92,4,Engineering,Bachelor,1,1,1
22,0,25000.0,5.55,93.5,34.0,0,0,5.5,3.0,4,Business,Bachelor,0,1,3
20,0,25779.0,5.55,83.8,23.9,1,1,4.2,2.31,4,Business,Bachelor,0,1,3
24,1,25000.0,4.02,70.9,48.5,1,1,7.6,1.13,3,Engineering,PhD,0,3,1
19,1,54473.0,3.55,84.4,46.4,1,1,7.8,1.66,3,CS,High School,0,0,2
25,1,25000.0,5.03,79.3,33.4,1,0,2.1,4.0,3,Science,Bachelor,0,1,4
20,1,25192.0,0.83,85.8,23.6,1,0,7.5,0.77,4,CS,Bachelor,0,1,2
17,0,69350.0,6.08,94.6,11.8,0,1,5.8,3.3,4,Business,PhD,0,3,3
21,1,29684.0,4.13,77.9,34.5,1,0,5.5,2.37,2,Business,Bachelor,0,1,3
19,1,28160.0,4.0,70.1,32.5,1,0,5.5,1.5,3,Science,Master,1,2,4
22,1,63286.0,3.57,88.9,40.3,0,1,6.2,0.0,3,Engineering,High School,1,0,1
19,0,25000.0,6.7,92.8,12.4,1,0,5.0,3.69,4,Arts,Bachelor,0,1,0
20,1,53851.0,2.66,89.9,31.7,0,1,7.3,4.0,3,CS,Bachelor,0,1,2
17,1,74249.0,3.66,73.1,35.1,0,0,4.3,2.71,1,Business,Bachelor,0,1,3
20,1,74584.0,6.28,73.1,19.2,0,0,7.3,1.31,3,CS,High School,1,0,2
17,1,53791.0,2.6,88.1,31.4,0,0,5.8,2.73,1,Engineering,High School,1,0,1
17,1,53131.0,4.21,78.9,21.3,1,1,6.9,0.7,4,CS,Bachelor,0,1,2
22,1,25000.0,3.69,74.1,20.1,1,1,3.7,3.79,4,CS,High School,0,0,2
22,1,25000.0,6.68,91.5,23.6,0,1,6.3,4.0,2,Science,High School,0,0,4
21,1,25000.0,3.29,79.0,26.8,1,1,6.5,1.54,4,Science,Bachelor,1,1,4
18,0,25000.0,2.24,95.0,44.9,0,0,8.8,2.88,1,Business,Bachelor,0,1,3
20,0,66548.0,4.31,78.5,26.1,1,0,6.8,2.52,3,CS,Master,0,2,2
21,0,25085.0,3.29,76.0,19.8,0,0,4.4,2.33,2,Business,Bachelor,0,1,3
18,1,64524.0,4.78,81.5,39.8,1,1,4.4,4.0,2,Engineering,High School,0,0,1
24,1,25000.0,4.56,88.1,42.3,0,0,6.9,1.28,4,Arts,High School,1,0,0
22,1,56930.0,2.48,84.3,39.8,1,1,4.5,3.83,4,Science,Bachelor,0,1,4
20,0,25000.0,6.39,97.1,46.4,1,0,4.6,2.31,4,Arts,High School,0,0,0
21,0,25000.0,3.21,83.4,32.3,1,1,4.0,1.36,2,Arts,Bachelor,1,1,0
21,0,78926.0,3.34,80.6,31.9,0,0,5.7,1.23,4,Science,Bachelor,0,1,4
17,0,57779.0,4.75,94.1,21.6,1,1,5.9,2.68,4,Arts,Bachelor,0,1,0
20,1,33761.0,6.12,86.8,46.8,1,1,4.9,0.94,3,Engineering,High School,0,0,1
19,0,28160.0,3.73,78.7,28.9,1,0,5.5,2.8,2,CS,Master,0,2,2
18,1,38704.0,3.4,83.9,26.4,1,0,6.5,2.85,4,Science,High School,1,0,4
20,1,33416.0,5.24,83.7,25.3,0,0,8.7,2.02,4,Arts,High School,1,0,0
25,0,25000.0,3.26,80.4,37.6,1,1,5.7,1.02,1,Business,Bachelor,0,1,3
22,1,25000.0,4.2,83.5,31.0,0,0,4.2,1.98,2,Arts,Bachelor,0,1,0
19,0,96416.0,3.46,71.7,32.3,1,1,3.7,1.91,4,Science,High School,0,0,4
22,0,147753.0,4.64,79.2,26.1,1,0,5.3,0.0,1,Arts,High School,1,0,0
24,1,75933.0,2.38,85.5,27.6,1,1,6.9,3.58,4,Arts,High School,0,0,0
23,1,39614.0,4.41,77.8,28.2,1,0,5.0,2.78,2,Engineering,Bachelor,1,1,1
21,0,25000.0,4.63,74.9,47.1,1,0,7.0,3.41,3,Engineering,Bachelor,0,1,1
19,0,25000.0,4.89,81.7,8.4,1,0,8.0,2.42,2,Science,Bachelor,0,1,4
22,0,25000.0,3.32,78.2,35.4,1,0,4.0,2.96,1,Engineering,High School,0,0,1
21,0,25000.0,5.88,71.4,43.1,0,0,3.5,1.37,2,Business,High School,0,0,3
23,1,108088.0,1.27,71.6,7.9,1,1,7.2,2.19,1,Engineering,Bachelor,0,1,1
22,1,87884.0,3.14,85.3,29.1,0,1,6.0,2.8,3,Science,Bachelor,0,1,4
23,0,46526.0,7.18,82.7,41.8,0,1,6.1,0.57,2,Engineering,High School,0,0,1
19,1,25000.0,4.04,84.5,21.0,1,0,6.8,2.3,3,Arts,Bachelor,0,1,0
23,0,50809.0,5.46,79.6,33.2,1,1,2.8,3.68,2,CS,High School,0,0,2
21,0,25766.0,4.25,69.9,18.8,1,0,6.3,2.43,2,Business,High School,0,0,3
25,1,25000.0,6.26,75.0,30.4,1,1,5.8,1.51,1,Engineering,High School,1,0,1
19,1,35322.0,3.75,79.4,45.3,1,0,6.3,1.49,4,Science,High School,1,0,4
24,1,25000.0,4.29,85.5,50.3,0,0,3.8,3.43,2,CS,Bachelor,0,1,2
21,1,25000.0,5.14,68.0,33.1,0,0,5.6,2.31,3,CS,PhD,1,3,2
19,1,25585.0,5.99,63.5,14.7,1,1,4.6,0.56,4,Business,PhD,1,3,3
19,0,25000.0,1.6,93.6,26.3,1,0,7.4,2.04,4,Arts,Master,1,2,0
20,1,29128.0,4.67,86.8,8.2,1,0,5.3,3.47,1,CS,Bachelor,0,1,2
21,1,28300.0,2.89,75.0,26.5,0,1,4.4,2.73,4,CS,High School,0,0,2
22,0,25000.0,3.93,80.1,41.6,1,0,3.7,3.66,2,Business,Bachelor,0,1,3
19,1,74026.0,3.3,78.6,13.6,1,1,7.1,0.05,3,Business,Bachelor,0,1,3
20,0,25000.0,1.09,84.3,27.5,0,1,7.3,1.07,2,Engineering,Bachelor,0,1,1
25,0,25000.0,5.38,77.9,20.2,0,0,9.0,1.69,3,Engineering,Master,1,2,1
24,1,25000.0,2.29,72.8,51.5,1,1,4.9,0.75,3,CS,High School,1,0,2
22,0,27861.0,3.91,85.9,34.8,0,0,3.7,3.28,2,Arts,Bachelor,0,1,0
21,1,28377.0,4.1,96.5,40.2,0,1,5.5,3.75,2,Science,Bachelor,0,1,4
21,0,34949.0,2.97,86.2,33.5,1,0,4.2,3.98,3,CS,Bachelor,0,1,2
22,1,41768.0,4.83,82.6,39.1,0,0,4.4,2.91,2,CS,Bachelor,0,1,2
18,0,35057.0,3.52,80.3,43.0,0,0,6.4,0.46,1,Arts,High School,1,0,0
20,0,34162.0,3.07,75.7,30.5,0,1,7.5,1.31,2,Business,Bachelor,1,1,3
17,0,35805.0,2.11,78.7,23.6,0,0,6.2,1.43,1,Business,Bachelor,1,1,3
21,1,25000.0,2.8,85.1,18.8,1,1,5.7,1.17,3,Science,Bachelor,0,1,4
22,1,25592.0,4.55,91.5,51.1,1,0,7.0,2.78,1,Arts,High School,0,0,0
19,1,59716.0,1.4,91.9,39.8,0,0,5.1,2.06,3,Business,Bachelor,0,1,3
24,0,316601.0,6.18,83.4,5.0,0,1,8.1,0.94,4,Business,Bachelor,1,1,3
18,0,25000.0,3.8,83.5,27.1,0,1,10.0,1.77,2,CS,Bachelor,0,1,2
17,0,38325.0,2.87,82.4,35.0,0,0,4.4,0.9,2,Business,Bachelor,1,1,3
21,1,25000.0,4.77,86.6,50.1,1,1,7.7,1.79,2,Arts,High School,0,0,0
23,0,101579.0,3.46,82.4,16.8,0,1,7.7,0.57,1,Science,High School,1,0,4
24,1,25000.0,5.16,82.5,35.1,1,1,6.4,2.17,3,Science,Bachelor,0,1,4
20,1,43259.0,2.62,75.1,25.2,1,0,7.8,2.65,4,CS,High School,0,0,2
23,0,25000.0,2.71,74.9,15.6,0,1,6.1,1.54,1,Engineering,High School,0,0,1
20,0,25000.0,4.77,76.5,46.1,0,0,6.7,2.84,4,Arts,High School,1,0,0
20,1,29127.0,5.56,83.9,18.4,1,0,5.6,3.22,2,Science,Master,0,2,4
22,0,56490.0,4.25,79.5,41.6,1,0,5.8,1.29,3,CS,High School,1,0,2
22,0,25000.0,4.3,100.0,10.9,1,0,6.6,1.12,3,Arts,Master,0,2,0
17,0,44269.0,2.92,85.1,24.1,1,0,6.3,3.42,3,Business,High School,0,0,3
24,1,30069.0,3.33,94.6,36.9,1,0,3.6,2.65,3,Business,Bachelor,0,1,3
24,1,35020.0,3.15,93.9,38.6,1,1,6.4,3.59,1,Engineering,Bachelor,0,1,1
19,0,52839.0,5.68,85.4,35.2,1,0,5.1,3.46,3,Science,Master,0,2,4
21,0,25000.0,5.81,81.7,41.8,1,0,4.5,2.05,3,Business,High School,0,0,3
22,0,48357.0,4.68,74.8,26.5,0,0,7.2,1.03,1,Arts,PhD,1,3,0
21,1,25000.0,6.61,77.2,46.7,1,1,3.8,3.43,1,CS,High School,0,0,2
19,0,57384.0,4.8,88.7,34.3,0,0,5.0,3.51,4,Business,PhD,0,3,3
19,0,36342.0,5.54,84.2,38.8,0,0,3.6,3.44,1,Engineering,Bachelor,0,1,1
20,1,31048.5,4.275,61.900000000000006,34.4,0,1,5.5,2.16,3,CS,Master,1,2,2
23,1,25000.0,3.8,80.3,35.9,0,0,9.8,1.72,4,Science,Bachelor,0,1,4
22,1,48726.0,3.8,84.6,18.0,1,1,4.1,2.06,1,Arts,Bachelor,0,1,0
20,1,63359.0,2.78,82.2,18.7,1,0,5.2,3.6,1,CS,Bachelor,0,1,2
22,0,25000.0,3.43,80.1,23.5,0,1,8.0,3.2,4,Business,Master,0,2,3
17,0,25000.0,4.43,81.6,36.2,1,1,6.3,3.52,2,Arts,Bachelor,0,1,0
23,0,45095.0,3.22,62.7,22.9,1,0,5.3,2.33,4,Science,Bachelor,1,1,4
17,0,25000.0,4.72,82.1,26.4,1,0,4.3,2.19,4,Arts,Bachelor,0,1,0
20,1,25000.0,3.04,73.5,29.1,0,1,6.7,1.79,1,CS,Bachelor,1,1,2
18,1,25000.0,2.98,84.9,47.0,1,1,4.9,2.6,1,Science,High School,0,0,4
18,1,25000.0,4.02,83.1,37.2,1,0,9.4,1.65,2,Business,High School,0,0,3
23,0,25000.0,1.34,88.0,12.5,1,0,5.0,1.79,2,Arts,Master,0,2,0
20,1,28377.0,3.82,73.1,31.9,0,1,5.5,2.22,3,Science,Bachelor,0,1,4
21,1,25000.0,4.92,95.8,26.4,0,0,7.1,0.46,1,Science,Master,1,2,4
20,0,43717.0,5.06,66.1,27.3,0,0,7.1,1.77,3,Engineering,High School,0,0,1
22,1,25000.0,4.97,81.0,30.0,0,0,5.2,2.83,1,Arts,Master,0,2,0
21,0,25000.0,3.85,65.7,43.5,0,1,4.7,3.77,4,Science,Bachelor,0,1,4
18,0,95609.0,4.32,85.9,20.2,1,1,5.0,2.57,3,Science,Master,0,2,4
23,1,28868.0,4.51,80.7,32.4,1,1,7.4,2.64,2,Arts,High School,0,0,0
19,1,36516.0,2.11,78.2,33.5,0,1,6.4,0.94,4,CS,High School,1,0,2
17,0,25000.0,4.26,84.1,27.3,1,0,2.1,3.61,2,Engineering,Bachelor,0,1,1
20,0,108889.0,3.51,73.6,22.3,0,1,3.2,1.3,4,Business,Master,0,2,3
24,1,25000.0,6.4,96.8,20.9,0,1,5.3,3.73,1,Science,High School,0,0,4
22,1,25930.0,3.75,80.0,25.0,1,0,6.5,2.6,2,Business,Bachelor,0,1,3
20,1,65528.0,3.84,82.6,38.9,1,0,5.1,0.92,2,CS,Bachelor,0,1,2
20,0,26661.0,2.41,81.0,25.7,1,1,4.6,0.68,3,Business,High School,0,0,3
20,0,30599.0,3.49,89.4,28.8,0,0,3.7,3.09,3,Engineering,High School,0,0,1
25,0,25109.0,1.25,72.4,16.1,0,0,7.1,0.04,4,Engineering,High School,0,0,1
21,0,29219.0,3.91,88.6,24.3,1,0,5.5,1.44,1,Business,High School,1,0,3
21,0,37134.0,4.76,77.9,32.8,1,0,8.5,1.32,4,Science,Master,1,2,4
23,0,41430.0,3.52,77.9,10.0,0,1,3.2,2.25,2,Arts,Bachelor,0,1,0
21,1,25000.0,4.66,89.0,42.5,1,0,6.7,2.86,3,CS,Bachelor,0,1,2
20,0,25000.0,2.75,79.9,22.9,0,0,6.5,2.96,1,Arts,PhD,0,3,0
20,1,25000.0,3.76,86.9,51.2,0,0,7.0,1.58,2,Science,Master,0,2,4
20,0,29794.5,3.85,87.1,35.0,1,1,5.5,3.77,1,Arts,Master,0,2,0
20,0,25000.0,2.01,79.2,8.0,1,1,4.6,0.96,4,Arts,Master,0,2,0
22,0,35536.0,4.99,83.9,33.3,1,1,5.2,2.83,1,Arts,Master,0,2,0
21,0,52217.0,3.86,78.1,26.2,1,0,5.8,3.0,1,Arts,Bachelor,0,1,0
22,0,50143.0,1.75,81.8,33.5,1,0,3.7,2.06,4,Science,Master,0,2,4
20,1,25000.0,2.92,85.8,49.4,0,0,7.4,1.51,3,Science,Bachelor,0,1,4
21,1,25667.0,5.7,74.3,38.5,1,1,1.0,3.67,1,Science,Bachelor,0,1,4
17,0,25000.0,3.06,85.5,27.3,1,1,3.4,3.32,2,Engineering,Bachelor,0,1,1
23,0,32411.0,4.81,84.5,13.2,1,0,2.5,3.31,4,Science,Master,0,2,4
21,1,25000.0,3.04,70.1,40.5,0,0,7.5,0.72,2,Arts,Master,1,2,0
23,1,42410.0,4.32,76.0,36.1,1,0,5.9,1.19,2,Arts,Bachelor,1,1,0
17,0,29393.0,4.68,76.5,43.9,0,0,4.5,2.95,2,Arts,High School,0,0,0
25,1,25000.0,3.14,78.4,28.3,1,0,5.7,1.43,1,Science,High School,0,0,4
20,1,25000.0,3.83,74.4,33.5,0,0,6.0,2.77,1,Arts,Bachelor,0,1,0
23,1,29836.0,4.4,89.5,27.0,0,0,3.3,3.42,3,Engineering,Bachelor,0,1,1
18,1,31384.0,3.26,90.5,31.0,0,1,5.8,2.72,4,CS,High School,0,0,2
22,1,25000.0,3.73,75.7,11.8,1,0,8.0,2.81,3,Business,Master,0,2,3
18,1,25000.0,2.77,72.8,33.8,1,0,8.3,1.54,4,Business,Bachelor,1,1,3
19,0,30753.0,4.14,81.9,34.6,1,0,7.0,2.17,4,Business,High School,0,0,3
25,1,25000.0,5.4,92.6,24.0,1,0,6.0,2.05,3,CS,High School,0,0,2
20,1,25000.0,2.49,99.2,37.3,1,1,7.2,2.64,4,Arts,Master,0,2,0
21,1,25000.0,3.08,76.6,40.5,1,0,6.8,1.12,2,Science,Master,0,2,4
22,1,29684.0,3.95,63.8,46.8,1,0,5.5,2.53,2,Arts,Bachelor,0,1,0
22,0,25000.0,4.67,70.1,17.8,0,0,3.9,1.48,2,Science,Bachelor,1,1,4
21,0,25000.0,1.92,67.7,38.0,0,1,6.6,1.49,1,Science,High School,1,0,4
21,0,29980.0,4.65,85.3,46.1,1,0,4.3,2.16,1,CS,Master,0,2,2
26,0,25000.0,4.74,82.8,25.8,0,1,3.7,4.0,1,Science,Bachelor,0,1,4
20,0,31021.0,5.18,83.7,46.7,1,1,7.8,1.06,3,CS,High School,0,0,2
21,1,25000.0,4.48,91.0,21.3,0,1,5.6,0.48,1,Engineering,High School,0,0,1
23,0,32879.0,2.04,95.0,30.8,1,0,5.4,2.57,3,Engineering,Bachelor,0,1,1
23,1,50359.0,3.83,88.7,9.3,0,0,3.3,2.53,3,CS,Master,0,2,2
23,1,31202.0,3.68,87.9,7.6,1,1,5.5,3.91,4,Engineering,High School,0,0,1
22,0,64404.0,4.69,70.2,11.4,0,1,4.9,2.53,3,Engineering,Bachelor,0,1,1
18,0,29794.5,4.265000000000001,62.900000000000006,47.0,1,1,5.5,3.24,4,Science,Master,0,2,4
24,1,34308.0,3.44,93.1,20.7,1,0,3.3,3.63,1,Arts,Bachelor,0,1,0
18,1,25000.0,3.86,77.6,20.7,0,1,8.6,3.76,3,CS,Bachelor,0,1,2
21,1,25000.0,3.87,90.8,34.9,0,0,8.0,1.23,4,Engineering,PhD,0,3,1
19,1,25000.0,2.35,83.0,21.1,1,0,5.3,1.05,4,Arts,PhD,1,3,0
20,1,29814.0,2.74,88.3,44.5,1,0,3.1,2.03,3,Engineering,Bachelor,0,1,1
21,1,45181.0,3.91,75.0,52.4,0,0,2.4,3.3,2,Business,Bachelor,0,1,3
21,1,25000.0,2.91,88.1,5.0,1,0,4.7,1.46,3,CS,High School,0,0,2
21,1,29076.0,2.1,76.9,36.2,0,0,1.4,3.0,3,Arts,High School,0,0,0
24,1,25000.0,2.03,83.8,5.3,0,0,4.7,2.42,4,CS,Bachelor,0,1,2
22,0,33712.0,4.9,81.8,13.7,1,1,1.9,3.68,2,Business,PhD,0,3,3
20,1,25000.0,4.46,91.5,35.7,0,0,5.3,3.01,4,Engineering,High School,0,0,1
23,0,25000.0,4.19,88.7,18.7,1,0,5.9,2.14,2,Engineering,High School,0,0,1
23,1,25000.0,3.57,67.9,33.1,0,1,5.2,1.32,2,Business,High School,1,0,3
18,0,40215.0,3.24,75.5,30.4,1,0,9.4,0.24,4,Engineering,Bachelor,0,1,1
22,0,28056.0,1.38,76.9,10.2,1,1,5.1,0.73,4,Science,Bachelor,1,1,4
22,0,25000.0,4.77,87.5,37.9,1,0,8.6,3.83,2,Science,Bachelor,0,1,4
20,0,34782.0,3.47,78.0,33.6,0,0,6.0,0.0,2,Science,Bachelor,1,1,4
24,0,25000.0,4.81,73.3,30.5,0,1,9.1,0.46,1,Arts,Master,0,2,0
20,1,58449.0,2.78,71.1,22.2,1,1,2.3,1.74,4,Engineering,High School,0,0,1
21,0,25000.0,6.14,87.8,34.7,0,0,3.6,3.73,2,Arts,Master,0,2,0
20,0,26577.0,4.24,65.4,14.5,0,0,5.0,2.62,4,Engineering,Master,1,2,1
21,0,25000.0,3.84,90.4,17.9,1,1,8.4,0.5,1,CS,Bachelor,0,1,2
18,1,25000.0,2.67,71.7,33.9,0,0,5.1,3.17,4,Arts,High School,0,0,0
17,0,29219.0,3.73,78.4,42.4,1,0,5.5,3.97,2,CS,High School,0,0,2
24,0,46527.0,4.8,72.7,24.3,1,1,6.6,2.07,1,Arts,Bachelor,0,1,0
19,0,47094.0,1.09,74.6,35.5,1,0,7.1,0.43,3,Science,High School,0,0,4
18,1,47596.0,3.82,80.2,32.5,1,0,4.1,3.7,4,Science,Bachelor,0,1,4
17,0,30252.0,3.85,80.9,35.0,1,1,4.3,3.98,2,Science,Master,0,2,4
19,0,25000.0,4.59,69.6,21.7,0,0,8.6,0.44,1,Business,High School,1,0,3
18,0,25000.0,1.82,78.8,28.2,0,1,7.7,0.63,2,CS,Bachelor,0,1,2
24,1,74466.0,5.04,82.8,29.5,1,0,8.2,2.25,3,CS,High School,0,0,2
23,0,70362.0,4.96,85.7,48.0,1,1,7.2,1.82,3,Science,Master,0,2,4
19,1,32001.0,5.01,65.7,16.7,0,0,4.0,1.82,4,Business,High School,0,0,3
26,0,25000.0,3.14,78.2,13.2,0,1,5.4,0.08,2,Arts,Bachelor,1,1,0
23,0,67587.0,5.46,65.6,66.0,1,1,3.6,3.08,1,Arts,Bachelor,0,1,0
20,0,25000.0,2.94,77.9,33.7,1,1,7.3,1.21,4,Science,Bachelor,0,1,4
17,0,34109.0,1.25,78.6,36.6,0,1,4.5,0.67,4,CS,High School,1,0,2
26,0,66915.0,4.4,87.0,37.7,1,0,2.4,2.03,2,Engineering,High School,0,0,1
17,0,25000.0,3.92,89.8,39.3,1,0,5.7,0.61,2,Science,High School,1,0,4
17,0,48900.0,5.59,73.8,40.8,1,0,7.5,1.14,1,Business,Bachelor,1,1,3
23,1,40633.0,2.66,84.4,39.3,0,0,3.0,3.08,4,Business,Bachelor,0,1,3
26,1,29036.0,3.55,87.2,43.5,0,1,5.3,1.87,3,Arts,High School,0,0,0
24,0,25000.0,3.43,76.0,32.0,1,1,4.5,2.7,4,Arts,Bachelor,0,1,0
22,1,25000.0,5.04,88.2,42.9,1,1,7.3,1.48,1,Science,Bachelor,0,1,4
22,1,35372.0,2.59,83.1,52.7,1,0,1.8,2.68,1,Arts,Bachelor,1,1,0
22,1,25000.0,5.66,79.8,32.4,1,1,7.5,3.91,3,Engineering,High School,0,0,1
22,0,32159.0,3.04,83.1,35.8,0,0,4.2,1.85,4,Science,Master,0,2,4
21,1,41136.0,3.42,69.4,23.0,1,0,5.2,0.75,2,Arts,Bachelor,0,1,0
21,0,53698.0,4.05,83.1,28.0,1,0,7.0,0.92,3,Science,Bachelor,0,1,4
20,1,25000.0,2.68,75.2,34.2,1,0,8.2,1.95,2,Arts,Master,0,2,0
19,0,65496.0,4.51,82.2,25.3,1,0,5.6,1.56,2,Arts,PhD,0,3,0
20,0,82225.0,4.34,78.8,31.1,1,1,4.2,1.19,1,Science,Bachelor,0,1,4
17,0,38028.0,3.19,84.3,34.1,1,0,4.5,1.03,2,CS,High School,0,0,2
20,0,25000.0,4.37,91.5,48.2,1,0,7.6,2.49,3,CS,Bachelor,0,1,2
18,1,25000.0,4.41,83.0,19.6,1,1,3.9,3.68,1,Science,PhD,1,3,4
18,0,28896.0,4.74,90.0,35.0,0,1,6.1,3.39,2,CS,Bachelor,0,1,2
21,1,34971.0,5.43,73.8,22.8,1,1,5.5,0.86,4,Science,High School,0,0,4
24,0,30127.0,4.54,93.5,39.2,1,0,6.9,1.92,3,Arts,Bachelor,0,1,0
23,0,35196.0,4.63,73.9,40.1,1,1,5.6,2.65,4,Arts,High School,0,0,0
17,1,28157.0,2.57,72.0,50.1,1,0,4.7,2.17,2,Arts,Master,1,2,0
18,1,34859.0,2.01,79.8,24.9,1,1,4.6,2.5,3,Science,Bachelor,0,1,4
23,0,25000.0,3.28,78.4,31.7,1,0,4.6,1.49,3,CS,Bachelor,1,1,2
18,0,25000.0,4.43,69.3,39.6,0,0,3.0,3.01,4,Arts,Bachelor,0,1,0
20,1,25000.0,4.54,73.0,37.9,1,1,6.4,2.55,1,Arts,Master,0,2,0
22,0,29684.0,4.09,38.2,5.0,1,0,5.5,0.08,3,Science,Bachelor,1,1,4
18,1,71564.0,4.17,71.2,21.8,1,0,2.9,1.41,2,Science,High School,0,0,4
21,1,41489.0,5.46,76.7,36.8,1,0,4.8,2.33,4,Business,PhD,0,3,3
18,0,65853.0,6.94,93.9,27.5,1,0,5.0,2.37,4,Arts,Bachelor,1,1,0
19,0,48006.0,5.87,87.7,39.7,1,1,4.4,2.04,4,Business,Bachelor,0,1,3
21,0,33149.0,3.32,84.6,42.5,0,0,5.3,2.06,1,Arts,High School,0,0,0
17,0,25000.0,3.25,99.3,27.4,1,1,5.3,3.98,3,Engineering,Bachelor,0,1,1
22,1,25405.0,4.64,67.7,37.2,0,1,7.1,2.02,4,Engineering,Bachelor,1,1,1
21,1,25000.0,5.05,81.5,47.5,0,1,5.5,1.59,4,Engineering,High School,1,0,1
22,1,25000.0,5.46,98.3,42.2,1,1,6.6,3.57,2,CS,Bachelor,0,1,2
21,1,25000.0,4.78,77.9,20.8,1,0,3.0,1.46,1,CS,High School,0,0,2
24,0,39960.0,2.41,75.4,27.8,1,0,3.6,1.0,1,Science,High School,0,0,4
21,1,36124.0,2.19,88.5,30.3,0,0,3.0,4.0,3,Arts,Bachelor,0,1,0
20,0,25000.0,5.9,77.5,18.8,1,1,4.8,3.77,4,Arts,Bachelor,1,1,0
21,1,25000.0,3.79,92.1,42.8,1,1,5.6,2.44,4,CS,Master,0,2,2
22,0,59679.0,2.74,88.7,22.3,0,0,8.5,0.0,1,Science,High School,1,0,4
21,1,25000.0,2.53,80.5,28.8,0,0,4.0,3.07,4,Science,Master,1,2,4
21,1,32941.0,3.29,89.8,42.9,1,1,7.0,0.77,3,Engineering,Bachelor,0,1,1
19,0,26533.0,6.07,80.1,24.6,1,0,4.0,3.77,2,Business,High School,1,0,3
19,0,40288.0,3.68,83.1,26.0,0,1,5.5,2.3,1,Business,Master,0,2,3
17,1,29219.0,3.965,86.7,34.1,1,0,5.5,1.63,4,Science,High School,0,0,4
24,0,31384.0,4.45,78.9,25.1,1,0,3.8,2.79,2,Engineering,Master,1,2,1
18,1,32900.0,3.92,94.1,48.4,0,1,4.0,3.92,1,Business,PhD,0,3,3
19,1,34136.0,1.43,82.6,19.0,1,0,8.4,2.43,1,Engineering,Bachelor,0,1,1
19,0,31177.0,5.09,84.3,5.0,1,0,4.5,1.2,4,Arts,High School,0,0,0
23,0,36562.0,3.03,71.5,40.1,0,1,7.3,1.94,3,Science,Master,0,2,4
20,1,110753.0,1.85,76.8,25.7,1,0,6.7,0.93,3,CS,Bachelor,0,1,2
23,0,138244.0,1.6,83.3,20.3,1,0,4.4,1.99,1,Science,Master,0,2,4
19,0,25000.0,4.77,88.9,34.6,0,0,5.5,3.7,4,Business,PhD,0,3,3
21,1,25000.0,5.05,93.3,35.0,1,0,5.7,1.38,1,Arts,High School,0,0,0
19,1,42502.0,1.03,73.5,20.9,0,0,6.4,1.37,2,Business,High School,0,0,3
25,0,33248.0,3.32,75.4,44.2,0,0,4.8,1.98,4,Business,PhD,1,3,3
18,0,56197.0,4.47,72.2,40.3,0,0,2.8,2.51,3,CS,Bachelor,0,1,2
21,1,35275.0,4.2,85.9,53.7,1,0,4.2,2.68,3,Business,Bachelor,1,1,3
22,1,30797.0,3.33,93.3,24.5,0,1,7.6,0.41,3,Arts,Bachelor,1,1,0
21,1,58533.0,3.89,80.7,31.9,0,0,5.4,1.64,3,Science,Bachelor,1,1,4
20,0,30604.5,3.56,67.5,32.8,0,0,5.5,2.75,1,Science,Bachelor,0,1,4
20,1,25000.0,4.57,83.1,26.1,1,1,2.8,2.97,2,Arts,Bachelor,0,1,0
21,1,25000.0,4.84,78.2,34.8,1,0,7.7,0.66,1,CS,High School,1,0,2
20,1,27907.0,3.43,72.2,35.7,0,0,5.1,2.64,2,Business,PhD,0,3,3
23,1,31542.0,2.35,90.5,35.7,1,0,7.5,1.13,1,Arts,Master,0,2,0
25,0,25963.0,4.32,83.2,26.1,1,0,6.7,1.97,3,Arts,Bachelor,0,1,0
19,1,38581.0,5.04,77.6,27.5,1,0,6.9,2.6,1,Engineering,PhD,1,3,1
18,0,54050.0,3.12,100.0,23.2,1,1,8.5,0.53,4,CS,Bachelor,0,1,2
20,0,83586.0,4.3,82.0,21.0,0,0,5.7,2.02,1,Business,Bachelor,0,1,3
26,1,42081.0,4.0,68.3,29.2,1,0,5.3,0.36,3,Engineering,Bachelor,1,1,1
19,1,25000.0,1.84,87.2,48.2,0,1,8.3,0.69,4,Science,PhD,1,3,4
24,1,27216.0,3.79,67.3,54.5,1,1,7.0,3.03,4,CS,Master,0,2,2
24,1,28418.0,4.23,85.7,45.8,1,1,4.2,1.88,1,CS,Bachelor,1,1,2
19,0,40489.0,3.4,85.5,24.4,1,1,7.4,3.05,2,Science,Master,1,2,4
22,1,37530.0,5.42,93.0,34.9,0,0,8.2,1.75,2,Engineering,Bachelor,0,1,1
24,0,101746.0,2.38,74.0,5.4,1,1,1.4,3.43,3,CS,Master,0,2,2
20,1,25000.0,6.8,79.7,28.1,1,0,3.3,3.52,1,Arts,Bachelor,0,1,0
20,0,37453.0,4.0,81.4,25.3,0,0,4.0,2.87,1,Engineering,Master,0,2,1
19,1,122128.0,3.75,88.9,52.5,0,0,6.8,2.91,3,Business,High School,0,0,3
18,0,25000.0,5.19,85.5,33.1,0,1,6.9,2.19,2,Engineering,Bachelor,0,1,1
19,1,32438.0,2.06,86.2,30.6,0,0,6.4,2.63,1,Engineering,Bachelor,0,1,1
18,1,25000.0,6.96,91.8,29.2,0,0,7.1,3.67,2,Business,Bachelor,0,1,3
21,0,31234.0,3.11,80.2,26.5,1,1,3.5,2.9,1,Science,Bachelor,0,1,4
19,1,31202.0,4.33,93.7,36.4,1,1,5.5,3.61,2,Arts,High School,0,0,0
21,1,55719.0,4.0,81.3,22.1,1,0,7.8,1.45,3,Science,High School,0,0,4
17,1,32480.0,2.68,89.2,36.6,1,0,5.7,2.57,3,Arts,High School,0,0,0
21,1,25000.0,5.32,78.0,47.2,0,0,7.7,1.29,3,Engineering,High School,0,0,1
22,0,49234.0,4.69,86.8,31.4,1,0,4.2,2.24,1,Arts,High School,0,0,0
17,0,33117.0,7.97,91.3,26.2,1,0,3.6,3.55,1,Engineering,Bachelor,0,1,1
21,0,29219.0,3.995,73.3,29.1,1,0,5.5,2.82,1,Arts,High School,0,0,0
23,0,25000.0,3.18,89.6,44.4,0,0,6.9,0.03,3,Engineering,Bachelor,1,1,1
18,0,37097.0,1.59,83.4,31.7,1,1,7.5,0.37,2,CS,Bachelor,1,1,2
24,1,47288.0,3.03,98.3,22.7,0,1,6.5,3.02,1,Engineering,High School,0,0,1
21,0,25000.0,4.33,79.9,39.7,0,0,4.6,2.78,2,CS,Master,0,2,2
19,0,25000.0,3.51,84.3,21.5,1,1,6.6,1.96,4,CS,High School,1,0,2
20,0,29000.0,4.99,80.8,27.2,1,0,6.6,2.77,1,Engineering,Bachelor,1,1,1
22,1,62123.0,4.47,87.3,32.7,0,1,1.9,3.27,2,Arts,Master,0,2,0
21,1,29684.0,3.965,64.5,20.3,1,0,5.5,2.05,4,Science,Bachelor,1,1,4
22,0,25000.0,3.47,70.7,8.6,1,0,6.0,1.61,2,Engineering,High School,0,0,1
19,1,25000.0,2.87,87.3,35.4,1,0,7.5,0.75,2,Science,Bachelor,0,1,4
21,0,25000.0,4.45,82.2,5.0,0,0,5.3,3.09,1,Arts,Master,0,2,0
17,1,25000.0,4.56,66.0,18.9,0,0,5.8,0.95,1,Business,High School,1,0,3
20,1,38866.0,3.22,76.9,39.3,1,0,5.4,1.73,4,Engineering,Bachelor,1,1,1
19,0,27917.0,1.87,78.9,35.0,1,1,6.0,0.76,2,CS,Bachelor,1,1,2
19,1,25000.0,7.66,78.1,28.1,0,0,3.0,3.16,2,CS,Bachelor,0,1,2
23,1,57674.0,4.42,89.5,19.3,1,0,4.4,3.0,2,CS,Master,0,2,2
23,0,32346.0,4.42,92.1,24.8,0,1,1.5,3.98,2,Science,High School,0,0,4
22,1,38609.0,1.56,64.1,36.9,0,0,4.7,2.21,1,CS,Bachelor,0,1,2
18,0,25000.0,4.94,81.0,28.4,1,0,6.4,1.71,2,Science,Bachelor,0,1,4
20,0,25000.0,5.38,82.9,15.2,0,0,4.1,3.54,1,Business,Bachelor,0,1,3
23,0,25000.0,4.44,70.1,19.4,1,0,5.0,1.7,4,Engineering,Master,0,2,1
21,0,25000.0,4.17,92.0,24.8,0,0,6.2,3.5,1,Engineering,Bachelor,0,1,1
26,0,42016.0,4.18,85.0,34.4,0,1,10.0,0.58,1,CS,High School,1,0,2
21,1,25000.0,2.85,88.8,31.3,1,0,5.4,3.71,4,Science,Bachelor,0,1,4
21,0,77320.0,3.09,78.4,15.0,1,0,6.8,1.52,1,Arts,High School,1,0,0
20,0,32937.0,3.7,75.8,46.2,1,0,5.2,2.54,1,Engineering,High School,0,0,1
21,1,67250.0,5.43,77.4,21.1,1,1,6.1,1.53,2,Engineering,High School,0,0,1
20,1,25000.0,4.35,81.1,35.3,0,1,5.4,2.31,1,CS,High School,1,0,2
22,1,40228.0,3.04,78.6,18.6,1,0,4.7,2.11,1,Business,Bachelor,0,1,3
23,1,31292.0,3.16,89.2,59.8,0,0,5.1,2.55,3,Business,Bachelor,0,1,3
19,1,48563.0,1.19,100.0,45.9,1,1,7.7,1.51,4,Science,PhD,0,3,4
18,1,25841.0,4.58,86.7,20.7,1,1,6.0,2.22,3,Science,Bachelor,0,1,4
17,1,39495.0,3.73,66.4,31.1,0,0,3.3,1.72,2,Business,High School,1,0,3
22,1,57602.0,4.24,83.2,17.6,1,0,4.7,2.71,3,Science,High School,0,0,4
18,0,25000.0,7.94,72.5,25.7,1,0,3.9,2.02,4,Engineering,High School,0,0,1
17,0,34384.0,3.42,78.7,35.1,1,1,7.2,1.37,3,Engineering,High School,0,0,1
21,1,25000.0,4.28,81.7,40.1,0,0,4.1,1.48,3,Arts,High School,0,0,0
26,0,45320.0,3.18,79.9,15.1,1,0,7.1,3.59,2,CS,High School,0,0,2
21,0,96067.0,3.78,73.7,21.0,1,0,7.3,2.29,2,Science,Bachelor,0,1,4
22,1,25000.0,2.73,86.2,41.3,1,1,5.8,1.96,3,Engineering,PhD,1,3,1
21,1,28146.0,2.57,66.0,45.9,1,0,6.5,1.82,3,CS,Bachelor,1,1,2
20,0,50427.0,1.65,85.1,20.7,0,1,4.6,2.7,1,Arts,Bachelor,0,1,0
23,1,30298.0,2.59,74.8,41.5,0,0,7.0,0.52,4,CS,Master,1,2,2
20,1,32829.0,4.3,84.2,15.2,1,0,3.3,1.27,2,Science,Bachelor,0,1,4
21,1,25000.0,3.59,71.2,26.4,0,0,4.7,1.89,3,Science,Master,1,2,4
21,1,25000.0,3.71,83.9,16.3,1,0,4.9,2.35,3,CS,High School,1,0,2
19,1,28226.0,3.41,93.0,25.1,0,0,7.3,2.49,2,Science,High School,0,0,4
23,1,30485.0,4.2,77.2,52.9,1,0,8.6,0.48,2,Engineering,Bachelor,0,1,1
20,0,25000.0,4.12,77.1,29.3,0,0,4.7,3.61,3,Arts,Bachelor,0,1,0
19,1,28578.0,4.04,85.5,26.6,0,0,5.3,1.26,1,Business,High School,0,0,3
22,1,76200.0,3.58,83.7,23.2,1,0,3.4,1.94,3,Business,Bachelor,0,1,3
19,1,25000.0,4.95,70.9,26.4,1,0,5.4,0.41,1,Business,Bachelor,1,1,3
21,1,25000.0,1.39,90.9,20.3,1,0,7.5,0.0,3,Science,High School,0,0,4
21,0,27150.0,3.01,88.5,31.6,0,1,2.3,4.0,1,Business,Bachelor,0,1,3
23,1,25000.0,2.96,92.3,29.6,0,0,5.5,3.46,1,Arts,High School,0,0,0
22,0,25000.0,4.84,86.4,24.5,1,1,6.8,2.46,2,Science,Bachelor,0,1,4
20,0,32322.0,3.3,97.1,23.5,1,0,5.6,4.0,4,Business,High School,0,0,3
22,0,25000.0,2.73,67.0,32.2,1,0,5.2,1.48,1,Business,High School,0,0,3
24,0,25000.0,4.22,94.2,21.2,0,1,7.1,3.65,4,Arts,Bachelor,0,1,0
22,1,32600.0,5.04,78.9,27.1,1,1,4.0,3.23,2,CS,High School,0,0,2
21,0,25000.0,4.96,77.6,24.6,0,0,4.1,3.95,2,Arts,High School,0,0,0
18,0,30258.0,4.11,61.3,5.0,1,0,5.5,2.27,4,Science,PhD,0,3,4
18,1,44468.0,4.15,86.1,40.3,0,0,6.1,1.38,2,Business,High School,1,0,3
20,0,25000.0,4.36,88.4,8.0,0,1,5.9,2.46,1,Science,Bachelor,0,1,4
19,0,25000.0,3.66,78.3,8.8,1,1,4.5,2.52,2,Business,Bachelor,0,1,3
20,0,25000.0,3.58,84.2,40.7,0,0,3.9,2.17,4,CS,High School,0,0,2
21,0,25000.0,2.73,100.0,16.7,1,0,5.4,3.56,1,Engineering,High School,0,0,1
22,0,38439.0,4.9,76.6,5.1,1,0,5.7,0.0,1,Engineering,High School,1,0,1
20,0,31806.0,1.66,78.8,46.0,1,0,3.3,2.74,3,Arts,Bachelor,0,1,0
22,1,124882.0,2.3,93.4,22.3,0,0,2.0,3.83,3,Science,High School,0,0,4
21,0,57077.0,6.43,69.4,44.6,0,0,2.4,3.45,3,Science,Master,0,2,4
17,0,25000.0,3.85,84.0,19.0,1,0,2.9,3.94,2,Science,High School,0,0,4
18,1,25000.0,4.18,62.7,10.3,0,0,3.3,3.0,4,Science,High School,0,0,4
20,0,150846.0,2.42,71.0,26.1,0,1,5.3,0.73,4,Science,Bachelor,1,1,4
18,1,56249.0,4.63,72.5,15.5,1,0,5.7,3.31,1,CS,High School,0,0,2
22,0,42346.0,5.79,75.0,34.9,1,0,5.2,0.56,4,Science,Bachelor,1,1,4
24,0,31098.0,5.89,72.0,38.1,1,1,6.1,3.7,4,CS,Master,0,2,2
23,1,35035.0,2.03,83.6,41.2,1,0,6.2,1.45,2,Arts,High School,0,0,0
20,0,25000.0,5.52,93.2,26.3,1,0,6.1,1.3,2,Business,Bachelor,0,1,3
24,0,32670.0,4.01,98.3,46.6,0,0,5.7,2.78,3,Business,High School,0,0,3
21,1,31031.0,0.72,73.8,18.9,1,1,3.6,2.04,2,Engineering,PhD,1,3,1
20,0,25000.0,2.0,87.8,31.6,1,1,3.1,2.02,4,CS,Bachelor,0,1,2
19,1,25000.0,1.55,91.7,28.3,1,1,4.5,1.51,2,Science,Bachelor,0,1,4
20,1,73799.0,4.78,83.0,53.7,1,0,7.5,1.32,2,CS,Bachelor,0,1,2
20,0,27581.0,3.76,87.7,44.5,1,0,9.7,3.7,3,CS,PhD,0,3,2
21,1,103023.0,3.15,85.7,30.4,1,0,6.5,0.9,3,Business,Bachelor,1,1,3
21,0,25000.0,3.88,85.7,32.4,0,0,6.1,1.75,4,CS,High School,0,0,2
21,1,25000.0,6.28,76.1,48.4,1,1,7.4,2.13,4,Science,Bachelor,0,1,4
22,1,25000.0,3.62,66.0,21.0,1,0,8.2,2.72,3,CS,High School,0,0,2
23,1,25000.0,4.43,79.2,5.6,0,0,3.8,1.49,2,Science,Master,0,2,4
23,0,25000.0,4.82,75.9,18.4,0,1,10.0,0.91,3,Engineering,High School,1,0,1
17,1,35925.0,2.42,79.8,25.0,0,0,8.4,0.34,3,CS,Master,1,2,2
17,0,34895.0,4.73,89.7,46.3,0,1,3.0,3.6,4,Science,Bachelor,0,1,4
23,0,29684.0,3.73,78.5,42.4,1,0,5.5,3.85,2,CS,Bachelor,0,1,2
18,1,25000.0,5.3,83.2,29.5,0,0,10.0,1.77,3,Business,Master,1,2,3
20,0,72158.0,3.81,72.5,35.6,1,0,7.4,2.4,1,Business,High School,0,0,3
18,1,25048.0,5.22,78.9,21.5,1,1,4.4,3.75,4,Business,Bachelor,0,1,3
17,0,25000.0,4.64,75.8,55.1,0,1,5.6,3.56,1,Engineering,High School,1,0,1
22,1,35065.0,4.09,83.0,44.6,0,0,6.9,3.38,2,Science,High School,0,0,4
22,0,33613.0,5.19,78.3,30.6,0,1,7.1,0.84,2,Science,Master,1,2,4
19,0,25000.0,6.27,89.2,29.1,0,0,8.0,1.04,3,Business,Master,1,2,3
17,0,32504.0,5.2,75.2,38.4,0,0,5.9,2.89,1,CS,High School,0,0,2
19,1,25000.0,3.9,99.5,29.3,1,0,6.0,2.53,3,Arts,Master,0,2,0
21,0,46908.0,3.37,70.2,8.1,1,0,4.8,2.66,3,CS,High School,0,0,2
17,1,25000.0,4.69,84.4,48.4,1,0,3.8,3.66,2,Engineering,High School,0,0,1
21,0,25000.0,4.2,69.1,44.0,1,1,3.7,2.9,4,CS,Master,0,2,2
21,0,43883.0,5.46,90.4,34.5,1,0,5.2,2.15,3,Business,Master,0,2,3
22,0,61229.0,2.76,82.4,25.0,1,0,6.1,3.53,4,Arts,Bachelor,0,1,0
21,0,76993.0,5.35,83.6,30.1,1,0,2.9,3.98,1,Business,Bachelor,0,1,3
18,1,56021.0,2.19,74.8,5.0,0,0,9.2,3.02,3,Engineering,Bachelor,0,1,1
23,1,25000.0,3.77,90.7,16.7,1,0,4.2,3.77,4,Business,Master,0,2,3
20,0,25000.0,4.76,87.1,51.2,1,0,4.0,3.93,4,Engineering,Bachelor,0,1,1
20,1,69081.0,3.85,77.6,36.2,0,1,5.4,0.05,1,Arts,Bachelor,1,1,0
18,1,67671.0,4.57,81.9,6.6,0,0,1.2,4.0,2,Business,Bachelor,0,1,3
20,0,25000.0,5.8,74.9,20.1,0,0,6.2,1.24,4,Engineering,Master,0,2,1
19,0,51674.0,3.26,74.2,6.9,0,0,3.7,3.1,3,CS,Master,0,2,2
20,1,25000.0,2.17,77.1,20.6,0,1,2.0,0.89,1,Business,Bachelor,0,1,3
24,0,73186.0,2.52,79.8,28.0,0,0,5.8,0.78,1,Arts,Bachelor,0,1,0
18,0,25000.0,3.88,82.0,49.2,1,0,5.8,2.78,3,Engineering,High School,1,0,1
17,0,29219.0,4.11,81.6,39.4,1,0,5.5,2.71,4,Science,High School,0,0,4
24,1,47652.0,3.59,75.1,26.4,1,1,5.8,2.54,4,Arts,Master,0,2,0
20,0,87424.0,6.8,88.1,27.0,0,1,5.8,1.95,1,Business,High School,0,0,3
19,0,25000.0,2.35,90.7,20.4,0,0,5.6,1.92,3,Science,Bachelor,0,1,4
23,0,37912.0,1.73,89.3,43.1,0,1,1.0,3.92,2,Engineering,High School,0,0,1
19,0,25000.0,4.3,87.6,44.5,1,1,5.6,3.96,3,CS,Bachelor,0,1,2
25,0,49335.0,3.26,62.0,13.9,0,0,5.4,0.36,1,Business,PhD,0,3,3
22,1,50992.0,3.02,74.0,9.4,1,0,5.2,3.64,3,Engineering,Bachelor,0,1,1
19,0,125268.0,4.03,70.1,26.2,0,0,4.0,1.76,1,CS,High School,0,0,2
25,1,39705.0,2.4,67.8,27.6,0,0,6.5,1.09,3,CS,Bachelor,0,1,2
19,0,45911.0,4.71,91.2,33.1,0,1,3.7,2.74,3,Science,High School,1,0,4
22,1,25000.0,4.25,95.6,9.9,1,0,6.8,1.24,2,Arts,Bachelor,0,1,0
21,1,41144.0,3.53,82.1,21.4,0,1,6.2,1.18,2,Arts,High School,1,0,0
23,0,25000.0,4.27,85.8,29.0,0,0,8.0,0.94,1,CS,Master,0,2,2
24,1,31873.0,6.49,79.1,20.7,0,1,4.7,4.0,1,Arts,Bachelor,0,1,0
21,0,33015.0,3.68,91.4,40.3,1,0,7.9,0.81,2,Arts,Master,0,2,0
19,1,25000.0,3.36,84.2,52.4,1,0,5.9,0.93,2,Arts,Master,0,2,0
22,0,30877.0,4.87,77.8,23.5,1,0,5.4,2.98,1,Engineering,Bachelor,0,1,1
19,1,25000.0,3.14,86.5,40.7,1,1,4.0,1.07,2,Business,High School,0,0,3
25,1,25000.0,4.63,80.5,25.7,0,0,6.2,3.51,3,Engineering,Bachelor,0,1,1
21,1,56727.0,5.07,83.6,18.8,1,0,4.6,3.23,3,Business,High School,0,0,3
20,1,33033.0,5.82,87.5,21.5,1,0,5.4,1.53,4,Science,High School,0,0,4
21,0,36616.0,3.58,100.0,39.2,1,0,6.9,2.07,1,CS,PhD,0,3,2
18,1,25000.0,2.28,96.3,22.3,1,0,5.4,3.98,1,Business,High School,0,0,3
18,1,38333.0,3.67,83.2,24.6,1,0,6.1,2.95,1,CS,High School,0,0,2
23,1,40874.0,4.23,74.5,16.3,0,1,8.2,2.31,1,Science,Master,0,2,4
19,0,25000.0,3.2,64.0,37.6,0,0,6.5,1.62,3,Engineering,Bachelor,1,1,1
18,1,103883.0,4.17,92.3,35.5,1,1,4.3,2.99,1,Science,Bachelor,0,1,4
22,0,25000.0,6.27,91.0,47.5,0,0,4.8,3.47,2,Science,Bachelor,0,1,4
23,1,47602.0,3.26,77.0,37.2,1,0,5.8,2.17,3,Science,Master,0,2,4
22,0,45601.0,2.95,81.3,35.0,1,0,9.3,0.43,4,Business,Bachelor,1,1,3
23,0,41149.0,5.22,83.7,37.0,1,1,3.1,1.84,2,Science,Bachelor,0,1,4
19,1,33048.0,2.39,86.8,26.9,1,0,5.8,2.4,1,Business,PhD,0,3,3
17,0,41374.0,4.02,95.2,31.3,1,0,8.0,2.37,3,Business,High School,0,0,3
24,1,50056.0,3.32,71.6,41.2,0,0,6.6,0.05,2,CS,Bachelor,0,1,2
20,1,29590.0,4.17,87.4,20.2,1,1,5.5,3.26,4,Business,Bachelor,0,1,3
20,0,35579.0,3.81,83.8,50.4,0,0,2.4,3.75,4,CS,High School,0,0,2
23,0,26636.0,3.18,77.9,37.7,0,1,8.2,1.75,3,Arts,Master,0,2,0
22,1,25000.0,4.66,88.5,54.3,1,1,4.6,3.7,2,Engineering,Bachelor,0,1,1
22,0,45720.0,4.26,81.1,15.9,1,1,3.8,2.63,3,Business,Master,0,2,3
25,1,25000.0,4.23,81.4,15.9,1,0,6.0,2.3,1,Business,High School,0,0,3
19,1,25000.0,2.77,84.5,34.5,1,0,8.1,1.76,4,Science,Bachelor,0,1,4
23,0,25000.0,3.26,78.3,31.5,0,0,6.2,2.51,4,Business,Bachelor,0,1,3
21,0,25000.0,4.33,87.2,24.5,1,0,4.8,2.9,3,Arts,Master,1,2,0
21,0,55110.0,2.84,78.8,14.8,0,0,5.9,0.15,2,CS,High School,0,0,2
24,1,32595.0,3.95,95.5,26.8,1,0,5.7,2.92,3,Arts,Bachelor,0,1,0
22,0,68147.0,4.45,83.8,32.6,1,0,4.7,2.32,4,Science,Master,0,2,4
22,0,25000.0,4.97,76.6,14.3,0,0,5.6,2.65,1,Business,Master,0,2,3
23,1,50237.0,3.3,84.5,25.1,1,0,4.0,2.81,1,Science,Bachelor,0,1,4
20,1,163370.0,3.49,89.9,34.6,1,1,3.7,2.61,4,Business,Bachelor,0,1,3
19,0,36813.0,4.26,69.4,39.5,1,1,6.5,3.79,1,Arts,Bachelor,0,1,0
18,0,49861.0,3.05,92.1,26.6,1,1,4.8,2.26,2,Business,Master,0,2,3
17,1,45076.0,2.2,84.7,20.4,1,1,5.5,4.0,4,Engineering,Master,0,2,1
25,1,25000.0,4.46,81.8,31.4,0,0,4.1,2.73,3,Engineering,High School,0,0,1
18,1,42256.0,3.66,76.5,27.5,1,0,4.5,1.85,2,Science,High School,0,0,4
20,1,35735.0,4.7,84.8,12.4,1,0,4.6,2.81,3,Engineering,Bachelor,1,1,1
20,1,25442.0,3.26,74.9,24.6,1,1,4.4,2.64,2,Business,Master,0,2,3
21,1,25000.0,4.11,66.1,22.9,0,0,4.8,1.46,2,Engineering,High School,0,0,1
22,1,45089.0,1.65,76.3,30.3,0,1,5.9,2.07,2,Arts,High School,1,0,0
22,1,25000.0,4.79,79.8,21.2,0,1,8.0,0.21,2,Arts,Bachelor,0,1,0
19,1,106958.0,3.3,86.9,23.4,0,0,6.9,3.45,1,Arts,High School,0,0,0
20,0,31841.0,3.82,80.2,27.8,0,0,4.9,2.96,2,Arts,Master,0,2,0
21,0,25000.0,3.8,72.8,37.7,1,0,4.4,2.59,4,Science,Bachelor,0,1,4
20,1,25000.0,3.55,76.7,31.1,1,1,2.3,1.96,3,Engineering,Bachelor,0,1,1
24,0,25163.0,4.08,82.2,62.0,1,0,4.3,2.65,4,CS,Bachelor,0,1,2
22,1,126428.0,4.02,87.2,14.8,1,0,3.5,3.26,1,Science,High School,0,0,4
22,0,25000.0,4.29,88.5,40.9,0,0,5.6,0.32,3,CS,High School,0,0,2
22,1,27730.0,2.36,71.1,29.1,1,0,8.5,0.0,1,Science,Bachelor,1,1,4
23,0,25000.0,5.0,82.4,13.3,1,1,4.8,3.63,3,CS,High School,0,0,2
21,1,40117.0,3.84,88.2,25.5,1,0,2.9,2.33,3,Arts,High School,0,0,0
18,1,25000.0,4.44,75.0,11.8,0,0,5.1,1.27,2,Engineering,High School,1,0,1
21,0,25000.0,3.83,96.4,31.0,1,0,4.7,2.96,1,Business,High School,0,0,3
19,1,26445.0,2.61,78.0,26.3,0,0,7.8,2.19,2,Business,Bachelor,1,1,3
19,0,25000.0,7.29,90.2,21.8,0,1,2.1,3.07,1,Science,High School,0,0,4
22,0,25000.0,4.16,87.5,17.3,1,1,3.7,4.0,4,CS,High School,0,0,2
23,0,25000.0,1.95,76.5,42.2,1,1,6.9,1.93,1,Engineering,Bachelor,0,1,1
21,0,60525.0,3.88,82.1,28.1,1,0,2.7,3.92,1,Business,Bachelor,0,1,3
21,1,25000.0,3.49,92.9,32.5,0,1,6.5,0.89,1,Engineering,Bachelor,0,1,1
24,0,25000.0,3.79,77.7,32.1,1,1,4.3,1.08,3,Business,High School,1,0,3
21,1,25000.0,1.87,83.4,31.3,1,0,7.3,1.5,2,Engineering,High School,1,0,1
26,0,30718.0,4.04,70.0,26.1,0,0,5.4,0.86,2,Business,Master,0,2,3
22,1,25000.0,2.87,84.9,48.2,1,0,5.2,0.03,4,CS,High School,1,0,2
17,0,78872.0,5.92,78.8,56.8,0,0,6.6,1.86,2,Business,High School,0,0,3
22,1,50038.0,3.86,86.2,47.4,1,0,5.5,2.56,4,Arts,Bachelor,0,1,0
21,1,70130.0,4.93,75.2,30.3,0,0,3.3,3.37,4,Business,Bachelor,0,1,3
23,1,37619.0,5.15,84.6,29.4,1,0,4.6,0.75,1,Arts,High School,1,0,0
22,0,25000.0,4.58,79.2,43.1,0,1,2.6,3.27,2,CS,High School,0,0,2
20,1,74697.0,4.21,60.9,20.9,0,0,3.9,2.44,4,Science,Bachelor,0,1,4
18,0,25000.0,5.43,82.7,50.5,0,0,1.7,3.02,3,Science,Bachelor,0,1,4
20,0,25000.0,3.19,92.1,39.5,1,0,9.7,0.29,3,Engineering,Bachelor,0,1,1
19,0,32656.0,4.97,73.2,26.6,1,1,5.5,3.03,1,Business,High School,0,0,3
19,0,67978.0,3.46,76.8,33.4,0,1,6.5,2.16,2,Business,Bachelor,1,1,3
22,0,55936.0,4.12,92.6,37.5,0,0,4.0,3.07,3,Arts,Bachelor,0,1,0
24,1,51214.0,2.43,86.5,24.9,1,1,6.4,1.23,3,Arts,Bachelor,0,1,0
21,0,25000.0,2.3,79.4,42.4,1,0,6.9,3.87,1,Engineering,High School,0,0,1
18,0,25000.0,3.9,84.4,45.3,1,0,7.2,1.73,3,CS,Bachelor,0,1,2
22,0,36591.0,5.39,77.0,26.8,1,0,5.4,1.46,3,Science,High School,0,0,4
23,1,27500.0,3.74,100.0,24.3,1,0,7.3,1.91,2,Arts,Bachelor,0,1,0
19,1,50695.0,6.2,89.1,28.7,0,0,4.4,4.0,1,CS,High School,0,0,2
20,0,29794.5,4.03,95.7,16.1,1,1,5.5,2.74,1,Science,Master,0,2,4
21,1,42396.0,3.78,82.7,10.0,1,0,5.6,2.76,3,Science,Bachelor,0,1,4
19,1,25000.0,5.93,71.8,24.8,0,1,3.4,3.95,4,Business,Bachelor,1,1,3
22,0,32106.0,5.7,86.0,18.5,1,0,2.2,3.99,3,Science,Bachelor,0,1,4
20,1,27853.0,2.23,92.0,51.2,1,1,5.0,2.61,1,CS,Master,0,2,2
21,1,32886.0,3.95,92.4,24.5,1,0,5.0,0.54,2,Science,PhD,1,3,4
19,1,25000.0,4.67,68.5,35.5,1,0,5.0,2.27,3,Arts,PhD,0,3,0
20,0,25000.0,4.94,83.7,22.5,0,1,7.4,2.44,1,CS,Bachelor,0,1,2
22,0,39257.0,4.79,69.2,51.4,0,0,8.0,0.88,1,Science,High School,1,0,4
20,0,25000.0,3.79,77.3,27.7,0,0,6.7,2.69,3,Engineering,Master,1,2,1
24,1,41974.0,3.6,86.7,15.1,1,0,6.6,2.82,2,Engineering,Bachelor,0,1,1
20,1,25000.0,3.86,92.7,38.0,1,0,5.4,4.0,3,CS,Bachelor,0,1,2
21,0,69532.0,3.03,83.8,33.1,0,0,5.8,2.07,2,Arts,Bachelor,0,1,0
23,0,54211.0,2.23,72.8,44.4,0,0,6.3,1.91,2,Science,Bachelor,1,1,4
17,1,35529.0,4.67,86.8,28.2,0,1,5.8,2.14,1,Arts,Bachelor,0,1,0
17,1,26161.0,4.75,75.2,31.3,0,1,6.6,3.08,4,Business,Master,0,2,3
17,1,49585.0,6.28,79.7,11.9,0,1,5.6,1.93,1,CS,Bachelor,0,1,2
23,1,37629.0,3.23,82.7,40.0,0,0,4.6,2.6,2,Business,Bachelor,0,1,3
19,1,34309.0,4.48,76.6,30.8,1,0,6.0,2.12,4,CS,Bachelor,0,1,2
26,0,55588.0,3.67,87.1,28.5,1,1,5.1,3.35,2,CS,Bachelor,0,1,2
19,0,69977.0,3.81,88.0,27.2,0,1,8.1,2.68,3,Science,Master,1,2,4
21,0,25000.0,3.18,90.2,26.6,1,0,4.7,3.14,2,Arts,Bachelor,0,1,0
24,1,29590.0,3.87,93.4,40.2,1,1,5.5,1.37,4,Arts,Bachelor,0,1,0
25,0,25000.0,5.8,80.9,18.9,0,1,8.5,2.48,3,Arts,Bachelor,0,1,0
25,0,25000.0,3.44,72.2,38.9,1,0,3.5,2.53,1,Business,Master,1,2,3
23,0,28634.0,4.53,73.0,10.7,0,1,7.8,1.03,4,Engineering,Master,1,2,1
23,0,29803.0,4.11,95.9,7.0,0,0,5.5,2.79,1,Arts,Master,0,2,0
22,1,29353.0,2.1,94.9,46.9,0,0,6.5,0.41,3,Science,Bachelor,1,1,4
22,0,25000.0,3.8,92.7,17.7,1,0,8.3,1.07,1,CS,Bachelor,0,1,2
19,0,58447.0,6.49,77.3,31.3,1,1,4.1,2.54,4,Engineering,High School,1,0,1
19,1,32349.0,2.94,95.5,26.8,1,0,4.7,2.16,2,Arts,Master,0,2,0
21,0,36526.0,2.74,80.6,34.1,1,0,6.9,0.48,3,Engineering,Bachelor,0,1,1
20,1,59429.0,2.86,84.7,30.6,0,0,4.8,3.33,3,Engineering,Bachelor,0,1,1
20,1,27613.0,6.35,88.6,42.5,1,0,1.5,4.0,1,Science,Master,0,2,4
22,1,102347.0,5.44,92.1,12.8,1,0,7.2,4.0,3,CS,Master,0,2,2
23,1,25000.0,4.82,86.3,38.1,1,1,6.2,2.16,3,Engineering,Master,0,2,1
21,0,98594.0,5.76,93.0,29.4,1,0,5.5,1.99,2,Business,Master,0,2,3
24,1,29794.5,3.87,82.1,11.6,1,1,5.5,1.61,4,Arts,Master,0,2,0
18,0,40558.0,3.86,80.4,23.6,1,1,9.5,0.94,1,CS,Bachelor,0,1,2
20,0,25000.0,3.41,79.4,10.8,1,0,7.3,0.78,2,Science,High School,1,0,4
19,0,29718.0,3.75,57.8,9.9,0,1,5.5,2.12,4,Engineering,Bachelor,0,1,1
17,0,29803.5,4.105,44.6,24.8,0,0,5.5,1.35,1,CS,High School,1,0,2
20,1,35402.0,2.81,90.3,44.2,0,0,7.6,1.47,2,Engineering,High School,0,0,1
20,0,25000.0,4.68,80.1,33.8,0,0,7.6,2.96,1,Science,PhD,0,3,4
24,1,52174.0,3.58,87.9,45.6,0,1,2.8,2.35,2,Business,High School,1,0,3
22,0,25000.0,5.44,86.8,30.9,0,1,4.6,3.42,2,Science,Bachelor,0,1,4
18,0,81638.0,2.74,83.3,48.6,0,0,3.5,2.73,4,Business,Bachelor,0,1,3
25,1,25000.0,4.74,89.6,47.4,1,0,6.7,4.0,4,CS,High School,0,0,2
23,0,25000.0,4.21,90.6,18.6,1,0,3.9,3.28,4,Business,Bachelor,0,1,3
22,1,52624.0,4.24,74.4,30.9,0,0,8.3,1.18,4,Engineering,Bachelor,1,1,1
20,0,25000.0,4.36,94.3,21.3,0,0,7.8,2.0,3,CS,Bachelor,0,1,2
18,0,29604.0,3.75,88.9,28.3,0,1,5.1,3.95,2,Business,High School,0,0,3
20,0,25000.0,4.65,75.0,49.9,1,0,3.2,2.14,4,Science,High School,0,0,4
23,1,25000.0,4.37,76.8,22.3,1,0,4.1,1.43,2,Science,Bachelor,0,1,4
25,0,28390.0,4.15,72.1,15.8,1,1,6.3,1.16,4,Engineering,High School,0,0,1
24,0,63510.0,5.57,87.0,16.6,1,0,7.0,3.87,4,Arts,High School,0,0,0
19,0,54278.0,2.25,80.6,25.3,1,0,5.4,0.01,3,CS,Bachelor,1,1,2
18,1,34169.0,4.76,62.1,74.9,0,0,1.0,3.87,3,Science,Bachelor,0,1,4
21,1,57951.0,4.29,77.6,47.7,1,0,6.7,0.0,1,Arts,Master,1,2,0
17,1,25000.0,4.65,79.0,5.0,1,0,1.9,3.17,1,Business,PhD,0,3,3
21,0,25000.0,4.78,82.8,29.6,0,0,1.7,3.12,2,Science,Bachelor,0,1,4
20,1,37703.0,4.86,69.7,22.5,1,0,7.3,2.74,4,Engineering,High School,1,0,1
20,1,27495.0,3.5,82.9,41.8,0,0,3.4,1.8,2,Engineering,High School,0,0,1
17,1,25640.0,3.15,94.0,15.9,0,0,6.0,0.81,4,CS,High School,1,0,2
22,1,25000.0,4.61,83.5,17.6,1,0,5.7,2.35,3,Science,Bachelor,0,1,4
19,1,25000.0,5.92,86.7,23.1,1,0,4.1,2.75,4,CS,Master,0,2,2
18,0,48568.0,3.73,94.5,21.7,1,1,5.9,2.23,4,Arts,Bachelor,0,1,0
17,1,34404.0,2.68,81.2,37.8,1,1,4.5,1.08,1,CS,High School,0,0,2
20,1,51083.0,5.03,81.0,26.0,1,0,5.6,2.24,1,Business,Master,0,2,3
24,0,25000.0,2.92,84.8,42.0,1,1,4.8,2.36,1,Engineering,PhD,0,3,1
24,0,25000.0,4.41,74.9,20.3,1,0,4.6,2.36,4,Science,Bachelor,1,1,4
20,1,29850.0,2.7,76.4,40.4,1,1,4.3,3.12,4,Arts,PhD,0,3,0
19,0,49638.0,3.63,65.7,16.1,1,0,3.9,1.45,2,Business,Bachelor,0,1,3
22,1,25877.0,3.98,100.0,37.4,1,0,7.0,0.86,1,Engineering,Bachelor,0,1,1
18,0,48102.0,3.62,88.6,24.0,0,0,4.7,2.32,4,Arts,Bachelor,0,1,0
21,0,25000.0,4.3,74.4,40.7,0,1,3.5,2.41,4,Science,High School,0,0,4
22,0,26988.0,4.42,90.2,5.0,0,0,4.8,1.99,2,Engineering,Bachelor,0,1,1
23,0,28508.0,3.34,75.5,20.6,0,0,4.5,2.29,3,Science,High School,0,0,4
20,0,62059.0,3.28,82.5,44.0,0,0,4.8,3.88,4,Arts,Bachelor,0,1,0
20,0,33677.0,5.64,82.5,27.6,0,0,6.8,3.56,3,Business,Bachelor,0,1,3
19,1,84766.0,3.69,78.4,9.6,0,0,4.4,1.67,4,Arts,Master,1,2,0
19,1,25000.0,4.39,75.5,21.5,1,0,4.8,1.68,2,Arts,Master,0,2,0
20,0,32143.0,2.22,91.7,34.6,0,1,6.7,0.95,3,Engineering,High School,0,0,1
21,1,33112.0,6.34,82.7,20.3,1,0,6.3,2.35,2,Science,High School,0,0,4
23,1,43134.0,4.59,95.5,43.9,0,0,4.3,4.0,4,Business,Master,0,2,3
19,1,25000.0,1.37,73.7,43.0,1,0,7.2,0.03,3,Science,Master,1,2,4
24,1,29590.0,3.88,78.2,38.0,1,1,5.5,0.96,3,Arts,Bachelor,1,1,0
20,0,29965.0,3.06,81.6,42.4,0,0,7.0,0.95,2,Business,High School,1,0,3
21,0,25000.0,6.22,90.8,23.8,1,1,6.0,3.96,2,Arts,High School,0,0,0
19,0,29448.0,7.28,75.7,47.8,1,0,5.2,3.58,1,Business,Bachelor,0,1,3
17,0,30604.5,3.86,86.6,42.9,0,0,5.5,2.4,2,Business,Bachelor,0,1,3
22,1,157935.0,5.42,84.7,28.5,0,0,3.0,3.17,2,CS,Master,0,2,2
22,0,55824.0,5.62,93.4,10.5,1,0,5.3,3.08,4,Engineering,Bachelor,0,1,1
20,1,30632.0,2.57,86.0,5.0,1,0,5.5,2.43,2,Science,Bachelor,1,1,4
21,1,27802.0,3.91,67.6,41.9,0,0,5.0,0.06,4,Engineering,Bachelor,0,1,1
22,1,52609.0,3.89,73.9,10.7,1,1,5.3,2.54,3,Arts,Bachelor,0,1,0
17,1,54139.0,5.8,74.3,18.9,1,1,8.0,2.56,3,Business,High School,0,0,3
19,0,25000.0,6.73,78.4,35.7,1,0,8.4,2.01,4,Business,High School,0,0,3
22,0,43730.0,6.88,92.6,14.4,1,0,3.5,4.0,1,Business,Master,0,2,3
18,0,30236.0,4.65,79.9,59.2,1,0,6.0,1.91,3,Science,High School,1,0,4
21,1,25000.0,4.5,82.3,32.8,0,0,5.6,2.17,2,Arts,Master,0,2,0
18,1,50419.0,3.42,80.2,47.7,1,0,6.7,1.92,3,CS,Bachelor,0,1,2
22,1,114429.0,4.08,86.3,42.5,1,0,8.6,2.03,2,Science,High School,0,0,4
20,0,29803.5,4.025,76.2,5.0,0,0,5.5,1.83,3,Business,High School,1,0,3
17,1,57541.0,5.24,80.6,38.9,0,0,6.8,2.83,2,CS,High School,1,0,2
23,0,87770.0,4.72,80.5,29.8,0,1,5.6,3.69,3,Engineering,Bachelor,0,1,1
19,0,29803.5,3.9,81.4,29.3,0,0,5.5,1.67,2,Arts,High School,0,0,0
19,1,25000.0,6.52,77.5,29.7,0,1,10.0,1.84,3,Business,High School,1,0,3
21,0,44096.0,4.61,71.3,42.7,1,0,4.1,0.0,1,Engineering,Bachelor,1,1,1
23,1,25628.0,4.26,89.5,49.7,1,0,7.0,1.52,2,Business,Bachelor,1,1,3
18,0,25000.0,5.17,81.1,15.7,0,0,5.0,2.05,3,Science,Bachelor,0,1,4
21,1,28370.0,3.17,91.0,30.9,1,0,3.1,0.63,1,Science,Bachelor,1,1,4
21,0,46006.0,3.05,85.8,46.8,1,0,8.6,0.99,3,Science,Master,0,2,4
22,1,27190.0,3.52,86.1,27.5,0,0,2.4,2.66,3,Arts,High School,0,0,0
21,1,25000.0,2.69,91.0,32.4,0,1,1.6,3.74,2,Arts,Bachelor,0,1,0
20,1,26001.0,4.15,100.0,32.6,0,1,6.8,2.89,2,CS,High School,0,0,2
19,0,29387.0,1.35,92.4,55.4,1,1,5.0,1.76,2,Science,High School,1,0,4
21,1,25000.0,3.38,89.1,39.0,0,0,6.3,3.41,3,CS,Master,0,2,2
18,0,27292.0,1.44,84.3,54.8,0,0,5.5,2.02,2,Business,PhD,1,3,3
17,0,25000.0,3.66,92.1,50.9,0,1,6.6,1.9,4,CS,Bachelor,1,1,2
22,0,44153.0,3.72,76.0,27.3,1,0,5.0,1.58,1,Science,High School,0,0,4
23,1,31202.0,4.03,86.7,33.6,1,1,5.5,0.49,1,Arts,High School,0,0,0
17,0,54591.0,4.37,92.2,54.6,1,0,7.2,3.36,2,Business,High School,0,0,3
18,1,25000.0,2.99,89.6,16.3,1,0,8.3,3.11,1,CS,High School,0,0,2
22,1,25000.0,3.5,81.4,39.1,0,0,7.8,2.04,2,CS,High School,0,0,2
25,0,35478.0,5.86,85.6,39.3,1,0,5.3,1.93,1,Arts,Bachelor,0,1,0
21,1,25000.0,2.58,79.4,26.7,0,0,6.8,1.86,3,Arts,Bachelor,0,1,0
19,0,35145.0,6.78,75.9,25.4,0,1,6.3,1.46,4,Arts,Bachelor,1,1,0
20,1,25000.0,4.55,93.6,27.1,1,1,6.3,2.18,1,Arts,High School,0,0,0
24,0,25000.0,2.32,78.5,38.4,1,0,3.1,2.52,2,Arts,Bachelor,0,1,0
19,0,37919.0,2.65,78.5,47.7,0,0,6.9,0.08,4,Engineering,High School,1,0,1
19,0,25000.0,5.08,78.6,38.9,0,0,6.6,2.44,1,Engineering,High School,0,0,1
19,0,25000.0,4.96,76.4,14.9,0,0,8.8,0.61,3,Arts,High School,1,0,0
18,0,34508.0,4.56,76.2,48.1,1,0,7.6,1.34,3,Science,High School,0,0,4
21,0,30604.5,4.105,68.2,44.3,0,0,5.5,1.35,1,CS,Bachelor,0,1,2
24,0,32900.0,3.86,69.6,27.1,1,0,5.3,2.84,1,Engineering,Bachelor,0,1,1
21,0,36192.0,2.99,80.5,22.1,1,0,3.7,3.61,2,Engineering,High School,0,0,1
20,0,30774.0,4.51,85.7,19.1,0,1,8.8,1.42,4,Business,High School,1,0,3
20,1,42824.0,6.1,68.6,42.9,1,1,3.6,3.43,1,Engineering,Master,0,2,1
17,1,31523.0,3.96,83.5,7.4,0,0,2.1,3.52,2,CS,Master,0,2,2
22,1,25000.0,4.34,92.3,43.2,1,1,7.1,3.06,1,Arts,Bachelor,0,1,0
20,1,25000.0,5.33,78.2,24.6,1,0,5.7,1.86,1,Business,High School,0,0,3
20,1,94539.0,3.32,74.1,33.4,1,0,6.0,2.13,3,Science,Bachelor,1,1,4
28,1,29734.0,4.54,81.5,5.0,0,0,5.8,2.88,4,Arts,High School,0,0,0
21,0,52583.0,5.04,86.2,8.7,1,1,3.6,4.0,4,Business,High School,0,0,3
19,1,29803.5,4.15,77.5,21.8,0,0,5.5,3.68,3,Engineering,High School,0,0,1
20,0,28715.0,2.31,89.6,19.1,1,0,4.9,2.45,1,Science,Master,0,2,4
23,1,25000.0,3.71,85.8,39.1,0,0,4.7,3.52,2,Science,Bachelor,0,1,4
21,1,130556.0,5.11,95.8,33.6,1,0,8.1,3.7,3,Business,Bachelor,0,1,3
17,0,34612.0,2.09,68.5,53.2,1,0,6.9,1.51,1,Science,High School,1,0,4
23,1,25000.0,4.31,70.7,36.2,1,0,1.4,3.87,4,CS,PhD,0,3,2
19,0,25000.0,3.76,78.7,22.2,0,0,5.9,2.46,2,CS,High School,0,0,2
25,0,97172.0,3.71,71.3,44.7,1,1,7.4,0.53,2,CS,Bachelor,0,1,2
23,0,26958.0,4.39,94.6,24.4,0,0,3.3,3.47,3,Business,Bachelor,1,1,3
20,1,46469.0,1.8,83.9,23.8,0,0,3.9,3.65,1,Engineering,Master,0,2,1
23,1,49692.0,5.55,79.4,30.0,1,0,7.3,0.91,1,Science,Bachelor,0,1,4
21,1,25000.0,2.84,94.4,49.4,1,1,4.7,1.53,2,Arts,High School,0,0,0
22,0,44510.0,4.47,84.3,42.6,0,0,1.9,3.74,4,Science,High School,0,0,4
22,0,25000.0,4.91,80.3,42.2,1,1,7.7,1.17,1,Science,Master,1,2,4
19,1,29718.0,3.9,75.7,53.5,1,0,5.5,1.07,1,Arts,Bachelor,0,1,0
19,0,59795.0,3.96,86.4,42.0,0,0,6.2,2.7,3,Science,Bachelor,0,1,4
23,1,27040.0,2.1,86.2,15.3,1,0,5.4,0.67,2,Business,Bachelor,1,1,3
20,0,40583.0,1.93,87.5,36.5,1,0,7.5,0.15,4,Business,Bachelor,0,1,3
20,0,38046.0,5.66,88.4,49.5,1,1,3.5,3.73,3,Science,High School,0,0,4
18,0,43598.0,3.27,93.6,11.8,1,1,6.7,4.0,3,Science,Bachelor,0,1,4
21,1,25000.0,3.51,75.4,29.8,0,0,7.9,2.68,3,CS,PhD,0,3,2
25,0,25000.0,2.53,99.9,17.2,1,0,3.1,3.41,4,Science,Bachelor,0,1,4
18,0,25000.0,3.5,96.4,31.5,1,0,4.2,3.55,2,Science,High School,0,0,4
21,0,25000.0,6.27,95.7,43.6,1,1,8.5,2.46,1,CS,Bachelor,0,1,2
24,0,38461.0,4.04,80.4,46.1,1,0,7.4,3.4,1,Science,Bachelor,0,1,4
20,0,60605.0,2.95,76.3,27.8,0,1,4.0,3.07,2,CS,Master,0,2,2
22,0,66643.0,5.36,82.8,37.9,0,1,3.3,3.74,3,Science,High School,0,0,4
18,1,25000.0,0.76,84.3,12.0,0,0,6.0,0.62,2,CS,High School,0,0,2
21,0,35425.0,3.99,88.9,9.0,1,0,6.1,3.8,4,Business,Bachelor,0,1,3
20,1,38847.0,3.54,80.7,43.4,1,1,5.4,2.8,1,Arts,High School,0,0,0
23,1,43164.0,3.64,89.4,5.0,1,1,9.7,1.48,4,Arts,High School,0,0,0
23,0,25000.0,2.13,79.2,21.8,0,0,6.7,0.46,1,CS,Master,0,2,2
26,0,88641.0,3.81,82.4,38.1,1,1,4.0,1.99,4,Business,PhD,1,3,3
22,1,31048.5,4.285,87.8,32.6,0,1,5.5,1.22,1,Science,Master,0,2,4
21,0,52659.0,2.76,83.0,5.0,0,0,5.6,2.4,1,Business,High School,0,0,3
21,0,61211.0,3.48,76.6,36.3,0,1,4.3,3.15,3,CS,Master,0,2,2
20,0,40965.0,1.48,74.8,19.7,1,0,7.1,0.34,2,Business,High School,1,0,3
21,1,25000.0,6.83,90.5,31.4,1,0,8.2,2.67,3,Science,Master,0,2,4
20,1,27354.0,0.5,86.0,22.5,0,1,5.9,2.07,2,Arts,Master,0,2,0
21,1,25000.0,3.81,93.1,21.7,1,0,3.7,3.41,3,Arts,Bachelor,0,1,0
23,1,38141.0,3.78,91.2,8.4,1,1,5.7,2.35,2,Business,High School,0,0,3
18,0,26862.0,3.26,79.7,25.7,0,1,3.8,3.96,4,Business,Bachelor,0,1,3
23,0,29018.0,3.69,90.1,44.8,1,0,5.9,2.61,4,Engineering,Bachelor,0,1,1
23,0,61230.0,4.83,84.8,24.9,1,0,6.9,2.35,4,Arts,High School,0,0,0
20,0,25000.0,2.37,81.1,25.5,1,0,1.9,2.59,4,Business,Bachelor,0,1,3
17,0,25559.0,1.69,100.0,21.5,1,1,6.8,1.15,3,CS,High School,1,0,2
19,0,30127.0,3.31,100.0,14.6,1,0,4.8,2.14,2,Business,Bachelor,0,1,3
23,0,25000.0,0.5,87.2,18.0,1,0,4.5,2.02,3,Business,High School,0,0,3
20,0,25346.0,2.86,75.2,32.7,0,0,3.1,0.98,4,Engineering,Bachelor,1,1,1
18,0,25000.0,3.3,78.2,59.5,1,0,3.6,1.86,1,CS,Master,0,2,2
19,1,25000.0,4.12,77.7,41.7,1,0,8.7,1.13,1,Engineering,High School,1,0,1
22,1,49668.0,5.68,88.5,37.4,1,0,7.0,1.16,3,CS,High School,1,0,2
22,1,38885.0,4.39,85.1,53.9,0,0,7.8,0.8,4,Arts,Bachelor,1,1,0
20,0,25000.0,4.45,79.5,35.6,0,0,4.0,3.02,1,Arts,High School,0,0,0
20,0,30469.0,3.06,98.5,42.9,0,0,8.7,1.71,1,Science,High School,0,0,4
20,0,25000.0,3.21,78.6,32.6,1,0,5.4,3.49,1,CS,Bachelor,0,1,2
19,0,29691.0,3.24,96.9,35.4,1,0,4.1,4.0,1,Business,Bachelor,0,1,3
24,0,172507.0,3.83,91.4,13.1,0,0,3.6,2.64,1,Arts,Master,1,2,0
20,1,89992.0,3.42,87.2,26.3,0,0,3.6,1.47,3,Arts,PhD,1,3,0
23,1,30686.0,4.42,75.8,23.3,1,1,4.2,2.63,1,Arts,Master,0,2,0
24,0,32731.0,4.8,94.8,22.6,1,1,3.9,3.95,1,Business,Bachelor,0,1,3
23,0,25000.0,5.66,97.8,21.9,1,1,7.1,2.39,3,CS,Master,0,2,2
20,0,25000.0,4.36,83.9,47.2,0,0,10.0,1.92,3,Science,Bachelor,1,1,4
21,0,36950.0,4.42,92.0,25.6,1,0,5.1,3.0,1,Business,Bachelor,0,1,3
20,0,25000.0,5.51,82.8,28.3,1,1,5.1,2.84,2,Science,Bachelor,0,1,4
19,0,51149.0,4.94,94.0,57.2,0,1,2.2,4.0,3,CS,Bachelor,0,1,2
21,0,76253.0,3.53,74.4,39.3,0,0,3.8,3.99,2,Arts,High School,0,0,0
18,0,36300.0,2.64,89.9,30.1,0,0,2.6,3.06,2,CS,Bachelor,0,1,2
23,0,31604.0,3.38,61.9,42.7,0,1,7.0,1.89,2,CS,Master,1,2,2
20,0,25000.0,2.92,72.6,22.0,1,0,9.0,0.07,3,CS,Bachelor,1,1,2
21,0,46563.0,4.15,73.5,24.9,0,0,3.6,2.78,1,Business,High School,0,0,3
21,1,25000.0,4.64,82.1,25.7,1,0,5.1,4.0,4,Arts,Master,0,2,0
20,0,25000.0,3.47,74.9,33.0,1,0,5.1,2.67,1,Business,Bachelor,0,1,3
22,1,52878.0,3.52,75.0,35.6,0,1,6.7,1.62,1,Science,High School,0,0,4
20,1,28160.0,4.02,80.6,18.6,1,0,5.5,1.16,2,Science,Master,0,2,4
22,1,25000.0,3.26,81.0,34.9,0,0,9.3,1.61,4,Engineering,Master,0,2,1
18,1,25000.0,8.08,72.8,37.3,0,0,4.2,3.85,2,Arts,Bachelor,0,1,0
21,1,25000.0,5.46,71.3,24.4,1,1,7.1,2.33,3,Arts,High School,0,0,0
25,1,25000.0,5.73,75.2,28.0,0,0,4.4,3.41,1,Science,Master,0,2,4
18,0,25000.0,4.63,90.0,16.4,0,0,2.6,3.58,4,Business,PhD,0,3,3
19,0,25000.0,5.21,100.0,11.9,1,0,8.1,3.55,1,CS,High School,0,0,2
22,1,44794.0,3.55,93.7,16.2,1,0,8.9,1.4,1,Business,Master,0,2,3
21,1,37674.0,2.94,79.1,38.6,1,1,6.2,1.25,1,Arts,Bachelor,0,1,0
21,1,41619.0,5.93,85.3,36.3,1,1,4.4,4.0,3,CS,High School,0,0,2
22,1,25000.0,2.58,82.0,53.1,0,1,3.5,3.43,2,CS,High School,0,0,2
22,1,25000.0,4.64,80.9,30.5,1,0,6.5,2.13,1,Engineering,Bachelor,0,1,1
23,1,30703.0,6.32,82.9,30.6,1,0,1.7,4.0,1,Science,Bachelor,0,1,4
21,1,30898.0,5.26,84.2,34.0,0,1,7.1,1.31,4,Business,High School,0,0,3
20,1,27218.0,3.67,68.0,17.2,1,0,4.7,2.98,2,Engineering,High School,0,0,1
22,1,25000.0,5.66,77.0,40.8,0,0,4.7,2.39,3,Business,Bachelor,1,1,3
25,1,82989.0,4.28,81.7,34.6,0,0,3.6,2.84,2,Business,PhD,0,3,3
20,1,38392.0,3.83,100.0,18.6,1,0,2.9,2.47,4,Arts,Master,0,2,0
18,1,96994.0,4.96,87.1,34.5,1,0,5.4,1.46,2,Arts,Master,0,2,0
23,0,63664.0,2.86,90.8,39.1,1,1,5.9,1.9,4,Business,Bachelor,0,1,3
20,0,82616.0,2.13,81.1,14.0,1,1,5.3,2.52,2,Science,Bachelor,0,1,4
17,1,25000.0,3.7,93.5,42.7,1,1,7.5,1.79,4,Business,High School,0,0,3
22,1,42442.0,3.15,84.3,24.6,0,0,5.6,3.56,1,Science,Bachelor,0,1,4
19,0,25000.0,2.11,88.6,5.0,0,0,6.8,3.38,2,CS,Bachelor,0,1,2
20,0,25000.0,4.04,83.4,41.7,1,0,2.9,3.51,3,Arts,PhD,0,3,0
21,1,72955.0,3.3,86.4,46.1,1,1,4.7,1.14,4,Science,High School,1,0,4
21,1,25000.0,2.76,78.2,16.5,0,1,8.2,0.83,2,Business,High School,1,0,3
22,1,25000.0,3.98,96.6,9.9,1,1,7.2,2.76,2,CS,Master,0,2,2
20,1,25000.0,2.77,78.1,45.9,0,0,6.1,2.48,1,Engineering,Bachelor,0,1,1
22,0,25000.0,5.51,74.4,22.6,1,0,4.8,2.46,2,Science,Bachelor,0,1,4
20,0,25000.0,6.31,83.3,46.1,1,1,3.8,3.53,1,Engineering,High School,0,0,1
22,0,26031.0,4.91,97.0,8.5,1,1,4.5,3.86,1,Engineering,PhD,0,3,1
22,1,83993.0,3.44,76.5,46.9,0,0,6.6,2.97,1,Science,Master,0,2,4
18,0,25000.0,4.53,80.6,42.9,0,1,1.9,3.95,2,Arts,Bachelor,0,1,0
23,1,80464.0,3.13,84.1,36.5,0,0,8.7,0.15,4,Engineering,High School,1,0,1
19,0,49479.0,4.87,71.4,5.9,1,0,7.7,1.91,4,Arts,Master,0,2,0
22,1,37713.0,4.94,71.0,25.7,1,0,7.7,0.15,3,CS,Bachelor,0,1,2
21,1,46577.0,5.02,91.0,42.1,1,0,6.6,3.75,4,Business,Bachelor,0,1,3
25,0,29977.0,3.52,82.6,9.8,1,1,5.7,1.71,4,Engineering,Master,1,2,1
20,1,64320.0,4.92,73.5,23.7,0,1,6.2,0.47,3,Science,Bachelor,0,1,4
20,0,29684.0,3.935,64.5,34.8,1,0,5.5,1.46,3,CS,Bachelor,0,1,2
21,0,25000.0,4.34,77.5,16.1,1,0,9.3,1.12,2,CS,Bachelor,1,1,2
20,0,35516.0,4.12,82.1,45.6,0,0,5.3,3.09,1,Engineering,High School,0,0,1
22,0,47590.0,2.61,83.6,43.2,0,0,4.6,2.26,1,CS,Bachelor,0,1,2
17,1,25000.0,4.54,64.8,32.9,1,0,5.0,3.02,1,Business,PhD,0,3,3
18,1,32072.0,3.64,92.7,35.2,1,1,4.2,2.78,2,Business,Bachelor,0,1,3
18,0,25000.0,2.33,82.6,23.5,1,0,7.0,3.07,2,CS,Bachelor,0,1,2
23,0,25000.0,3.08,76.9,37.1,1,1,4.6,2.47,3,Arts,Bachelor,1,1,0
24,1,25000.0,4.56,89.1,22.8,0,1,5.3,2.75,4,Arts,Bachelor,0,1,0
20,1,25000.0,3.37,73.7,27.6,1,0,7.9,2.41,3,Engineering,High School,1,0,1
20,0,44419.0,3.26,79.5,24.1,1,1,7.4,0.85,4,Business,Bachelor,0,1,3
21,1,25000.0,1.3,72.3,47.2,0,1,3.7,2.27,3,Engineering,Bachelor,0,1,1
23,1,25000.0,5.42,88.0,44.5,0,0,7.6,1.83,3,Science,Master,0,2,4
19,1,25000.0,2.57,91.5,18.0,1,1,3.0,1.94,1,CS,Bachelor,0,1,2
21,0,25102.0,4.08,85.1,46.1,0,1,2.8,3.53,4,Arts,Bachelor,0,1,0
23,1,25000.0,3.39,80.5,20.4,1,1,4.9,3.68,3,Engineering,High School,1,0,1
22,1,37886.0,4.35,71.8,52.2,0,0,6.0,1.25,2,Science,Master,1,2,4
21,1,25000.0,4.32,78.3,48.9,1,0,5.1,2.84,1,Business,Bachelor,0,1,3
23,1,58656.0,3.73,83.9,56.3,1,0,6.3,1.79,1,CS,Bachelor,0,1,2
17,1,25000.0,4.36,77.4,33.5,0,0,4.8,3.44,1,CS,Bachelor,0,1,2
22,0,28075.0,4.02,78.4,26.6,0,0,1.8,2.35,1,Business,Master,1,2,3
19,1,29800.0,2.22,73.0,26.4,0,1,5.2,1.43,1,Science,Bachelor,1,1,4
17,1,34425.0,5.57,76.1,34.5,0,0,2.8,2.03,1,Engineering,Bachelor,0,1,1
22,1,30400.0,5.98,70.3,17.8,1,0,5.5,1.14,1,Arts,Bachelor,0,1,0
24,0,25000.0,2.86,84.2,5.0,0,1,3.2,2.68,4,Engineering,High School,0,0,1
20,0,36528.0,1.99,82.4,25.2,1,0,6.4,1.05,4,Arts,High School,1,0,0
23,1,39328.0,5.63,82.8,30.5,1,1,7.9,2.76,2,Science,High School,0,0,4
24,1,25000.0,2.61,79.1,36.7,0,1,2.4,3.78,4,Arts,Bachelor,0,1,0
23,0,38400.0,5.68,77.3,34.8,1,1,1.8,3.96,3,Business,Bachelor,0,1,3
24,1,29219.0,3.79,64.6,31.7,1,0,5.5,3.07,1,Business,High School,0,0,3
22,0,45412.0,3.79,78.6,44.0,0,0,7.5,1.24,4,Engineering,Bachelor,0,1,1
21,1,52022.0,3.77,83.2,19.5,1,1,5.8,3.59,3,Business,Bachelor,0,1,3
17,1,32963.0,2.71,96.7,21.9,0,0,4.7,3.92,1,Arts,Bachelor,0,1,0
20,0,25000.0,4.09,80.5,55.3,0,1,3.6,1.55,4,CS,Bachelor,0,1,2
19,1,25000.0,4.64,77.3,5.0,0,0,6.8,1.27,1,Engineering,High School,0,0,1
25,1,36024.0,4.47,80.0,43.4,0,1,8.3,0.31,4,Arts,Master,1,2,0
20,0,52347.0,4.8,78.1,36.8,1,0,2.1,4.0,4,Arts,Bachelor,0,1,0
21,1,158189.0,5.38,78.0,30.0,1,0,6.0,0.72,4,Arts,Bachelor,1,1,0
22,0,53589.0,3.94,77.3,40.8,0,1,10.0,3.19,2,Engineering,High School,0,0,1
21,1,25000.0,7.67,87.5,38.6,1,0,4.4,3.98,4,Business,Bachelor,0,1,3
24,0,25000.0,4.58,87.4,12.5,1,0,5.2,1.14,2,Science,Bachelor,0,1,4
19,0,116671.0,4.52,89.2,18.3,0,1,5.4,2.7,2,Arts,High School,0,0,0
21,0,26144.0,4.51,90.9,24.2,1,0,4.8,3.62,4,Business,Bachelor,0,1,3
19,0,30592.0,4.53,79.1,5.0,0,0,7.5,1.13,3,Engineering,Bachelor,1,1,1
18,1,28160.0,3.935,69.5,29.9,1,0,5.5,0.88,3,Arts,Master,0,2,0
19,0,76044.0,5.36,97.8,37.7,0,0,2.4,2.74,3,Arts,Master,0,2,0
20,0,40143.0,0.74,63.9,44.0,1,0,3.8,2.86,1,Arts,High School,0,0,0
20,1,25000.0,3.68,79.3,30.9,1,0,7.7,0.2,1,Business,Bachelor,0,1,3
19,0,25000.0,1.86,70.6,21.0,1,1,6.6,2.16,4,Business,Bachelor,1,1,3
17,1,35751.0,5.77,85.2,32.7,0,0,6.3,2.13,1,Business,Bachelor,0,1,3
20,1,30532.0,2.17,74.3,29.1,1,0,6.8,1.53,3,Science,Master,0,2,4
17,1,48985.0,2.97,91.1,39.4,0,0,5.7,3.24,1,Arts,Bachelor,0,1,0
22,0,41282.0,3.13,83.9,29.5,1,0,6.4,3.17,1,Arts,Bachelor,0,1,0
21,0,25370.0,2.42,94.1,40.7,1,1,4.9,2.24,4,CS,High School,0,0,2
17,1,25000.0,3.6,82.8,26.9,1,1,5.1,2.32,3,Business,High School,0,0,3
20,0,27012.0,1.27,91.3,45.5,0,0,5.3,1.01,2,CS,High School,0,0,2
19,0,25000.0,5.98,73.3,32.1,1,0,4.8,2.44,4,Science,Master,0,2,4
21,0,27498.0,4.55,89.9,22.8,0,0,6.3,2.71,2,Science,PhD,0,3,4
23,0,30027.0,3.01,80.9,26.0,0,1,6.0,3.29,1,Engineering,Bachelor,0,1,1
17,1,25000.0,4.74,83.9,38.7,1,1,2.1,3.3,4,Science,High School,0,0,4
21,1,43408.0,4.42,89.4,14.8,1,1,5.1,2.13,4,Business,Bachelor,0,1,3
20,1,25000.0,2.78,85.1,28.4,1,0,5.5,2.66,4,Engineering,High School,0,0,1
22,1,25000.0,4.92,75.7,42.8,0,0,8.3,3.14,2,Science,High School,0,0,4
21,0,28160.0,4.11,78.1,36.2,1,0,5.5,0.93,4,Science,Master,0,2,4
19,0,34384.0,5.47,73.5,16.2,1,0,5.7,3.43,2,Science,Master,0,2,4
20,1,31252.0,3.37,87.7,33.7,0,1,5.4,3.16,2,Science,High School,0,0,4
19,0,38303.0,2.24,79.2,13.9,1,1,7.9,0.59,3,Engineering,PhD,1,3,1
23,0,50971.0,5.27,78.4,32.2,1,1,3.3,3.98,3,Science,Bachelor,0,1,4
21,1,65053.0,3.7,83.6,46.6,0,0,4.1,3.78,2,Arts,Bachelor,0,1,0
25,1,35288.0,3.97,80.1,30.9,1,0,4.0,0.37,3,CS,High School,0,0,2
20,0,25000.0,4.35,91.4,16.4,1,0,5.5,4.0,2,Engineering,PhD,0,3,1
19,1,25299.0,2.72,88.3,27.7,0,0,2.8,3.6,3,Science,Master,0,2,4
17,1,25000.0,3.62,87.8,32.3,0,0,8.1,1.31,3,Science,Bachelor,0,1,4
17,0,82299.0,3.3,78.7,43.1,1,0,6.2,0.92,3,Science,Bachelor,1,1,4
17,1,97972.0,3.49,87.7,43.0,0,0,6.6,3.25,2,CS,Master,0,2,2
21,0,43923.0,5.62,86.0,16.9,1,1,9.3,3.19,4,Business,Bachelor,0,1,3
22,1,49765.0,2.99,72.3,26.1,0,0,4.9,1.59,3,CS,Master,0,2,2
17,1,34564.0,2.93,80.0,34.7,1,0,7.0,3.01,3,CS,High School,0,0,2
23,1,37036.0,5.82,80.6,22.7,1,0,6.5,2.63,1,Arts,Master,0,2,0
19,0,25000.0,2.72,94.0,36.0,1,1,8.3,2.11,4,Arts,Bachelor,0,1,0
21,0,28443.0,4.08,78.6,13.8,0,0,6.7,3.66,3,Arts,Bachelor,0,1,0
24,0,25000.0,4.89,85.9,33.1,1,0,4.6,4.0,1,Business,Bachelor,0,1,3
23,1,35200.0,4.88,92.4,42.3,1,1,6.3,3.49,1,Engineering,High School,0,0,1
20,0,28688.0,2.17,74.6,30.6,1,0,4.3,2.31,2,CS,Bachelor,0,1,2
19,0,95616.0,3.07,84.2,32.1,0,1,4.7,2.28,1,Arts,High School,0,0,0
17,0,51533.0,1.73,98.3,40.1,1,0,5.5,2.09,4,CS,Bachelor,0,1,2
19,0,35267.0,5.08,69.4,24.7,0,1,5.2,2.54,1,Science,High School,0,0,4
20,0,25332.0,5.36,77.1,37.5,1,0,3.9,3.61,3,Engineering,High School,1,0,1
18,1,81277.0,5.31,84.2,29.6,1,1,1.4,4.0,2,CS,Master,0,2,2
20,0,29203.0,3.97,84.9,19.1,1,0,6.0,1.54,3,Arts,Master,0,2,0
21,0,36279.0,3.7,83.3,40.8,0,1,6.2,3.1,2,Business,Bachelor,0,1,3
20,1,30496.0,3.27,86.4,46.8,0,1,6.2,2.26,3,Arts,Bachelor,0,1,0
19,1,25000.0,2.02,92.1,43.9,1,0,8.9,0.85,2,Science,Bachelor,1,1,4
21,0,30391.0,4.68,82.4,40.8,0,1,2.7,2.02,3,Science,Master,0,2,4
22,0,25000.0,2.74,81.4,36.1,0,0,8.3,2.13,3,CS,Bachelor,0,1,2
18,1,25000.0,1.34,86.8,34.4,0,1,10.0,0.62,4,Arts,High School,0,0,0
24,0,36672.0,5.71,97.9,28.9,1,0,8.7,2.16,3,Science,PhD,0,3,4
20,1,76185.0,3.2,86.8,22.0,0,0,4.9,2.95,2,CS,Bachelor,0,1,2
21,0,36641.0,4.32,90.3,5.2,1,0,6.3,3.28,3,Science,Bachelor,0,1,4
22,0,25000.0,3.81,69.4,11.2,1,0,4.1,2.1,3,Business,High School,0,0,3
21,0,25000.0,5.47,80.6,30.2,1,0,4.3,2.44,1,Science,Bachelor,0,1,4
23,1,47606.0,2.09,72.3,14.7,0,0,8.6,1.45,2,Arts,Bachelor,0,1,0
21,1,25000.0,4.99,82.1,35.0,1,1,6.8,4.0,2,CS,Master,0,2,2
19,0,43737.0,3.94,93.4,51.0,0,0,6.9,2.6,3,Arts,Master,0,2,0
21,1,37568.0,4.59,71.7,5.0,0,0,3.5,3.82,2,CS,High School,0,0,2
18,0,39616.0,3.47,95.9,18.3,0,1,2.8,3.28,2,Arts,High School,0,0,0
21,0,30338.0,3.52,82.0,56.2,0,0,7.4,0.0,2,Science,Bachelor,1,1,4
20,1,37428.0,5.19,89.1,40.0,1,1,6.3,2.72,3,CS,PhD,0,3,2
20,0,27676.0,3.03,90.2,28.7,1,0,5.0,2.48,3,Business,Bachelor,0,1,3
20,1,25000.0,3.32,98.0,23.6,0,0,8.6,2.39,3,Science,Bachelor,0,1,4
17,1,25000.0,3.69,86.6,37.0,1,0,6.6,2.26,3,Arts,Master,1,2,0
19,1,25000.0,2.12,75.0,41.8,1,0,4.0,0.62,1,Arts,High School,1,0,0
21,1,26671.0,3.65,90.1,14.8,1,1,2.0,3.74,4,Engineering,Bachelor,0,1,1
21,0,73986.0,3.73,60.6,47.9,0,0,6.6,1.33,4,Engineering,Bachelor,0,1,1
18,0,46076.0,4.89,74.7,34.8,0,1,4.7,3.53,3,Engineering,Master,0,2,1
23,0,34085.0,3.32,77.4,41.3,0,1,5.3,0.59,1,Engineering,Bachelor,1,1,1
19,0,25000.0,1.55,65.2,42.3,0,0,5.1,2.48,3,CS,Master,0,2,2
23,0,54090.0,4.04,95.5,33.7,1,0,8.1,1.77,4,Engineering,High School,1,0,1
21,0,27679.0,3.38,92.6,35.3,1,0,7.0,0.07,2,Science,Bachelor,0,1,4
19,1,76493.0,2.46,85.6,36.2,0,1,5.3,1.02,1,Engineering,High School,0,0,1
24,0,25000.0,4.42,89.8,25.7,1,0,5.3,4.0,4,Business,Bachelor,1,1,3
18,1,25000.0,4.47,84.9,37.8,0,1,6.0,2.96,2,Science,Master,0,2,4
23,1,25000.0,4.79,88.9,26.9,0,0,7.9,2.13,2,Arts,Bachelor,1,1,0
23,1,25000.0,4.49,92.1,30.0,0,1,5.6,3.74,1,CS,Bachelor,0,1,2
19,0,25000.0,4.96,70.4,48.8,1,0,4.5,3.55,2,Engineering,PhD,0,3,1
24,0,31632.0,4.44,89.3,29.6,1,0,3.3,3.7,4,CS,Bachelor,0,1,2
20,0,25000.0,6.63,91.0,35.0,1,0,5.3,3.55,1,Business,PhD,0,3,3
21,0,25000.0,5.91,77.3,27.9,1,1,3.3,4.0,2,Arts,Master,0,2,0
21,0,56645.0,4.31,80.2,25.6,1,1,6.1,0.51,3,Business,PhD,1,3,3
20,1,25000.0,1.76,75.8,53.1,0,0,6.3,3.21,2,Arts,Master,1,2,0
22,0,42342.0,6.43,84.5,12.4,0,0,7.6,3.19,2,Science,High School,0,0,4
22,1,29219.0,4.02,70.1,30.6,1,0,5.5,2.69,2,Science,High School,0,0,4
17,1,105918.0,4.81,83.6,15.6,1,0,7.4,0.06,3,Engineering,Master,0,2,1
23,0,54078.0,4.61,75.9,45.1,1,1,8.4,1.6,2,Engineering,High School,1,0,1
17,0,25000.0,3.85,93.0,29.3,1,1,5.6,2.56,1,Science,Master,0,2,4
23,1,25000.0,3.38,77.3,24.4,0,1,9.5,1.26,1,Business,Bachelor,1,1,3
23,0,73250.0,3.55,86.4,8.0,1,0,8.1,0.7,2,CS,Bachelor,1,1,2
18,1,25000.0,0.52,88.3,48.9,0,0,4.6,0.35,1,Arts,Master,1,2,0
20,0,33340.0,2.48,68.3,14.1,0,0,10.0,0.95,1,Arts,High School,1,0,0
18,1,27483.0,3.36,84.7,35.8,0,0,5.4,0.14,1,CS,Master,1,2,2
20,0,25000.0,4.07,92.0,41.2,1,1,8.0,2.25,3,Business,High School,0,0,3
20,0,36758.0,4.77,81.9,56.1,1,0,6.6,2.9,4,Arts,Bachelor,0,1,0
22,1,33314.0,3.25,89.2,23.4,1,0,6.0,1.78,2,Science,Bachelor,0,1,4
23,0,39122.0,4.89,76.6,19.7,1,0,7.9,1.77,2,Science,High School,0,0,4
24,0,32318.0,3.7,90.4,24.9,1,1,5.8,0.06,4,CS,Master,1,2,2
19,0,38201.0,3.53,72.9,22.9,0,1,5.4,2.99,4,Engineering,PhD,0,3,1
20,0,31446.0,4.07,81.8,7.4,1,0,5.4,2.32,1,Arts,Bachelor,0,1,0
17,1,25000.0,4.95,91.9,49.6,1,0,3.4,3.99,3,Engineering,Bachelor,0,1,1
19,1,29804.0,3.7,91.4,25.0,1,0,7.4,2.58,3,Arts,Bachelor,0,1,0
23,1,25000.0,4.47,71.6,28.1,1,0,4.3,2.18,3,Arts,Master,0,2,0
24,1,25000.0,4.97,80.3,37.5,1,1,5.9,2.62,3,Engineering,High School,0,0,1
18,0,25000.0,4.71,77.2,46.6,0,1,5.5,3.99,2,Science,Bachelor,0,1,4
19,0,27677.0,3.13,91.4,16.1,1,1,6.6,2.89,2,CS,High School,0,0,2
20,1,30368.0,3.38,81.4,34.3,0,1,5.5,2.53,3,CS,Bachelor,0,1,2
21,1,51525.0,4.76,83.2,15.4,1,1,5.0,1.75,2,CS,Bachelor,0,1,2
19,0,25000.0,3.82,85.9,34.0,1,1,6.2,2.91,2,Arts,Master,0,2,0
21,0,33460.0,2.99,72.3,33.5,0,1,6.1,0.53,4,Arts,High School,0,0,0
20,0,31915.0,4.06,84.4,24.3,1,1,3.6,2.73,2,Business,High School,0,0,3
21,1,25000.0,5.01,73.9,32.8,1,1,5.3,0.72,2,Arts,Bachelor,0,1,0
22,1,31078.0,5.19,78.1,33.0,0,0,7.8,2.61,3,Business,High School,0,0,3
21,0,54265.0,5.33,78.5,29.0,1,0,9.9,3.05,2,Arts,High School,0,0,0
20,1,33253.0,4.04,85.9,27.5,1,1,2.4,2.71,1,Engineering,High School,0,0,1
20,0,34062.0,4.5,75.7,13.6,1,1,7.0,1.37,2,CS,High School,1,0,2
20,0,25000.0,5.44,78.2,16.9,1,0,5.7,2.0,4,Business,High School,0,0,3
20,1,96888.0,3.17,84.6,22.6,1,0,4.4,2.39,2,CS,High School,0,0,2
20,0,25000.0,5.27,93.1,17.9,1,1,4.7,4.0,1,CS,High School,0,0,2
24,0,25000.0,4.91,85.5,23.1,1,1,3.8,3.36,4,CS,Bachelor,0,1,2
22,1,49817.0,4.91,91.0,29.1,0,0,3.0,2.56,4,Arts,Bachelor,0,1,0
20,1,27753.0,1.8,65.0,31.1,0,1,6.2,0.58,2,Science,Bachelor,1,1,4
22,1,25000.0,3.29,93.5,36.7,0,0,8.7,1.87,2,Arts,Master,1,2,0
20,0,25000.0,3.2,75.1,31.9,1,0,6.1,0.49,2,CS,High School,0,0,2
23,0,91403.0,5.85,77.1,31.4,0,0,5.8,4.0,4,Science,Bachelor,0,1,4
21,1,36782.0,2.85,97.5,36.4,0,0,4.4,2.59,1,CS,Bachelor,0,1,2
20,1,41351.0,2.61,83.4,19.0,1,1,3.8,3.76,3,Arts,High School,0,0,0
22,1,32780.0,2.42,76.0,20.0,1,0,5.5,0.86,2,Engineering,Bachelor,0,1,1
17,0,34962.0,3.51,77.1,25.5,1,1,3.6,2.39,4,Science,High School,0,0,4
18,0,68815.0,4.52,70.9,21.6,0,0,7.5,0.76,3,Science,Bachelor,1,1,4
18,1,25578.0,6.39,82.1,9.0,0,1,4.5,3.48,2,CS,Bachelor,1,1,2
21,1,25000.0,3.5,79.3,36.9,0,1,4.0,2.78,2,Arts,High School,0,0,0
24,0,50053.0,3.01,87.4,18.0,1,0,9.6,2.65,2,CS,Bachelor,0,1,2
25,0,40055.0,6.03,95.8,51.7,1,0,7.8,3.15,1,Engineering,PhD,0,3,1
22,0,31723.0,6.23,72.0,32.0,1,1,3.3,3.39,1,Engineering,Bachelor,0,1,1
22,0,39437.0,1.71,86.8,12.0,0,0,3.9,3.66,4,Engineering,Bachelor,0,1,1
17,0,25000.0,3.33,69.7,38.0,1,0,5.1,0.16,2,Arts,Bachelor,1,1,0
19,0,30104.0,4.28,85.5,30.4,0,0,5.2,1.2,4,Engineering,Bachelor,1,1,1
19,1,27474.0,4.24,72.6,33.5,0,0,4.7,1.06,3,Business,Bachelor,1,1,3
19,0,25000.0,6.88,71.2,24.0,1,0,7.9,2.47,1,Arts,Master,0,2,0
20,1,60688.0,3.28,100.0,18.8,0,0,5.9,0.37,1,Arts,High School,1,0,0
20,0,25000.0,2.51,99.2,12.5,1,0,5.4,1.36,2,CS,Bachelor,0,1,2
17,1,122581.0,2.99,76.3,14.6,0,0,4.4,4.0,3,Science,Bachelor,0,1,4
22,0,50333.0,5.42,97.2,13.6,0,0,3.6,3.84,3,Arts,Bachelor,0,1,0
18,1,25000.0,3.98,81.7,25.7,1,1,4.4,2.62,4,CS,PhD,0,3,2
21,1,25991.0,6.08,71.0,29.4,0,0,3.9,4.0,1,Business,High School,0,0,3
25,1,26873.0,4.84,87.2,11.4,0,1,3.2,2.84,2,Business,Master,0,2,3
19,1,37614.0,3.12,89.6,40.8,1,0,7.4,0.96,1,Arts,Master,0,2,0
17,0,25000.0,5.12,88.0,31.7,0,0,7.2,1.24,1,Arts,Master,0,2,0
20,1,30309.0,5.56,68.5,59.1,1,0,4.8,2.17,4,Science,High School,0,0,4
23,1,27649.0,5.9,72.9,25.1,1,0,7.9,0.71,3,Business,Master,0,2,3
25,1,25000.0,2.18,89.5,56.8,1,1,6.6,3.32,1,Arts,Master,0,2,0
18,0,25000.0,4.36,72.8,39.0,0,0,3.6,3.65,2,Arts,Bachelor,0,1,0
22,1,51600.0,2.55,90.1,6.5,1,0,2.9,2.16,4,Arts,Bachelor,0,1,0
20,0,25000.0,3.62,79.1,15.7,1,0,6.1,0.77,2,Arts,Bachelor,1,1,0
20,0,39606.0,3.7,68.8,33.8,0,0,6.4,0.59,1,Science,Master,0,2,4
26,0,47978.0,4.37,71.4,9.0,0,0,3.2,2.84,1,Arts,Bachelor,0,1,0
17,0,26078.0,4.62,85.6,19.2,1,0,4.6,3.17,1,Arts,High School,0,0,0
21,1,30682.0,3.22,86.0,10.9,1,1,7.0,3.52,2,Arts,High School,0,0,0
22,1,59760.0,5.58,94.5,55.7,1,1,8.3,1.49,4,Engineering,High School,1,0,1
23,1,25000.0,5.73,82.2,43.2,0,1,5.7,2.46,4,Business,Bachelor,0,1,3
21,1,25000.0,4.24,80.4,25.9,1,0,5.6,1.95,3,Engineering,High School,0,0,1
21,1,25000.0,6.24,96.4,48.1,0,1,4.7,2.06,2,CS,Bachelor,0,1,2
20,1,59826.0,3.9,75.3,45.1,1,0,8.2,2.57,1,Arts,Bachelor,0,1,0
21,0,64562.0,1.59,79.7,45.7,0,0,6.5,0.23,3,CS,Bachelor,1,1,2
20,1,25000.0,2.8,85.8,23.3,1,1,4.0,1.57,1,CS,High School,1,0,2
22,1,54380.0,3.42,74.8,26.3,0,0,6.9,0.12,1,Engineering,Bachelor,1,1,1
20,1,48598.0,5.2,85.6,16.8,1,0,4.2,2.15,2,Science,Bachelor,0,1,4
21,1,75520.0,2.72,82.0,28.6,1,0,3.8,3.33,2,Business,Master,0,2,3
20,1,37461.0,3.92,91.1,20.2,0,1,4.7,0.9,4,CS,High School,1,0,2
23,0,28953.0,7.22,78.7,17.1,0,1,4.0,3.5,3,Business,Bachelor,0,1,3
20,0,59108.0,4.3,76.9,43.6,1,0,3.9,2.76,3,Arts,Bachelor,0,1,0
17,1,45222.0,6.09,97.4,38.1,0,1,3.0,3.47,3,Arts,Bachelor,0,1,0
23,0,114341.0,2.44,88.8,19.4,1,0,4.2,3.64,1,Arts,High School,0,0,0
19,1,52851.0,1.37,90.7,41.3,0,1,4.5,3.9,3,Business,High School,0,0,3
19,0,32602.0,1.91,88.7,33.7,1,0,3.1,3.91,4,CS,Bachelor,0,1,2
19,0,25000.0,5.41,76.6,26.2,0,0,6.5,0.55,2,Science,Master,1,2,4
24,1,25000.0,3.7,74.3,49.1,1,0,2.3,3.58,1,Business,High School,0,0,3
17,0,25000.0,3.57,74.4,33.7,0,1,4.8,1.83,4,Science,High School,0,0,4
27,1,26133.0,6.24,77.4,51.3,1,0,6.7,2.27,3,Business,Bachelor,0,1,3
23,0,51826.0,5.41,91.6,36.8,0,1,7.5,2.32,2,Science,High School,0,0,4
21,0,29667.0,4.61,81.8,37.8,1,1,4.5,1.32,3,Science,Bachelor,0,1,4
20,1,54887.0,5.56,89.5,17.1,0,1,7.3,1.99,2,Engineering,Bachelor,0,1,1
21,0,36408.0,3.8,88.6,23.3,0,0,4.8,2.14,1,Engineering,High School,1,0,1
22,1,25000.0,4.45,94.8,47.5,1,0,9.6,2.69,4,Engineering,Master,0,2,1
22,1,27677.5,3.73,73.4,43.9,0,0,5.5,3.36,2,Arts,PhD,0,3,0
22,0,39468.0,3.01,83.7,25.7,1,0,3.7,2.76,1,Business,Master,0,2,3
21,1,32323.0,3.65,71.6,13.8,1,0,5.8,0.05,4,Business,Bachelor,1,1,3
20,1,32546.0,3.97,97.5,49.9,1,1,3.2,2.03,1,Science,Bachelor,0,1,4
20,0,25000.0,5.28,90.5,42.8,0,0,4.2,4.0,4,Business,High School,0,0,3
20,0,25000.0,5.61,85.4,16.3,1,0,6.3,2.76,2,CS,High School,1,0,2
23,0,115275.0,7.72,83.7,16.3,0,0,5.8,3.27,1,CS,Bachelor,0,1,2
22,1,62136.0,6.99,67.8,52.0,1,0,5.4,2.34,4,Engineering,High School,0,0,1
17,1,25000.0,5.49,85.4,23.9,0,0,5.5,3.8,3,Engineering,High School,0,0,1
22,1,25000.0,2.07,77.8,24.1,0,0,1.1,2.41,3,CS,Bachelor,0,1,2
21,1,31123.0,5.86,68.9,21.8,0,0,5.8,3.0,4,Science,Bachelor,0,1,4
21,1,50822.0,6.46,78.1,34.3,1,0,4.4,3.87,1,Engineering,High School,0,0,1
20,1,25000.0,4.18,83.9,13.2,1,0,4.8,0.0,1,Science,High School,1,0,4
23,1,54885.0,1.8,85.0,32.9,0,0,2.6,2.37,3,CS,Bachelor,0,1,2
23,0,30816.0,4.27,72.6,13.1,1,1,6.7,2.28,4,Business,Bachelor,0,1,3
19,1,26961.0,5.16,71.1,13.2,0,1,6.5,2.87,2,Science,Bachelor,0,1,4
21,1,46801.0,4.32,79.6,13.6,1,0,3.4,1.16,4,Engineering,Bachelor,1,1,1
18,1,25000.0,3.47,86.6,14.1,1,1,5.8,1.8,4,Arts,High School,1,0,0
18,1,25034.0,3.9,75.7,38.7,1,0,8.5,0.81,1,CS,Bachelor,1,1,2
19,0,44449.0,5.68,78.4,38.7,0,0,5.8,1.8,3,Arts,Bachelor,1,1,0
22,1,29178.0,4.62,83.5,28.0,1,0,1.9,4.0,1,CS,Master,0,2,2
23,0,93458.0,5.92,75.4,22.4,1,1,4.5,3.66,2,Business,High School,0,0,3
22,1,45085.0,5.42,65.9,46.6,0,1,5.7,2.16,4,Engineering,Master,1,2,1
22,0,43360.0,3.75,84.5,38.3,0,1,9.3,1.53,4,Arts,Bachelor,1,1,0
22,1,28862.0,5.09,68.0,15.9,1,1,3.3,3.91,2,Science,High School,0,0,4
19,1,50254.0,5.95,84.6,34.2,1,0,5.2,3.18,1,CS,Bachelor,0,1,2
22,1,25000.0,4.2,80.2,33.6,1,1,3.6,2.3,4,Arts,High School,1,0,0
22,0,35222.0,4.87,80.2,38.6,0,0,7.1,1.52,3,Engineering,Bachelor,1,1,1
22,1,25000.0,2.02,73.2,63.0,0,0,4.8,0.19,1,Engineering,Master,1,2,1
23,1,55474.0,3.43,79.3,20.2,1,1,1.0,3.99,2,CS,Master,0,2,2
22,1,35396.0,3.81,75.0,36.7,1,1,4.8,2.33,4,Business,High School,0,0,3
21,0,97685.0,2.67,100.0,48.0,1,0,5.3,2.52,1,Science,High School,0,0,4
23,1,124914.0,4.17,75.6,50.6,1,0,6.2,3.53,3,Science,High School,0,0,4
20,0,47004.0,6.21,90.3,32.2,1,0,5.8,1.76,2,Engineering,Bachelor,0,1,1
19,1,30979.0,4.4,77.5,14.3,0,0,6.7,2.98,3,CS,Master,0,2,2
20,0,25000.0,5.74,83.9,8.5,0,0,5.3,3.16,1,Engineering,Master,0,2,1
19,1,51167.0,4.92,82.1,39.9,1,1,5.7,2.73,4,Arts,Bachelor,0,1,0
19,1,33731.0,6.24,80.7,34.1,0,1,5.5,2.95,4,Arts,Bachelor,0,1,0
20,0,41061.0,3.92,80.4,31.5,1,0,4.8,3.41,3,Arts,Bachelor,0,1,0
19,0,83941.0,3.13,84.0,33.4,1,0,6.5,2.86,4,CS,Bachelor,0,1,2
20,1,25000.0,5.02,93.0,41.7,1,0,7.0,3.13,3,Arts,High School,1,0,0
17,0,25000.0,1.96,73.0,36.6,0,0,5.4,1.1,3,CS,High School,1,0,2
21,1,25800.0,4.78,67.9,34.6,1,1,4.6,3.67,4,Arts,Bachelor,0,1,0
21,0,48665.0,1.13,75.4,22.9,1,1,3.6,1.87,4,Arts,Master,0,2,0
19,0,41478.0,2.87,83.0,42.5,1,1,6.1,2.42,1,CS,Master,0,2,2
22,0,25000.0,4.46,79.6,23.1,0,1,3.7,3.73,1,CS,Bachelor,0,1,2
23,1,46814.0,2.34,94.3,41.6,1,0,5.8,3.69,4,CS,Bachelor,0,1,2
17,0,25000.0,3.47,93.4,25.3,1,1,5.7,0.72,2,CS,High School,0,0,2
19,1,25000.0,2.29,78.4,37.1,0,0,7.4,1.62,1,CS,Bachelor,1,1,2
19,1,27743.0,4.92,94.4,51.2,0,0,8.0,2.6,2,CS,Master,0,2,2
18,0,25000.0,5.48,85.4,37.9,1,0,1.0,3.91,4,Science,Bachelor,0,1,4
22,1,50712.0,4.0,76.2,47.0,0,1,5.1,3.08,3,Business,Bachelor,0,1,3
20,0,35307.0,6.86,81.0,25.5,0,0,1.7,3.42,1,Arts,Master,0,2,0
20,1,85762.0,3.7,80.5,31.2,0,0,7.6,2.29,4,Engineering,Bachelor,0,1,1
17,0,25634.0,2.27,76.1,25.7,1,1,5.5,2.2,4,CS,High School,1,0,2
22,0,30604.5,3.86,76.9,10.1,0,0,5.5,2.06,2,Business,Bachelor,0,1,3
18,1,61465.0,3.81,85.6,42.8,0,1,6.0,2.94,4,CS,Bachelor,0,1,2
21,1,29803.0,4.4,63.8,36.8,0,0,5.5,2.27,2,Engineering,Master,0,2,1
21,0,72868.0,7.25,79.7,36.0,1,1,3.8,4.0,3,Arts,Bachelor,0,1,0
24,1,41130.0,2.61,80.3,44.8,1,0,5.3,1.9,1,Engineering,High School,0,0,1
18,0,25000.0,3.18,80.7,16.4,1,0,6.5,0.37,4,Arts,High School,1,0,0
17,1,60267.0,4.62,89.4,13.5,1,0,5.6,3.43,2,Engineering,High School,0,0,1
21,1,29219.0,3.965,75.4,44.9,1,0,5.5,2.76,4,Science,High School,1,0,4
25,0,52617.0,3.22,83.8,29.2,1,0,4.9,1.53,1,Science,Bachelor,0,1,4
23,0,25000.0,3.94,69.9,32.6,1,1,7.5,1.89,3,Business,Bachelor,0,1,3
21,0,25000.0,2.53,77.8,12.4,0,0,5.8,2.31,4,CS,Bachelor,0,1,2
19,0,29590.0,4.29,71.5,47.7,1,1,5.5,2.28,3,Science,Bachelor,0,1,4
22,0,25000.0,2.56,94.9,38.1,0,0,6.0,2.57,4,CS,PhD,0,3,2
18,1,84555.0,5.36,83.1,23.1,1,0,4.8,3.49,3,Business,High School,0,0,3
22,1,29523.0,4.96,78.6,55.0,1,1,4.9,1.54,4,Arts,Bachelor,0,1,0
22,0,29087.0,3.93,68.1,13.6,1,1,6.4,1.36,2,Engineering,Bachelor,1,1,1
23,1,41407.0,4.02,71.3,26.0,1,0,6.9,0.56,4,Arts,Master,1,2,0
27,1,41839.0,4.29,88.8,41.8,1,1,7.1,2.84,4,Arts,Master,0,2,0
21,1,25000.0,3.41,84.8,43.8,1,1,5.1,2.07,2,CS,Master,0,2,2
19,0,25000.0,1.8,70.5,12.1,1,0,5.7,1.71,2,Arts,Master,0,2,0
20,1,25000.0,3.56,70.5,26.6,0,1,4.4,3.09,2,Science,High School,0,0,4
17,0,37805.0,4.63,96.8,38.9,0,1,6.9,3.82,3,Science,High School,0,0,4
19,0,25001.0,5.24,92.8,47.7,0,0,3.8,2.16,3,Arts,High School,0,0,0
20,0,30008.0,4.09,84.4,46.7,0,1,5.9,3.45,3,Science,High School,0,0,4
19,0,25000.0,3.22,82.9,38.4,1,0,7.1,2.51,4,Engineering,PhD,0,3,1
21,0,25000.0,4.73,80.7,31.1,1,0,5.7,2.83,4,Science,Bachelor,0,1,4
19,1,58051.0,4.23,71.9,27.8,0,0,6.0,1.68,2,CS,High School,1,0,2
23,0,30885.0,4.07,88.9,36.0,0,1,5.5,1.51,4,Arts,High School,0,0,0
21,1,45767.0,1.66,80.4,47.2,1,0,2.2,1.71,4,Business,PhD,1,3,3
21,0,25000.0,3.3,87.8,27.4,1,1,4.3,2.4,2,Science,High School,0,0,4
20,1,63300.0,5.98,78.8,26.7,1,0,5.6,2.25,2,Science,Bachelor,0,1,4
21,1,45908.0,4.72,84.9,43.7,1,1,4.3,2.35,2,Science,Master,0,2,4
22,0,27714.0,5.93,78.2,42.7,1,0,6.4,1.95,3,Engineering,PhD,0,3,1
19,0,25000.0,3.96,82.6,24.0,0,1,2.9,3.79,1,Business,High School,0,0,3
19,1,52689.0,3.95,88.4,14.2,0,0,2.0,4.0,1,Science,Bachelor,0,1,4
20,0,25000.0,0.5,77.7,9.4,1,1,6.8,0.56,2,Science,Bachelor,1,1,4
18,0,36596.0,1.51,98.2,31.6,0,0,4.9,0.43,1,Engineering,Bachelor,0,1,1
19,0,30978.0,4.6,77.4,16.7,0,1,6.1,0.0,3,Engineering,Bachelor,1,1,1
20,1,74835.0,4.25,83.1,40.8,0,0,4.6,2.77,3,Science,Bachelor,0,1,4
22,1,27578.0,1.05,93.1,9.4,1,0,6.5,3.78,4,Science,Bachelor,0,1,4
21,1,29464.0,4.17,93.6,49.4,0,1,7.9,1.9,2,Science,High School,0,0,4
21,1,76663.0,5.31,85.7,26.0,1,1,8.1,2.78,4,Science,Bachelor,0,1,4
22,1,25000.0,4.41,84.2,20.4,1,1,4.3,2.6,3,Business,PhD,0,3,3
20,1,48465.0,3.31,82.6,23.5,1,0,4.7,2.68,2,Arts,High School,0,0,0
21,1,26392.0,0.76,92.9,19.6,0,1,5.8,2.33,3,Arts,Master,0,2,0
20,0,25000.0,4.53,89.7,48.2,1,0,8.9,1.47,1,CS,High School,0,0,2
21,0,29753.0,2.84,90.7,38.1,1,1,3.4,3.38,4,Engineering,High School,0,0,1
19,1,45027.0,4.66,95.1,31.2,0,0,3.4,3.76,1,Arts,Bachelor,0,1,0
17,1,66985.0,4.91,85.7,15.6,0,0,7.1,1.52,1,Science,Master,0,2,4
20,0,30258.0,4.11,78.7,29.3,1,0,5.5,4.0,4,Science,PhD,0,3,4
24,0,25000.0,4.5,84.8,20.8,1,0,6.7,1.25,1,Business,High School,0,0,3
23,1,25000.0,3.55,82.4,5.0,0,0,4.4,2.76,2,Engineering,High School,0,0,1
23,1,25000.0,4.76,80.5,21.7,1,1,6.1,3.04,4,Arts,Master,0,2,0
23,0,25000.0,2.68,78.8,37.3,1,0,4.6,1.75,3,Business,Bachelor,1,1,3
21,1,26097.0,5.72,86.4,24.9,0,0,3.7,3.96,4,Business,Master,0,2,3
21,1,25000.0,3.11,87.1,28.3,0,0,5.8,2.48,1,Engineering,High School,0,0,1
19,1,46004.0,6.36,76.4,42.5,1,0,3.3,3.37,3,Science,High School,0,0,4
20,0,25000.0,3.68,84.5,40.3,0,1,6.3,3.79,1,Science,High School,0,0,4
22,0,25000.0,4.64,95.0,53.5,1,0,5.1,2.79,2,Engineering,High School,1,0,1
23,0,25000.0,4.16,76.0,5.0,1,0,3.1,4.0,1,Business,Bachelor,0,1,3
20,0,60614.0,1.66,93.0,19.9,0,1,6.0,1.68,2,Science,High School,1,0,4
20,1,25000.0,4.7,75.0,40.9,0,0,6.0,2.16,4,Engineering,Bachelor,0,1,1
21,0,34064.0,3.0,84.9,35.2,0,1,1.3,3.94,3,Science,Bachelor,0,1,4
22,1,27533.0,3.84,67.8,31.2,0,0,5.4,2.09,1,Business,High School,0,0,3
17,0,55594.0,4.06,87.1,22.7,1,0,5.5,1.27,4,Science,Bachelor,0,1,4
17,0,42510.0,2.66,80.2,32.7,1,0,5.7,1.72,2,Arts,High School,0,0,0
19,1,31976.0,3.21,68.0,32.0,1,0,2.2,2.53,3,CS,Master,0,2,2
18,1,25000.0,5.63,78.2,7.8,1,1,6.1,3.75,2,Engineering,High School,0,0,1
19,0,25000.0,2.29,96.1,32.6,1,0,6.4,3.8,1,Arts,Bachelor,0,1,0
20,1,34484.0,4.77,86.6,23.8,1,0,3.8,2.82,2,Engineering,High School,0,0,1
20,1,40876.0,3.51,82.9,40.1,1,0,3.0,3.07,1,Science,Bachelor,0,1,4
24,1,25000.0,5.3,86.2,34.1,1,1,3.7,1.87,4,CS,Bachelor,0,1,2
21,1,25000.0,4.92,90.1,53.5,0,0,5.7,2.77,4,Business,High School,1,0,3
21,0,34593.0,3.1,94.2,30.0,1,1,3.3,3.44,4,Business,Bachelor,0,1,3
22,1,36442.0,4.89,79.7,16.9,1,1,3.1,3.63,2,Engineering,Master,0,2,1
18,1,25000.0,3.26,86.7,5.0,1,0,9.3,2.25,2,Science,Bachelor,0,1,4
23,0,25000.0,6.22,85.8,18.7,1,0,5.5,2.47,2,Business,Bachelor,0,1,3
20,0,25000.0,4.16,82.9,34.5,0,0,4.9,1.28,2,CS,Master,0,2,2
22,1,67939.0,3.56,80.5,37.6,0,0,4.3,3.97,3,CS,High School,0,0,2
18,0,25000.0,3.45,94.8,22.7,0,0,4.7,1.21,1,Arts,Master,1,2,0
17,0,41165.0,3.54,84.1,24.8,0,1,8.7,2.18,2,Business,Master,0,2,3
22,1,29115.0,3.62,72.3,30.8,1,1,7.0,2.32,4,Science,Master,1,2,4
21,0,64457.0,4.93,58.8,34.6,1,0,9.8,0.89,4,CS,High School,1,0,2
19,0,25000.0,3.35,89.6,42.2,0,1,6.2,3.46,1,Business,Master,0,2,3
19,1,30846.0,2.91,78.6,22.9,0,0,3.8,2.4,3,Arts,Bachelor,0,1,0
23,1,25000.0,5.4,80.8,21.1,1,1,6.0,1.88,4,Arts,High School,0,0,0
18,0,25000.0,5.77,85.3,54.3,0,1,6.5,2.45,2,Business,Bachelor,0,1,3
24,1,42523.0,2.99,100.0,51.4,1,0,6.6,1.97,1,Engineering,Bachelor,0,1,1
19,1,25000.0,3.62,92.8,23.6,0,0,4.7,2.67,2,Business,Master,0,2,3
22,1,25928.0,5.62,80.2,43.7,1,1,8.7,0.99,2,CS,Bachelor,0,1,2
20,0,54545.0,4.6,87.8,56.5,0,1,3.2,3.88,2,Business,High School,0,0,3
22,0,46537.0,6.08,77.2,45.8,1,0,6.1,3.66,2,Business,Bachelor,0,1,3
19,0,25000.0,4.91,88.2,20.8,1,0,5.0,1.05,1,CS,High School,0,0,2
20,1,25000.0,4.63,75.4,31.3,1,0,4.1,2.18,3,Arts,Master,1,2,0
21,1,40364.0,3.53,83.5,9.0,0,1,5.9,2.45,4,Science,Master,0,2,4
18,1,66526.0,2.73,83.7,18.4,1,0,7.8,1.57,1,CS,High School,0,0,2
22,1,25000.0,2.43,73.6,29.8,1,1,6.2,0.0,3,Arts,Master,1,2,0
19,1,25000.0,3.96,77.3,32.6,1,1,6.0,3.18,2,Business,Master,0,2,3
20,0,25000.0,5.83,64.6,21.7,1,1,1.9,4.0,4,Science,Bachelor,0,1,4
18,1,41897.0,2.64,79.0,5.0,1,1,7.2,0.51,4,Arts,Master,1,2,0
17,1,62138.0,3.84,90.9,32.3,1,0,4.8,4.0,3,Science,Bachelor,0,1,4
20,1,25000.0,1.84,98.0,38.7,0,0,6.5,0.34,1,Business,Bachelor,0,1,3
26,0,25000.0,5.8,93.9,39.2,1,0,7.2,3.08,3,Business,Bachelor,0,1,3
22,1,121055.0,2.95,78.9,27.5,1,0,5.8,1.53,2,Business,Bachelor,0,1,3
21,0,26732.0,6.95,81.9,28.4,1,1,1.9,2.7,1,CS,High School,0,0,2
20,0,34604.0,4.6,81.4,33.0,1,1,8.0,0.45,3,Business,Bachelor,0,1,3
21,1,30885.0,4.275,80.3,34.9,0,1,5.5,2.57,3,CS,High School,1,0,2
22,1,39894.0,1.74,89.8,28.9,1,0,7.0,1.72,3,Engineering,Master,0,2,1
18,0,52894.0,0.78,77.6,5.0,1,0,4.2,2.55,4,CS,High School,0,0,2
23,1,35592.0,3.5,93.6,46.8,0,0,7.7,2.72,3,Science,Bachelor,0,1,4
22,0,84501.0,4.05,83.1,24.4,1,0,5.0,0.73,4,Engineering,High School,1,0,1
22,0,25000.0,4.81,72.7,15.3,0,1,5.4,2.77,2,Engineering,Master,0,2,1
22,0,25394.0,6.0,81.2,25.3,1,1,7.7,3.27,1,Business,Bachelor,1,1,3
21,1,34161.0,3.6,85.8,31.3,1,0,6.7,1.01,3,Science,Bachelor,1,1,4
22,1,39300.0,3.45,89.8,22.7,1,0,1.3,3.39,2,Arts,Master,0,2,0
22,1,34090.0,3.7,88.0,23.5,1,1,5.9,3.68,4,Engineering,Bachelor,0,1,1
20,1,25000.0,4.48,79.5,26.1,0,1,7.6,1.78,1,Science,High School,0,0,4
19,0,35865.0,2.38,77.9,34.3,1,0,3.0,2.39,2,Arts,Bachelor,0,1,0
21,0,25000.0,1.66,95.8,20.4,1,1,7.3,2.58,2,Arts,High School,0,0,0
24,1,25000.0,4.42,82.2,34.0,1,0,2.5,1.03,4,Arts,Master,1,2,0
18,0,30318.0,2.24,72.9,13.4,1,0,5.1,1.94,1,CS,Bachelor,1,1,2
17,1,25000.0,5.49,77.3,54.1,1,0,6.5,2.38,1,Business,Bachelor,0,1,3
21,1,25000.0,1.13,66.3,42.9,1,0,5.0,0.87,1,Engineering,Master,0,2,1
21,1,25000.0,2.98,69.0,26.7,1,0,7.6,0.2,3,Engineering,High School,0,0,1
21,0,84825.0,2.24,77.8,34.0,0,1,3.0,1.22,3,Engineering,Bachelor,0,1,1
21,0,41500.0,3.12,75.6,16.0,1,0,7.0,1.77,3,Business,Master,0,2,3
20,0,27721.0,2.86,76.5,36.7,1,1,5.6,0.37,2,Arts,High School,0,0,0
24,0,25000.0,5.46,88.2,40.1,1,0,4.0,3.3,1,Science,Bachelor,0,1,4
17,1,25000.0,7.65,89.0,33.2,0,0,6.3,2.88,4,Business,Bachelor,0,1,3
19,0,29684.0,4.11,72.7,40.8,1,0,5.5,1.67,2,Business,Bachelor,1,1,3
20,0,45685.0,3.1,97.1,29.9,1,0,8.2,0.23,1,CS,High School,1,0,2
17,0,52329.0,3.81,82.8,28.8,0,0,6.6,3.13,2,Arts,Bachelor,0,1,0
20,0,43712.0,2.62,82.1,22.1,1,0,6.2,0.64,3,Arts,PhD,0,3,0
24,1,32697.0,4.73,75.7,36.7,1,1,4.3,1.67,4,Engineering,High School,0,0,1
21,0,65012.0,2.2,79.6,20.0,1,1,5.8,3.31,4,Business,Bachelor,0,1,3
21,0,25000.0,4.79,98.2,35.0,0,0,4.5,2.35,2,Arts,Bachelor,0,1,0
18,0,57017.0,4.12,73.3,33.6,1,1,5.4,1.98,2,Business,Bachelor,1,1,3
19,0,25000.0,4.98,84.1,46.1,1,0,7.7,0.79,2,Arts,High School,0,0,0
20,0,25000.0,3.99,77.7,37.0,0,0,5.0,3.91,4,Arts,Bachelor,0,1,0
20,0,25000.0,4.95,67.5,8.9,0,0,2.9,2.58,3,Science,Bachelor,0,1,4
23,0,25000.0,4.69,69.7,22.0,0,0,6.4,2.92,4,Engineering,High School,0,0,1
22,1,44154.0,3.77,86.9,21.7,1,0,6.9,2.0,2,Engineering,Bachelor,0,1,1
18,1,25000.0,4.73,68.2,21.2,0,0,8.4,0.18,3,Arts,Bachelor,1,1,0
21,1,25000.0,5.85,72.1,41.6,0,0,7.1,0.0,3,Engineering,Bachelor,1,1,1
22,0,45626.0,1.68,88.6,5.0,1,0,5.0,1.82,3,Arts,Master,0,2,0
23,1,36199.0,1.36,87.6,47.1,1,0,6.0,0.57,2,Science,High School,1,0,4
24,1,52974.0,5.69,82.5,42.0,0,0,6.2,2.33,4,Business,High School,1,0,3
18,0,28377.0,4.12,57.6,32.2,0,1,5.5,2.33,3,Engineering,Bachelor,0,1,1
19,1,25000.0,5.86,72.5,34.2,1,0,1.0,3.89,1,Arts,Bachelor,0,1,0
18,0,31122.0,3.86,71.4,30.9,0,1,4.5,2.6,1,Business,Bachelor,0,1,3
20,0,32051.0,6.28,80.9,31.9,0,1,6.4,2.76,4,Arts,High School,0,0,0
22,1,25000.0,7.76,87.1,43.5,0,0,7.5,4.0,1,Engineering,Bachelor,0,1,1
23,0,25000.0,5.5,78.6,27.3,1,1,4.4,2.99,1,Business,High School,0,0,3
20,0,25000.0,4.76,89.1,37.2,1,0,4.8,3.58,4,Arts,PhD,0,3,0
20,0,100906.0,4.95,94.9,19.5,1,0,5.1,2.48,2,Science,Bachelor,0,1,4
21,0,25000.0,4.22,85.1,36.4,1,0,5.3,4.0,1,Engineering,High School,0,0,1
19,0,62300.0,4.42,72.0,26.7,1,0,7.0,2.01,2,Science,High School,0,0,4
25,1,25000.0,4.58,82.7,35.1,1,1,4.2,1.1,2,CS,Bachelor,1,1,2
17,1,50681.0,6.95,92.8,19.6,1,0,7.1,2.61,1,Engineering,Master,0,2,1
21,1,51098.0,3.01,77.0,35.4,1,1,8.1,2.48,3,Science,High School,1,0,4
25,0,52657.0,3.71,76.7,29.4,1,0,4.8,2.89,1,Business,High School,0,0,3
21,1,37523.0,4.0,91.1,48.8,0,0,4.7,3.58,2,Business,Master,0,2,3
20,1,67943.0,4.82,70.5,33.1,0,1,5.8,2.14,4,Arts,Bachelor,1,1,0
20,0,37310.0,4.32,83.6,35.9,1,0,4.4,1.98,4,Business,Bachelor,0,1,3
20,1,83126.0,2.33,77.1,24.7,0,1,5.3,0.78,2,Arts,Bachelor,1,1,0
24,1,25000.0,4.1,78.5,33.7,0,1,2.9,3.46,2,Science,Bachelor,0,1,4
17,1,36643.0,3.86,95.6,35.7,1,1,7.0,3.01,2,Science,High School,0,0,4
24,0,35242.0,3.99,78.2,25.7,0,1,8.5,2.09,2,CS,Bachelor,0,1,2
17,0,25000.0,5.09,83.0,24.8,0,0,4.3,2.62,4,Business,Bachelor,0,1,3
20,1,42098.0,5.55,90.3,20.3,0,1,2.5,3.96,2,Engineering,Master,0,2,1
20,0,25000.0,2.91,71.7,29.1,1,0,7.2,1.21,4,Engineering,Master,0,2,1
22,1,29803.5,4.26,88.7,22.2,0,0,5.5,3.76,2,CS,High School,0,0,2
17,1,25000.0,2.05,78.4,33.5,1,0,4.3,2.27,4,CS,Bachelor,0,1,2
22,1,75749.0,3.08,71.8,20.5,0,0,5.3,2.47,2,Business,Bachelor,0,1,3
25,0,25876.0,3.71,78.1,28.5,0,0,3.3,1.93,3,Engineering,Bachelor,1,1,1
18,1,109112.0,4.92,82.5,18.7,1,0,6.4,2.74,2,Engineering,High School,0,0,1
21,0,48135.0,1.75,83.9,43.7,1,1,3.2,1.96,2,Engineering,Bachelor,0,1,1
19,1,38904.0,6.88,76.0,30.3,1,0,3.4,3.32,1,Arts,Bachelor,0,1,0
21,1,25000.0,1.66,80.3,30.2,0,1,3.3,2.2,3,Business,Bachelor,0,1,3
21,0,25000.0,6.01,70.9,37.1,0,0,5.8,1.37,1,CS,High School,0,0,2
19,1,40692.0,3.46,76.3,51.3,1,0,2.2,2.47,2,Engineering,Bachelor,0,1,1
22,0,28484.0,4.12,71.1,31.0,0,0,9.3,1.77,4,Science,Master,1,2,4
25,0,25000.0,1.11,81.4,12.1,1,1,4.8,3.0,1,Science,Master,0,2,4
20,0,25000.0,4.97,75.3,44.2,1,1,1.7,3.0,2,Arts,High School,0,0,0
22,0,25000.0,3.8,98.6,13.7,1,0,3.6,3.46,3,CS,Bachelor,0,1,2
18,0,88661.0,5.53,85.1,24.0,1,0,6.6,2.96,1,Arts,High School,0,0,0
18,0,112192.0,2.19,69.0,44.3,1,0,7.9,1.08,1,Arts,High School,0,0,0
22,1,33624.0,5.86,76.0,26.0,0,0,5.8,2.26,2,CS,Bachelor,0,1,2
24,1,32512.0,1.77,87.6,23.1,1,0,5.7,2.61,3,Engineering,Bachelor,0,1,1
21,1,25000.0,4.33,84.0,33.4,1,0,2.7,3.27,2,Business,PhD,0,3,3
20,0,25000.0,2.1,69.4,30.1,0,1,8.2,1.84,1,Engineering,High School,0,0,1
21,1,67854.0,6.55,75.7,21.7,0,0,6.5,1.33,3,Arts,Bachelor,1,1,0
18,1,91505.0,5.24,87.1,40.5,0,0,6.1,2.62,3,CS,Bachelor,0,1,2
22,0,25000.0,6.07,85.0,44.7,1,0,5.5,1.52,3,Business,Master,1,2,3
22,1,28291.0,3.66,86.6,46.7,0,0,6.5,2.57,3,Engineering,Bachelor,0,1,1
20,0,29590.0,3.88,79.8,36.6,1,1,5.5,1.96,2,Arts,Bachelor,0,1,0
20,1,25000.0,3.95,75.1,21.6,1,0,7.2,0.11,3,Engineering,High School,1,0,1
21,0,29219.0,3.73,71.8,14.9,1,0,5.5,1.3,2,CS,High School,1,0,2
20,0,25000.0,3.49,89.6,5.0,1,0,5.3,1.68,2,CS,Bachelor,0,1,2
20,1,39335.0,3.72,97.5,42.4,0,1,5.0,1.41,3,Business,High School,0,0,3
25,0,46025.0,5.53,84.2,32.3,0,0,1.6,3.56,3,Science,High School,0,0,4
20,0,27302.0,5.26,89.5,25.0,1,1,2.4,2.89,1,Arts,High School,0,0,0
20,1,50810.0,2.48,75.6,6.8,1,0,6.5,3.08,1,Science,Bachelor,0,1,4
19,1,32487.0,4.93,81.8,15.8,0,0,7.1,3.8,2,Business,High School,0,0,3
22,1,61715.0,2.18,81.5,8.8,1,0,7.4,0.52,2,CS,Bachelor,1,1,2
20,0,25000.0,5.94,85.1,47.3,1,0,3.1,4.0,1,Arts,High School,0,0,0
19,0,25000.0,2.76,82.6,37.6,0,0,9.6,1.26,1,Engineering,Bachelor,0,1,1
23,1,28479.0,5.03,100.0,14.3,1,1,7.3,3.43,3,Science,Bachelor,1,1,4
24,0,25000.0,4.83,88.4,49.6,1,0,4.5,3.99,3,Engineering,High School,0,0,1
19,0,25000.0,3.6,92.4,21.3,0,1,5.8,2.22,2,Engineering,Bachelor,0,1,1
17,1,25000.0,3.5,84.2,34.2,0,0,2.4,2.2,3,CS,High School,0,0,2
23,0,52519.0,3.7,65.0,34.2,0,0,4.4,1.78,3,Science,Bachelor,0,1,4
19,0,25000.0,4.64,85.6,28.9,1,0,6.5,0.0,1,Engineering,Bachelor,0,1,1
22,0,25000.0,5.1,90.8,26.4,1,0,5.6,2.65,1,CS,Master,0,2,2
17,0,29684.0,4.22,93.1,30.4,1,0,5.5,3.82,3,Engineering,Bachelor,0,1,1
23,0,31202.0,4.03,81.5,26.6,1,1,5.5,2.02,1,Science,High School,0,0,4
18,0,25000.0,4.75,70.5,33.0,0,0,5.3,1.54,1,Science,Bachelor,0,1,4
22,0,25000.0,4.34,79.7,33.5,1,1,3.5,2.91,1,CS,Bachelor,0,1,2
21,1,25000.0,3.3,70.4,23.7,1,0,8.3,0.13,4,Arts,High School,1,0,0
18,1,25000.0,4.85,92.3,43.2,1,0,6.0,2.34,2,Business,High School,0,0,3
20,0,41943.0,5.79,85.6,20.0,1,1,5.5,3.8,2,Science,Master,0,2,4
22,0,50291.0,5.5,77.9,34.7,1,0,5.3,1.46,2,Arts,Master,1,2,0
21,0,47730.0,4.37,87.9,25.9,0,0,3.9,2.22,1,Science,Bachelor,0,1,4
22,0,57830.0,3.22,93.8,19.6,1,0,7.7,0.93,4,Engineering,Master,1,2,1
25,0,62610.0,4.18,88.3,26.7,0,0,5.8,1.21,2,Engineering,Master,1,2,1
17,1,25000.0,4.94,98.0,22.1,1,0,5.9,4.0,4,Engineering,Bachelor,0,1,1
24,1,38958.0,5.54,74.9,37.9,1,0,6.5,1.55,3,Engineering,High School,0,0,1
21,1,25000.0,4.31,89.8,28.9,1,0,3.9,1.76,4,CS,Master,0,2,2
19,0,25000.0,5.24,70.3,46.4,0,1,9.1,2.35,2,Arts,High School,1,0,0
18,0,41616.0,5.38,97.2,18.6,1,1,8.3,3.15,3,Engineering,Bachelor,0,1,1
20,1,25000.0,3.62,87.8,5.0,1,1,5.4,0.45,3,Science,High School,0,0,4
23,0,30885.0,3.6399999999999997,64.0,34.7,0,1,5.5,2.17,1,Engineering,High School,0,0,1
20,1,43484.0,6.2,72.8,50.7,1,0,6.7,1.09,4,Engineering,Bachelor,1,1,1
24,1,39842.0,4.93,77.7,35.9,0,1,7.5,2.18,4,Engineering,High School,0,0,1
17,1,32275.0,4.73,79.9,18.7,0,0,8.7,1.35,3,CS,High School,1,0,2
21,1,25000.0,3.3,83.7,17.7,1,0,6.7,2.53,4,Business,Master,0,2,3
18,1,29803.0,4.26,81.9,54.3,0,0,5.5,3.48,2,CS,Master,0,2,2
21,1,44720.0,4.62,76.9,25.4,1,0,5.7,3.23,1,Science,PhD,0,3,4
23,1,31294.0,4.63,91.3,17.8,1,0,2.1,4.0,3,Engineering,Bachelor,0,1,1
20,0,25000.0,4.89,68.4,44.3,0,0,4.7,1.5,3,Business,Bachelor,1,1,3
17,1,25000.0,4.0,86.6,28.2,1,0,6.2,3.28,4,Arts,High School,0,0,0
21,0,49153.0,3.27,83.5,5.7,0,1,1.4,3.88,3,Arts,Bachelor,0,1,0
22,0,65928.0,4.35,81.9,55.0,0,0,5.8,1.31,2,Engineering,Master,1,2,1
21,0,25000.0,5.64,87.0,37.0,1,0,4.0,2.85,3,Science,High School,0,0,4
23,0,25596.0,4.71,76.7,11.9,1,0,8.3,0.59,1,Engineering,High School,1,0,1
18,0,26984.0,2.25,75.8,46.7,1,1,5.0,1.56,1,Arts,Bachelor,0,1,0
22,1,35064.0,3.76,79.7,17.4,0,0,5.0,2.92,2,Arts,Bachelor,0,1,0
23,0,25000.0,3.16,77.8,16.7,1,1,5.3,1.08,4,CS,Bachelor,0,1,2
17,0,25000.0,6.07,80.1,19.3,1,0,5.5,0.0,3,Arts,Master,0,2,0
21,1,60819.0,3.72,87.8,53.3,0,0,6.9,4.0,2,Business,Bachelor,0,1,3
19,1,87274.0,5.95,82.9,54.5,0,0,4.9,2.91,1,Science,High School,1,0,4
20,1,25000.0,4.29,82.2,23.4,1,0,5.5,3.77,3,Arts,Bachelor,0,1,0
21,0,25000.0,3.47,83.8,50.5,1,1,6.9,2.16,1,Arts,High School,0,0,0
19,1,27385.0,2.75,79.4,5.0,0,0,5.5,2.12,4,CS,High School,1,0,2
19,0,26569.0,3.54,89.2,41.0,0,0,6.7,0.89,1,Arts,Bachelor,1,1,0
21,0,54031.0,4.02,86.5,46.4,1,0,4.7,2.68,4,CS,High School,0,0,2
18,0,30724.0,2.55,82.0,48.1,1,0,6.1,2.67,3,CS,Bachelor,0,1,2
18,0,25000.0,4.83,72.9,30.9,0,1,7.9,3.98,4,CS,Bachelor,0,1,2
22,0,25000.0,2.9,92.5,36.8,1,0,6.6,1.49,3,Engineering,High School,0,0,1
18,1,49980.0,2.1,87.3,21.4,1,0,2.1,3.67,3,Science,Bachelor,0,1,4
22,0,42604.0,2.28,86.5,30.3,0,0,6.5,1.13,3,Science,High School,1,0,4
22,0,56181.0,3.38,95.6,28.0,1,0,3.4,3.12,4,Engineering,Master,0,2,1
17,0,25000.0,4.71,87.6,27.3,0,0,3.8,1.61,4,Engineering,Bachelor,0,1,1
19,0,89596.0,6.13,81.6,43.6,1,0,6.4,2.2,1,Business,Bachelor,0,1,3
23,1,25000.0,3.69,77.9,32.6,0,0,3.8,2.37,1,Business,Master,0,2,3
18,0,45513.0,4.43,77.6,50.3,0,0,3.5,1.9,3,CS,Bachelor,0,1,2
20,1,25000.0,3.91,84.2,33.0,1,0,5.5,1.97,4,Engineering,Bachelor,0,1,1
22,0,25000.0,1.23,89.7,56.3,1,0,4.4,2.08,3,Science,Master,0,2,4
22,1,75858.0,4.49,89.8,44.7,0,0,2.6,3.98,2,Engineering,Bachelor,0,1,1
20,1,48963.0,3.97,71.0,29.0,0,0,6.5,1.62,2,Engineering,High School,1,0,1
19,1,25000.0,1.95,89.4,32.1,1,0,7.3,0.24,4,Engineering,Bachelor,0,1,1
24,1,25000.0,6.2,79.6,19.9,0,1,7.1,3.46,1,Science,Bachelor,0,1,4
24,1,31583.0,4.78,77.3,31.9,1,0,3.9,1.68,4,Science,High School,0,0,4
23,0,40477.0,1.83,84.9,18.2,0,1,6.2,0.63,4,Arts,Master,1,2,0
21,0,63004.0,4.68,88.3,46.0,1,0,4.6,1.46,2,Engineering,High School,1,0,1
19,1,25000.0,7.93,72.1,25.9,0,1,3.2,2.7,1,Business,Master,1,2,3
19,1,25000.0,4.01,83.7,34.3,0,0,4.2,3.61,4,Science,Bachelor,0,1,4
22,0,32669.0,4.9,69.0,5.0,1,0,1.0,3.95,4,Science,Bachelor,0,1,4
21,0,25000.0,3.26,88.3,26.8,0,0,3.6,3.68,4,Arts,Master,0,2,0
24,1,25000.0,3.42,73.1,25.5,1,0,2.9,4.0,1,Engineering,Bachelor,0,1,1
22,0,35547.0,6.03,83.5,41.1,0,0,5.9,1.84,3,Science,Bachelor,0,1,4
17,0,26164.0,4.83,79.1,36.3,0,0,6.0,3.82,4,Business,Master,0,2,3
23,0,35736.0,5.39,77.4,42.2,1,0,2.5,3.27,3,Science,High School,0,0,4
18,1,25000.0,3.69,66.0,35.3,0,1,7.0,3.08,2,CS,Bachelor,0,1,2
20,1,39816.0,4.59,70.8,44.8,0,0,4.4,1.84,3,Business,Bachelor,0,1,3
21,0,25000.0,3.9,81.4,35.0,0,1,3.6,2.77,1,Science,Bachelor,0,1,4
25,0,29803.0,3.555,59.6,13.5,0,0,5.5,2.48,3,Engineering,Master,0,2,1
27,0,25700.0,3.85,79.5,28.9,0,1,4.1,3.71,1,CS,High School,0,0,2
22,0,84549.0,6.31,75.7,29.5,0,0,5.2,3.31,4,CS,PhD,1,3,2
20,1,47615.0,3.69,79.8,5.0,0,1,7.3,2.18,3,Arts,High School,1,0,0
22,1,56745.0,4.55,72.4,17.8,1,1,5.3,3.32,1,Engineering,Bachelor,0,1,1
23,0,69581.0,1.66,78.2,54.5,0,0,4.9,3.63,4,Science,PhD,0,3,4
20,1,258254.0,5.55,79.9,26.7,1,1,6.5,0.87,1,Arts,High School,0,0,0
24,1,30484.0,2.47,82.2,28.7,1,1,5.8,1.66,2,Arts,Master,0,2,0
21,0,69720.0,3.16,67.4,5.0,0,0,2.8,3.26,1,Engineering,Bachelor,0,1,1
22,0,54589.0,2.39,82.4,13.8,0,0,4.7,2.41,3,Science,Master,0,2,4
22,1,54048.0,2.15,73.1,35.8,0,1,4.5,1.92,3,Business,Bachelor,0,1,3
21,0,86210.0,5.26,71.1,24.4,1,1,5.2,3.25,1,Business,High School,0,0,3
22,1,25000.0,2.97,91.9,16.7,1,0,4.6,2.5,2,Engineering,Bachelor,0,1,1
19,0,25000.0,2.1,87.8,45.6,1,0,4.0,1.83,4,Engineering,Bachelor,0,1,1
19,1,36021.0,2.02,86.4,21.6,1,0,8.1,0.1,3,Business,Bachelor,1,1,3
18,1,26646.0,5.44,80.2,14.4,0,1,5.4,2.09,4,Science,Master,0,2,4
22,1,35994.0,3.53,77.4,30.5,1,0,6.4,0.0,4,CS,Bachelor,0,1,2
22,1,75936.0,3.94,93.9,20.2,0,0,5.3,3.61,4,Science,Bachelor,0,1,4
22,1,25000.0,5.2,83.1,20.2,1,0,7.0,3.69,1,Arts,Master,0,2,0
24,1,25000.0,4.77,74.8,29.3,0,1,5.3,3.0,4,Business,PhD,0,3,3
21,0,33011.0,4.25,74.0,22.3,0,0,7.3,2.72,4,Arts,Bachelor,0,1,0
22,0,25926.0,5.65,84.5,10.0,1,0,1.0,3.93,1,Business,Bachelor,0,1,3
18,1,25000.0,2.33,79.2,36.7,1,1,5.7,1.88,1,Engineering,Master,1,2,1
20,1,25000.0,3.6,90.3,40.4,1,0,6.0,1.19,2,CS,Bachelor,1,1,2
22,0,44910.0,5.18,82.6,27.0,1,0,6.0,2.19,4,Science,Master,0,2,4
22,0,70441.0,6.4,72.4,37.4,1,1,3.5,2.74,3,CS,Bachelor,0,1,2
20,1,25000.0,6.54,96.9,25.6,1,0,4.2,2.6,3,Science,Bachelor,0,1,4
20,0,25000.0,2.44,73.8,7.1,1,0,3.6,2.75,2,CS,Bachelor,0,1,2
17,0,30277.0,4.1,72.2,40.8,0,0,6.4,3.96,2,Arts,High School,0,0,0
20,1,25000.0,4.64,81.3,28.8,1,0,7.1,0.49,2,Arts,Bachelor,1,1,0
23,1,25000.0,3.79,85.7,31.8,1,1,2.5,3.76,3,Arts,Bachelor,0,1,0
22,0,25000.0,4.9,74.8,28.7,1,0,5.9,1.26,2,CS,Master,0,2,2
22,0,67605.0,6.94,87.6,27.8,1,0,3.9,2.72,3,Business,Bachelor,0,1,3
21,0,25000.0,2.83,78.1,31.7,0,0,8.6,0.02,4,Business,High School,1,0,3
21,0,80154.0,2.37,100.0,31.9,1,1,6.5,2.4,1,Business,High School,1,0,3
19,1,57995.0,4.83,84.7,45.2,0,0,4.9,1.7,1,Arts,High School,0,0,0
22,0,28377.0,3.79,58.3,35.3,0,1,5.5,1.32,4,Business,Bachelor,0,1,3
21,0,25000.0,4.88,76.4,44.1,1,0,7.8,1.14,4,Science,Bachelor,1,1,4
22,0,26473.0,4.25,85.9,48.1,1,0,5.6,4.0,4,Engineering,High School,0,0,1
19,0,27923.0,3.76,75.5,10.7,0,0,2.3,1.84,3,Science,Bachelor,0,1,4
17,1,29219.0,3.955,66.4,45.3,1,0,5.5,0.38,1,Engineering,High School,1,0,1
23,0,25000.0,4.13,97.8,37.8,1,1,7.0,3.09,3,Arts,PhD,0,3,0
19,1,46529.0,3.49,87.1,35.9,1,1,4.5,3.64,1,Business,Master,0,2,3
19,1,34864.0,5.45,86.8,41.9,0,0,6.6,2.42,3,Business,Bachelor,0,1,3
22,1,25000.0,4.14,97.9,26.8,0,1,4.4,2.23,4,CS,High School,0,0,2
20,1,25000.0,2.34,75.9,37.2,1,1,4.3,2.97,2,Business,Bachelor,0,1,3
23,0,26611.0,5.82,81.9,17.3,1,0,5.3,3.22,2,Business,High School,0,0,3
22,1,25000.0,3.82,79.6,13.1,0,0,6.6,3.18,3,Science,Master,0,2,4
22,0,30794.0,6.71,77.0,36.4,1,0,6.3,1.16,3,Science,Master,1,2,4
18,1,31297.0,3.65,80.0,29.2,1,1,7.2,0.38,4,Engineering,Bachelor,0,1,1
23,0,34788.0,2.96,78.4,30.0,1,1,6.4,0.0,2,CS,Bachelor,1,1,2
21,1,85798.0,3.61,76.7,20.4,1,0,8.1,1.43,4,Business,High School,1,0,3
20,0,27461.0,3.87,79.6,34.7,1,0,8.6,2.97,2,Arts,PhD,0,3,0
21,1,54326.0,3.67,76.8,24.9,0,0,6.0,1.72,1,Business,High School,0,0,3
17,0,34124.0,3.18,84.6,29.4,0,0,4.9,2.43,1,CS,Master,0,2,2
21,1,25772.0,3.41,74.4,24.2,1,1,5.2,1.25,2,Business,High School,0,0,3
18,0,29803.5,4.13,90.1,20.4,0,0,5.5,3.53,4,Engineering,High School,0,0,1
18,0,28701.0,3.67,87.8,27.5,1,1,5.5,0.6,4,Engineering,High School,1,0,1
17,1,35167.0,6.79,85.6,44.2,0,1,4.4,3.12,1,Engineering,PhD,0,3,1
23,1,25000.0,5.36,78.3,24.3,1,0,4.2,1.09,3,Science,Bachelor,1,1,4
19,0,25000.0,3.92,82.4,28.5,0,1,5.4,3.09,1,Science,High School,0,0,4
24,1,44028.0,4.86,81.0,26.8,1,1,1.7,3.76,1,Arts,Bachelor,0,1,0
19,1,50964.0,3.31,82.2,22.4,1,0,5.2,2.56,3,Arts,PhD,0,3,0
17,1,46508.0,5.39,71.3,44.8,0,0,5.9,2.61,2,Engineering,High School,0,0,1
18,0,32630.0,5.73,82.8,13.7,0,1,2.7,2.21,3,Engineering,High School,0,0,1
23,0,47114.0,4.78,84.6,29.0,1,1,7.9,1.17,3,Arts,Master,1,2,0
20,1,45618.0,3.34,93.6,19.9,1,0,6.3,3.18,4,Business,High School,0,0,3
19,0,47695.0,4.77,73.9,36.8,1,0,7.8,2.52,2,Arts,Bachelor,0,1,0
21,1,25000.0,3.1,72.5,31.6,1,0,6.3,0.04,1,Arts,Master,1,2,0
22,0,25000.0,2.2,89.9,44.2,0,0,6.1,0.94,4,Arts,Master,0,2,0
23,0,25000.0,4.34,69.9,38.8,1,0,8.2,1.11,3,Arts,High School,1,0,0
24,1,29424.0,1.88,93.6,31.0,1,0,7.9,1.35,3,Science,PhD,0,3,4
20,1,25715.0,3.46,91.5,38.9,0,1,9.0,2.43,1,Engineering,High School,0,0,1
18,1,25000.0,4.48,86.6,40.0,1,0,5.3,3.54,2,Engineering,Bachelor,0,1,1
20,0,83535.0,6.03,69.9,19.0,1,0,4.1,3.98,4,Arts,Bachelor,0,1,0
21,0,25225.0,3.17,80.7,39.3,1,0,3.4,2.31,3,Engineering,Master,0,2,1
18,0,32979.0,2.68,81.6,33.6,0,1,3.7,2.48,4,Arts,Bachelor,0,1,0
18,0,62738.0,5.03,84.3,35.9,0,0,6.7,1.66,4,CS,Master,1,2,2
21,1,25000.0,4.28,86.4,25.1,1,1,10.0,0.79,2,CS,Bachelor,1,1,2
20,1,25000.0,4.1,76.0,19.7,0,1,8.2,2.31,3,Business,High School,0,0,3
21,0,25000.0,2.07,90.5,17.6,1,0,5.2,1.41,3,Arts,High School,0,0,0
19,1,25000.0,5.41,86.2,5.0,0,0,6.9,0.82,4,Business,Bachelor,1,1,3
20,0,26793.0,1.26,86.1,21.5,1,0,4.5,0.63,4,Business,Bachelor,1,1,3
19,1,70847.0,4.25,80.2,59.3,0,1,4.6,1.94,3,Science,Bachelor,0,1,4
23,0,44537.0,5.59,85.1,39.9,1,0,3.6,2.49,2,Arts,High School,0,0,0
23,1,52829.0,4.15,64.9,33.8,0,0,3.8,3.4,3,Engineering,Bachelor,1,1,1
17,0,30585.0,3.68,85.2,41.5,0,1,6.5,2.34,4,CS,High School,0,0,2
19,0,25000.0,2.65,95.3,26.9,1,0,8.2,3.03,2,Engineering,Bachelor,0,1,1
17,0,25000.0,3.26,88.2,25.3,1,1,7.4,1.52,3,Engineering,Master,0,2,1
19,0,25000.0,6.85,87.3,26.5,1,0,8.1,0.98,2,Arts,High School,0,0,0
20,0,36896.0,3.29,88.2,21.2,0,0,6.9,4.0,1,Arts,High School,0,0,0
17,0,30305.0,4.59,91.7,22.2,0,1,5.4,3.25,2,Business,Master,0,2,3
19,0,26210.0,2.92,80.4,29.8,1,1,4.6,2.88,3,Science,High School,0,0,4
18,1,25000.0,3.61,89.9,30.8,1,0,6.5,2.28,3,Engineering,High School,0,0,1
21,0,99412.0,1.88,85.7,45.9,0,0,2.5,3.09,1,Engineering,Bachelor,0,1,1
21,1,25000.0,3.94,82.5,42.3,0,1,4.4,1.65,1,Business,Bachelor,0,1,3
19,0,51880.0,3.53,92.8,12.2,0,0,4.1,3.38,4,CS,Bachelor,0,1,2
21,1,29767.0,5.75,76.5,26.5,0,1,7.7,3.09,2,Business,Bachelor,0,1,3
19,1,28665.0,2.9,76.8,16.7,0,1,3.0,2.83,4,Arts,Bachelor,1,1,0
20,0,60233.0,3.44,63.1,5.0,1,1,7.2,0.61,3,Arts,High School,1,0,0
24,1,71505.0,5.18,74.6,31.0,1,1,6.2,0.94,2,CS,Master,0,2,2
23,0,25752.0,3.96,78.5,36.9,0,0,6.2,3.1,3,Science,Bachelor,0,1,4
18,1,48027.0,3.79,81.6,30.9,1,0,4.7,4.0,1,Business,High School,0,0,3
22,1,36987.0,3.77,85.6,35.2,1,1,2.9,4.0,1,Science,High School,0,0,4
22,0,29866.0,2.71,89.0,26.0,1,1,6.4,2.16,4,Business,High School,0,0,3
18,0,33609.0,3.44,71.4,17.7,1,0,7.1,0.95,3,Business,High School,0,0,3
22,0,25000.0,4.1,82.9,25.6,1,0,6.4,1.19,3,Business,Bachelor,1,1,3
24,0,25000.0,2.49,74.1,46.4,1,1,5.2,1.44,2,Arts,High School,0,0,0
18,1,25000.0,2.62,71.4,34.5,1,1,3.5,3.73,3,Science,High School,0,0,4
19,0,51064.0,5.58,84.6,11.8,0,0,4.4,3.69,3,Arts,Master,0,2,0
23,0,28082.0,4.65,82.8,31.6,0,1,6.3,3.81,4,Engineering,Bachelor,0,1,1
21,0,25000.0,4.39,85.9,45.3,1,0,4.1,2.44,1,Science,Bachelor,0,1,4
22,0,25000.0,3.29,86.6,39.1,1,0,3.8,2.43,3,Engineering,Master,0,2,1
21,0,25000.0,4.29,78.1,45.4,0,0,2.9,3.09,4,Engineering,Bachelor,0,1,1
21,1,25000.0,0.88,90.8,12.1,1,0,6.5,2.0,4,Business,Bachelor,0,1,3
18,0,30412.0,2.43,74.7,31.5,0,0,6.4,2.06,2,Engineering,Bachelor,0,1,1
23,1,27401.0,4.81,73.6,25.8,0,0,7.6,1.74,3,CS,High School,1,0,2
23,0,97547.0,3.12,85.2,37.1,1,0,1.6,3.13,2,Science,Master,0,2,4
20,0,41980.0,3.73,83.7,19.8,1,0,7.6,2.9,3,Arts,Bachelor,0,1,0
20,1,40875.0,4.47,75.5,19.6,1,1,7.5,0.73,2,Arts,Bachelor,0,1,0
17,0,25000.0,3.02,75.3,30.0,0,0,7.7,2.23,3,Arts,Master,0,2,0
22,0,25000.0,3.19,85.0,18.9,1,0,5.7,4.0,4,Arts,Bachelor,0,1,0
22,1,25000.0,3.53,84.0,33.1,1,1,5.9,2.46,3,Business,Master,0,2,3
20,0,25000.0,4.2,73.7,5.5,0,0,5.9,2.36,1,Engineering,Bachelor,1,1,1
23,0,25000.0,1.88,76.9,44.1,0,0,3.9,2.36,2,Engineering,High School,0,0,1
20,1,25000.0,4.39,74.7,5.0,0,0,3.9,2.92,3,Engineering,High School,0,0,1
22,1,25000.0,3.97,65.0,40.9,1,0,5.9,1.65,3,Arts,Master,1,2,0
18,0,50234.0,4.14,92.9,23.0,1,1,5.1,4.0,4,Business,Bachelor,0,1,3
20,0,27289.0,3.04,83.9,12.6,1,0,6.8,1.33,3,Engineering,Master,0,2,1
20,0,25000.0,3.93,91.3,32.0,1,0,4.9,1.11,1,Engineering,Bachelor,0,1,1
21,0,29636.0,5.24,79.6,40.6,1,0,2.9,3.76,3,Arts,Bachelor,0,1,0
20,1,59900.0,4.89,74.2,43.9,1,0,2.9,3.16,1,Science,Bachelor,0,1,4
20,1,29808.0,5.6,75.0,43.5,0,0,4.1,1.67,4,CS,Bachelor,0,1,2
22,1,41119.0,2.83,75.0,19.7,0,1,6.8,0.0,1,Engineering,Bachelor,1,1,1
20,0,25000.0,4.89,77.9,32.5,0,1,4.6,3.65,3,Arts,Bachelor,0,1,0
17,0,25000.0,3.19,69.6,8.7,1,0,6.0,1.54,2,Engineering,Bachelor,1,1,1
24,1,36768.0,1.05,78.9,31.0,0,0,2.5,0.25,2,Engineering,Bachelor,0,1,1
24,0,92558.0,5.21,77.4,34.1,0,0,5.8,2.17,4,Science,Bachelor,0,1,4
18,1,70113.0,5.0,89.0,25.5,0,1,5.6,3.87,1,Arts,Bachelor,0,1,0
22,1,42180.0,5.93,86.3,8.0,1,0,7.6,2.42,1,Engineering,Bachelor,0,1,1
19,1,32561.0,2.1,78.9,22.9,1,0,5.8,1.34,4,Arts,Bachelor,0,1,0
21,0,68916.0,4.21,85.8,52.9,1,0,6.9,2.99,3,CS,Bachelor,0,1,2
21,0,47897.0,3.71,73.2,34.7,1,0,9.0,0.0,1,Arts,Master,1,2,0
20,1,25000.0,5.49,71.9,24.2,1,1,5.6,3.74,3,CS,High School,0,0,2
19,1,25000.0,2.19,81.2,28.1,1,1,8.3,0.0,1,Arts,High School,1,0,0
19,1,36420.0,3.67,82.8,34.6,0,1,5.7,0.8,1,Arts,Bachelor,1,1,0
19,0,25000.0,4.12,80.9,11.4,0,0,4.5,0.68,1,Engineering,Bachelor,0,1,1
19,1,25000.0,4.96,92.8,12.0,0,1,5.3,3.59,2,Engineering,Bachelor,0,1,1
20,1,25000.0,4.54,87.5,21.2,1,0,4.6,0.54,1,CS,High School,1,0,2
19,0,25497.0,3.96,90.3,23.9,0,1,4.7,0.54,2,Business,Bachelor,0,1,3
22,1,25023.0,3.6,77.6,51.5,1,0,4.5,2.16,3,Science,High School,1,0,4
24,1,25000.0,3.88,84.7,30.8,0,0,5.0,2.11,1,Arts,Master,0,2,0
19,0,48785.0,4.98,73.7,23.8,0,0,6.8,1.58,1,Science,High School,0,0,4
21,0,25358.0,2.93,76.1,30.7,1,1,2.4,2.81,2,CS,High School,0,0,2
22,1,31048.5,4.285,84.6,5.7,0,1,5.5,0.84,1,Science,Master,0,2,4
22,0,25000.0,3.7,74.9,19.2,1,0,5.7,2.49,3,Arts,Bachelor,0,1,0
21,1,54974.0,1.29,75.7,21.0,0,1,8.0,1.51,4,Business,Bachelor,1,1,3
22,0,25000.0,1.46,85.4,17.8,0,0,4.8,0.33,3,Science,High School,0,0,4
22,0,25000.0,2.06,75.9,44.8,1,0,7.5,0.51,2,CS,PhD,1,3,2
18,1,33788.0,3.72,89.7,37.9,1,0,4.0,3.0,4,Arts,Bachelor,0,1,0
22,1,25000.0,4.65,80.3,15.5,0,0,4.7,3.79,4,CS,PhD,0,3,2
23,0,25000.0,3.2,80.6,14.8,1,0,6.2,2.9,3,Arts,High School,1,0,0
19,1,34720.0,1.89,84.0,14.9,1,0,6.6,0.83,2,Business,High School,0,0,3
21,0,25000.0,5.23,80.9,27.8,0,0,5.0,2.85,2,Science,High School,0,0,4
22,0,119010.0,4.36,84.2,32.4,0,0,5.9,1.89,1,Arts,Master,0,2,0
20,0,28427.0,3.71,74.7,35.0,1,0,5.2,1.57,1,Engineering,Bachelor,1,1,1
23,0,43075.0,4.32,60.2,17.8,1,1,6.9,2.61,3,Business,High School,1,0,3
26,1,25000.0,2.63,70.7,27.9,0,1,5.2,1.24,4,Science,High School,0,0,4
19,1,25000.0,5.34,78.4,29.3,0,1,5.1,3.17,2,Engineering,Bachelor,0,1,1
18,1,25000.0,4.41,85.9,44.4,0,1,7.3,3.01,2,Science,Bachelor,0,1,4
21,1,25000.0,3.81,99.3,39.3,0,0,5.9,2.88,3,Business,Master,0,2,3
22,0,38152.0,3.56,77.3,12.8,0,1,6.7,2.91,4,CS,Bachelor,0,1,2
20,1,55345.0,4.09,76.8,7.4,1,1,10.0,0.36,1,Arts,Bachelor,1,1,0
24,1,36562.0,4.63,84.7,28.7,1,1,1.9,3.01,2,Engineering,High School,0,0,1
18,1,25952.0,1.73,83.8,22.4,1,0,3.7,1.84,1,Arts,High School,0,0,0
22,1,25000.0,2.98,84.0,18.5,0,0,3.8,1.89,1,CS,Bachelor,0,1,2
19,1,57998.0,3.57,80.0,20.9,0,0,4.0,0.96,1,CS,High School,1,0,2
24,0,103028.0,3.52,66.2,37.0,0,0,8.1,1.36,3,Science,High School,1,0,4
25,1,32242.0,3.07,83.6,12.0,1,0,1.0,3.4,1,Arts,Bachelor,0,1,0
19,1,52241.0,5.01,81.6,52.2,0,0,6.4,3.15,4,CS,Master,0,2,2
19,1,36535.0,3.1,69.3,21.4,0,1,2.7,2.69,1,CS,Bachelor,1,1,2
22,0,46784.0,2.61,86.7,37.6,0,0,5.5,0.75,4,Science,High School,0,0,4
20,0,25000.0,3.39,87.8,22.0,1,0,6.0,1.48,1,Science,Master,1,2,4
20,1,25000.0,5.96,86.5,11.8,1,0,7.1,2.06,4,Science,High School,1,0,4
21,0,37695.0,4.02,78.7,28.2,0,0,5.0,3.29,1,Engineering,High School,0,0,1
17,1,61543.0,3.37,83.8,15.0,1,0,5.2,2.76,4,CS,High School,0,0,2
21,0,25000.0,3.57,74.8,31.8,1,0,1.8,2.09,3,Science,Bachelor,0,1,4
19,0,25000.0,1.72,70.9,29.7,0,0,9.6,0.0,3,Engineering,Bachelor,1,1,1
19,0,25000.0,3.76,81.2,21.7,0,0,6.1,3.46,2,Science,Bachelor,0,1,4
24,1,54507.0,4.31,70.0,31.8,1,0,6.3,3.4,4,Engineering,High School,0,0,1
18,0,25000.0,4.57,80.9,42.5,0,1,7.4,3.43,1,Arts,Bachelor,0,1,0
22,0,25000.0,3.79,81.6,28.7,1,0,5.4,2.78,1,CS,Bachelor,0,1,2
20,0,32648.0,3.03,75.5,21.3,0,0,6.3,1.75,1,Science,Bachelor,0,1,4
20,0,27734.0,5.18,97.5,34.8,1,1,6.8,2.89,2,Business,Bachelor,0,1,3
22,0,29803.5,4.24,77.2,35.3,0,0,5.5,2.78,4,Business,High School,0,0,3
21,0,25000.0,2.72,83.7,26.6,1,0,6.5,0.34,2,Engineering,Master,0,2,1
22,1,25000.0,3.0,80.5,46.5,1,0,9.2,2.67,4,CS,Bachelor,0,1,2
23,1,60907.0,3.56,89.5,26.4,1,0,8.6,2.4,1,Science,Bachelor,0,1,4
20,0,25000.0,3.62,79.3,47.9,0,1,8.3,2.12,4,Science,Bachelor,0,1,4
19,0,72124.0,3.3,71.9,22.1,0,0,8.9,0.32,2,Arts,Master,1,2,0
18,1,25000.0,4.41,85.3,40.2,1,0,3.2,3.66,3,Arts,Bachelor,0,1,0
19,0,49495.0,3.89,70.0,27.4,1,0,4.6,1.91,3,Science,Master,1,2,4
27,1,25000.0,5.15,75.2,33.2,0,0,3.9,1.4,4,Science,High School,1,0,4
23,1,25000.0,4.1,77.9,5.7,1,1,10.0,0.47,1,Science,Bachelor,1,1,4
18,0,25000.0,3.54,78.2,56.0,1,1,5.9,0.5,3,Business,Master,1,2,3
18,0,41231.0,3.34,79.2,33.8,0,1,3.0,1.69,3,Business,Bachelor,0,1,3
22,1,29611.0,3.48,78.6,42.2,1,1,3.5,2.53,3,Arts,Master,0,2,0
22,0,58167.0,2.6,83.0,13.5,1,0,5.7,1.2,3,Arts,High School,1,0,0
22,0,70364.0,3.69,76.6,32.1,1,0,3.0,2.52,4,CS,Bachelor,0,1,2
20,0,25000.0,4.62,85.5,27.8,0,0,8.9,1.45,4,Arts,Master,1,2,0
20,1,25000.0,5.01,75.3,17.3,1,0,6.9,1.76,2,Engineering,High School,0,0,1
21,1,25000.0,4.23,71.8,45.4,1,1,6.1,1.67,1,Engineering,Bachelor,0,1,1
21,0,25000.0,8.4,72.9,31.8,1,0,3.6,3.48,2,Arts,Master,0,2,0
17,1,57672.0,4.42,78.7,29.4,0,1,3.1,3.3,2,Engineering,Master,0,2,1
20,0,41615.0,1.75,89.8,37.5,1,0,6.1,1.68,3,Science,High School,0,0,4
19,1,25000.0,4.54,81.8,19.7,1,0,5.7,2.25,4,Engineering,Master,0,2,1
21,0,29535.0,5.47,78.3,31.9,1,1,3.2,2.82,1,Engineering,Master,0,2,1
27,1,69050.0,3.65,81.7,31.1,0,0,5.4,2.95,3,Engineering,PhD,0,3,1
21,1,29219.0,3.95,72.3,31.6,1,0,5.5,1.28,2,Arts,High School,0,0,0
20,0,34739.0,1.65,68.3,42.3,1,0,6.8,2.79,4,Business,Bachelor,1,1,3
23,0,25000.0,3.87,74.1,24.9,1,0,9.3,1.24,3,CS,High School,1,0,2
22,0,35539.0,2.68,73.6,23.6,0,1,1.8,2.6,2,Science,High School,0,0,4
21,0,52096.0,3.73,100.0,22.6,1,0,6.9,4.0,1,Engineering,Master,0,2,1
22,0,34023.0,3.51,97.4,22.1,0,0,4.2,3.47,1,Science,High School,0,0,4
25,1,45978.0,5.91,97.3,43.2,0,0,6.3,2.3,2,Engineering,Bachelor,0,1,1
18,1,36836.0,5.09,72.3,29.2,0,1,5.7,0.6,2,Science,High School,0,0,4
22,0,25000.0,3.27,96.0,42.3,1,0,6.4,3.66,2,Arts,High School,0,0,0
19,1,25000.0,3.46,76.3,33.3,1,1,3.3,3.99,3,Business,Bachelor,0,1,3
22,1,25000.0,5.21,95.2,19.5,0,0,7.2,2.31,3,Business,Bachelor,0,1,3
19,1,56345.0,4.15,85.5,11.9,1,0,5.6,2.08,3,Science,Bachelor,0,1,4
20,0,25000.0,4.41,74.1,12.6,1,0,8.0,2.41,1,Science,High School,0,0,4
20,0,39087.0,5.54,95.2,19.3,1,0,8.4,3.09,4,Business,Master,0,2,3
23,0,35675.0,3.0,94.9,42.2,1,1,5.9,3.57,1,Business,Bachelor,0,1,3
23,0,77012.0,5.24,73.5,45.6,1,1,7.3,3.26,4,Arts,Bachelor,0,1,0
18,1,28998.0,3.49,84.6,31.1,0,1,7.1,3.54,3,CS,Bachelor,0,1,2
21,1,25000.0,1.08,66.5,41.1,1,0,7.9,0.0,1,Business,High School,1,0,3
19,0,43832.0,2.48,78.8,23.3,0,0,7.8,2.49,4,Arts,Master,0,2,0
18,0,107241.0,2.79,78.9,22.5,1,1,3.4,2.07,1,Business,High School,0,0,3
20,1,45589.0,5.74,78.7,39.2,1,1,6.0,1.21,3,Engineering,High School,0,0,1
20,1,25000.0,3.84,94.9,32.0,0,0,3.0,3.04,4,CS,Master,0,2,2
26,1,25000.0,3.6,71.3,38.8,1,1,4.6,2.93,3,Engineering,Bachelor,0,1,1
22,0,30885.0,3.79,65.2,30.6,0,1,5.5,3.77,1,Business,High School,0,0,3
18,1,98912.0,2.99,88.0,25.5,0,1,6.6,2.53,4,Engineering,Master,0,2,1
19,1,25000.0,3.49,71.5,27.4,0,1,5.1,1.16,3,Business,Bachelor,1,1,3
23,1,25000.0,4.04,74.9,33.7,1,1,5.2,1.39,2,CS,Bachelor,0,1,2
25,0,27036.0,3.93,90.9,32.9,0,0,7.3,2.18,4,Engineering,Bachelor,0,1,1
17,0,25000.0,4.44,92.8,18.8,1,0,7.1,3.26,2,Business,High School,0,0,3
17,0,76160.0,4.71,78.5,28.5,1,0,6.0,1.85,2,Engineering,High School,1,0,1
25,1,25000.0,2.92,88.9,11.8,1,0,6.8,0.03,2,Arts,Bachelor,0,1,0
21,1,60378.0,1.57,94.5,25.8,1,0,6.7,0.97,4,CS,Master,1,2,2
19,1,31992.0,4.52,78.7,19.0,1,1,9.0,0.0,3,Arts,PhD,1,3,0
22,1,61342.0,1.59,88.3,5.0,0,1,5.1,3.06,3,Business,Bachelor,0,1,3
17,0,76847.0,4.42,78.6,56.5,0,1,4.1,3.19,1,Arts,High School,0,0,0
21,0,31285.0,4.95,71.2,20.7,1,0,5.9,1.52,1,Science,High School,0,0,4
21,0,25000.0,5.46,82.0,18.7,1,1,3.8,3.09,3,CS,Bachelor,0,1,2
23,0,30937.0,3.83,80.0,49.5,0,0,4.8,0.33,1,Arts,High School,0,0,0
18,1,28089.0,6.61,74.6,15.9,1,0,6.3,0.69,1,CS,Bachelor,0,1,2
21,1,25000.0,2.19,79.3,12.6,1,0,4.6,0.96,2,Engineering,Bachelor,1,1,1
19,0,75470.0,5.89,80.2,27.5,1,0,5.1,0.87,3,Business,High School,0,0,3
21,1,34457.0,3.0,84.2,24.1,1,0,5.0,3.42,3,Business,High School,0,0,3
19,1,25000.0,4.05,90.3,22.3,1,0,4.7,3.25,2,Business,Master,0,2,3
20,0,25000.0,4.2,90.3,19.0,1,1,3.5,2.35,3,Arts,High School,0,0,0
18,0,25000.0,5.75,81.3,27.7,1,0,7.3,3.08,1,CS,High School,1,0,2
22,0,47207.0,2.57,77.6,49.6,1,1,8.0,2.91,2,Arts,High School,1,0,0
22,0,25000.0,6.78,92.7,10.7,1,0,7.2,3.92,3,Arts,Bachelor,0,1,0
20,1,25000.0,1.21,81.2,40.1,0,0,7.2,0.56,2,CS,Bachelor,1,1,2
21,0,39851.0,3.9,77.2,48.4,1,1,4.8,2.49,3,Engineering,Bachelor,0,1,1
17,0,25000.0,4.75,83.4,22.5,1,0,5.8,3.42,2,Arts,Bachelor,0,1,0
20,1,41271.0,5.34,67.4,34.5,0,0,4.1,3.97,3,CS,Bachelor,0,1,2
20,1,31482.0,2.14,78.2,28.5,0,0,5.3,2.22,2,Engineering,High School,1,0,1
26,0,28269.0,1.44,77.7,9.4,1,1,5.4,0.11,2,Business,Bachelor,0,1,3
18,1,25000.0,5.7,75.7,44.6,1,0,3.0,2.98,4,CS,High School,0,0,2
24,0,25000.0,4.32,85.0,30.4,0,1,5.7,3.88,3,Business,High School,0,0,3
23,0,42682.0,1.52,90.6,23.7,1,1,4.5,1.98,2,CS,High School,1,0,2
21,1,25000.0,3.34,95.5,11.7,1,0,6.0,1.89,4,Business,Bachelor,0,1,3
24,0,61281.0,3.04,78.0,36.3,1,1,5.1,2.27,1,Arts,Bachelor,1,1,0
21,1,121521.0,5.47,79.7,31.8,1,0,6.1,2.46,2,Arts,Bachelor,0,1,0
21,0,44083.0,3.53,76.6,37.3,0,1,6.8,2.66,4,Science,Bachelor,1,1,4
20,0,72817.0,3.76,86.3,36.7,1,0,3.2,1.0,1,CS,High School,0,0,2
23,1,45818.0,3.67,67.1,20.2,1,0,4.9,3.15,2,Arts,Bachelor,0,1,0
23,0,25000.0,6.17,78.9,5.0,1,0,4.3,0.21,3,Engineering,PhD,0,3,1
19,1,33526.0,5.18,84.3,28.7,0,0,7.6,0.01,3,Business,High School,1,0,3
18,1,99508.0,4.9,77.0,27.9,0,1,8.6,0.02,2,Arts,High School,0,0,0
20,1,25000.0,4.26,78.6,32.0,1,1,5.6,1.3,3,Business,Bachelor,1,1,3
19,1,25000.0,4.25,89.9,48.2,1,0,6.2,3.49,4,Arts,Bachelor,0,1,0
20,0,25000.0,2.82,81.5,29.4,1,0,2.8,4.0,1,Arts,High School,0,0,0
23,1,26095.0,5.13,91.6,38.3,1,0,6.0,1.19,3,Business,Bachelor,1,1,3
20,1,25000.0,3.51,95.1,34.5,1,0,5.0,2.21,4,CS,Master,0,2,2
20,1,29684.0,3.9,71.2,13.4,1,0,5.5,1.33,4,Arts,Bachelor,0,1,0
21,1,33854.0,3.81,79.7,14.5,1,0,5.1,1.31,1,Science,Master,1,2,4
22,1,53265.0,4.02,94.7,43.8,1,0,4.0,3.92,2,Science,High School,0,0,4
17,0,25000.0,5.75,61.8,19.4,1,1,3.1,1.97,4,Science,Bachelor,0,1,4
19,1,25000.0,5.11,69.6,34.4,1,0,5.8,2.31,3,Business,Bachelor,0,1,3
21,0,25000.0,2.72,88.2,17.7,1,0,4.5,4.0,3,Engineering,Bachelor,0,1,1
23,0,25000.0,5.35,100.0,39.0,0,1,7.7,3.35,3,Engineering,High School,0,0,1
19,1,36626.0,0.62,87.5,33.0,1,0,6.6,0.27,1,CS,Master,0,2,2
17,0,40617.0,4.54,83.5,26.4,1,1,5.3,1.56,3,Business,Bachelor,0,1,3
22,0,42698.0,3.11,78.3,38.0,1,0,6.6,3.18,1,Business,Bachelor,0,1,3
19,0,25000.0,2.17,86.4,33.1,0,1,8.6,1.57,3,Science,Master,0,2,4
18,1,29725.0,2.47,91.3,21.3,0,0,3.4,2.99,3,Engineering,Bachelor,0,1,1
19,0,25000.0,5.9,88.0,30.1,1,0,4.4,2.7,2,Business,Master,0,2,3
20,1,37831.0,4.59,82.5,38.0,1,0,9.0,1.57,4,Engineering,Bachelor,0,1,1
19,0,39634.0,4.49,90.3,43.3,0,0,4.1,3.92,2,CS,Bachelor,0,1,2
17,0,25000.0,5.26,84.4,28.5,1,0,6.7,1.31,4,Science,Bachelor,0,1,4
23,0,53147.0,3.7,86.1,51.4,0,0,7.6,1.09,1,Engineering,Bachelor,1,1,1
23,1,29794.5,4.205,89.8,21.1,1,1,5.5,0.97,1,Engineering,Master,1,2,1
22,0,49065.0,3.71,74.5,11.3,0,0,6.7,1.82,3,Business,Master,0,2,3
18,1,26965.0,0.5,81.8,13.1,1,0,5.0,2.61,3,Engineering,High School,0,0,1
20,1,25000.0,6.09,82.9,29.9,1,0,8.8,2.86,4,Business,Bachelor,0,1,3
21,1,26227.0,0.5,72.4,30.1,0,0,4.7,0.58,3,Business,Master,1,2,3
22,1,25000.0,3.65,73.3,31.5,1,1,3.8,1.08,1,Science,Bachelor,1,1,4
22,0,28377.0,4.07,77.0,22.0,0,1,5.5,2.67,4,Arts,Bachelor,0,1,0
19,1,25000.0,0.94,90.3,56.7,1,0,6.8,0.72,4,CS,Bachelor,1,1,2
21,1,25000.0,3.81,80.4,48.1,1,0,5.8,1.04,4,Engineering,Bachelor,0,1,1
22,1,33920.0,3.79,83.0,16.3,1,1,5.6,3.24,1,Business,PhD,0,3,3
24,1,30114.0,5.19,84.5,28.8,0,0,4.6,3.61,3,CS,High School,0,0,2
22,1,25000.0,4.63,87.0,30.6,0,0,4.2,2.12,4,CS,Bachelor,0,1,2
22,1,25000.0,2.26,86.0,38.2,1,0,4.4,2.88,2,Science,Master,0,2,4
21,0,35378.0,3.16,82.5,11.7,0,0,6.1,0.24,3,Engineering,Bachelor,1,1,1
24,1,25000.0,2.61,80.9,9.4,1,0,5.1,3.02,3,Arts,Bachelor,0,1,0
21,1,27354.0,1.59,90.8,15.4,1,0,2.8,3.81,3,Business,High School,0,0,3
19,1,85732.0,3.15,78.1,48.0,0,0,4.7,1.8,4,Arts,Bachelor,0,1,0
24,0,43946.0,5.93,92.9,22.1,0,0,5.1,2.29,2,Science,Bachelor,0,1,4
22,1,29684.0,3.965,77.4,39.7,1,0,5.5,2.03,4,Science,Bachelor,0,1,4
20,1,25000.0,4.55,79.7,37.1,1,1,6.0,2.56,4,Engineering,High School,0,0,1
19,0,32568.0,2.43,87.7,27.8,0,0,8.7,2.48,1,CS,High School,0,0,2
21,1,25000.0,1.46,100.0,39.9,0,0,3.7,1.79,1,Arts,Master,0,2,0
22,0,25000.0,4.74,66.5,15.3,0,0,6.5,1.86,1,Arts,High School,0,0,0
21,1,40922.0,5.31,88.9,24.3,0,0,6.6,3.38,1,Science,Master,0,2,4
21,0,36046.0,4.21,85.8,5.0,1,0,6.0,1.98,4,Business,Bachelor,0,1,3
24,0,38963.0,4.99,78.4,31.2,1,1,5.0,0.81,2,Engineering,Bachelor,1,1,1
23,0,34816.0,3.57,84.9,20.5,1,1,4.3,3.03,2,Engineering,Bachelor,0,1,1
21,1,28590.0,4.07,72.4,56.3,1,0,5.4,1.35,2,CS,High School,1,0,2
23,0,25000.0,3.06,75.7,30.7,1,1,2.3,3.34,4,CS,High School,0,0,2
18,1,40525.0,4.5,85.4,39.8,1,0,3.8,4.0,2,Engineering,Bachelor,0,1,1
21,1,74454.0,3.76,73.9,37.8,1,0,3.7,2.72,1,CS,Bachelor,0,1,2
25,1,25000.0,4.79,83.2,29.1,1,0,6.4,1.99,1,Arts,Bachelor,1,1,0
20,0,25000.0,5.02,76.7,41.9,0,1,6.6,2.1,1,Engineering,Bachelor,0,1,1
19,1,25000.0,3.54,78.4,30.4,1,1,3.6,3.73,3,Arts,Bachelor,0,1,0
19,1,25000.0,4.67,90.6,35.7,1,0,3.1,2.61,3,Science,PhD,0,3,4
18,0,33576.0,3.1,72.7,58.3,1,0,2.9,1.82,4,Business,Bachelor,0,1,3
19,0,25000.0,6.33,81.7,32.3,1,0,7.3,0.86,1,Business,Master,1,2,3
20,0,38696.0,5.84,85.8,23.7,0,0,7.1,2.98,1,Business,Master,0,2,3
17,1,43754.0,4.38,84.1,21.5,0,0,6.7,2.37,1,Business,Master,0,2,3
21,0,25000.0,3.01,77.3,29.0,1,0,8.2,2.45,4,Engineering,High School,0,0,1
23,0,25000.0,4.32,84.9,31.4,1,1,8.7,1.58,4,CS,Master,0,2,2
19,1,31189.0,2.42,73.8,30.7,1,0,3.7,1.85,3,Business,High School,0,0,3
24,1,27280.0,4.53,78.1,11.0,0,1,4.8,2.58,4,Engineering,Bachelor,1,1,1
22,1,40611.0,1.23,94.7,5.0,0,1,6.9,2.83,1,Arts,Master,0,2,0
23,1,27318.0,2.6,87.1,18.4,1,0,1.0,3.19,1,Business,Bachelor,0,1,3
19,0,63504.0,4.48,82.0,30.7,1,1,5.0,1.77,3,Science,Bachelor,0,1,4
22,1,25000.0,5.81,85.6,30.8,1,0,7.2,1.5,3,Arts,High School,1,0,0
18,0,25000.0,4.48,75.6,35.5,1,0,4.9,2.39,4,CS,Bachelor,0,1,2
23,1,25000.0,3.58,84.3,34.4,1,0,6.8,3.74,1,Arts,High School,0,0,0
21,1,46225.0,2.75,78.4,24.0,1,0,1.9,3.82,2,Business,Bachelor,0,1,3
22,0,30266.0,3.33,77.4,17.8,0,0,6.0,1.09,4,Science,High School,0,0,4
18,1,43488.0,1.7,81.0,36.3,0,0,4.7,3.16,1,Engineering,High School,0,0,1
19,0,42954.0,3.48,77.2,32.7,1,0,5.1,2.33,2,Arts,Bachelor,0,1,0
22,0,25000.0,6.86,83.1,16.9,0,0,3.8,3.65,4,Arts,Bachelor,0,1,0
18,1,25000.0,4.17,85.3,37.5,1,1,8.4,0.98,1,Science,High School,0,0,4
22,1,31202.0,4.390000000000001,79.8,41.5,1,1,5.5,3.91,1,CS,High School,0,0,2
18,1,25000.0,1.58,59.2,39.5,0,0,5.8,1.76,3,Science,Bachelor,0,1,4
22,1,25000.0,5.83,75.1,41.6,0,0,9.2,2.68,1,CS,High School,0,0,2
18,1,54149.0,5.98,73.3,21.0,0,0,3.8,0.75,2,Arts,Bachelor,1,1,0
22,0,61028.0,4.28,85.0,40.2,1,0,5.8,2.57,3,Arts,Bachelor,1,1,0
22,0,25000.0,4.8,76.2,28.1,0,1,4.3,1.76,1,CS,Bachelor,0,1,2
19,0,25571.0,3.13,78.0,54.5,1,0,4.2,0.09,3,CS,PhD,1,3,2
22,0,25000.0,3.64,88.7,40.7,1,0,6.1,2.3,3,Engineering,Bachelor,0,1,1
21,1,31367.0,7.5,75.8,35.2,0,0,5.0,3.13,2,Science,Bachelor,0,1,4
19,0,29803.5,4.025,83.6,50.6,0,0,5.5,3.2,3,Business,High School,0,0,3
18,0,48237.0,6.38,77.1,23.9,0,1,8.7,1.45,2,CS,Bachelor,1,1,2
17,0,48005.0,6.67,78.2,36.6,0,0,5.2,1.42,4,Business,High School,0,0,3
21,1,25000.0,4.58,72.7,56.8,1,1,2.7,3.15,3,Science,Bachelor,0,1,4
17,1,27132.0,3.84,77.8,39.8,1,0,5.0,2.65,3,Business,Bachelor,0,1,3
21,0,30604.5,4.05,71.1,31.8,0,0,5.5,2.94,2,Science,Bachelor,0,1,4
20,1,25000.0,4.7,74.3,26.8,1,1,3.9,2.08,3,CS,High School,0,0,2
22,0,58897.0,4.02,76.3,18.4,1,0,8.4,2.13,4,Business,Master,1,2,3
20,1,25000.0,3.86,99.5,26.5,1,0,6.5,3.49,2,Engineering,Bachelor,0,1,1
20,0,33023.0,3.38,84.1,20.2,1,1,3.4,1.81,2,Business,High School,1,0,3
22,0,25000.0,4.39,84.7,27.2,1,0,4.3,2.6,1,Arts,Bachelor,0,1,0
21,1,25000.0,4.61,77.0,28.7,0,0,4.6,1.89,1,Engineering,Master,0,2,1
21,1,45949.0,3.96,90.3,41.9,0,1,4.0,2.73,2,CS,Master,0,2,2
22,0,50468.0,5.53,91.6,25.1,1,0,3.4,2.52,1,CS,Master,0,2,2
17,1,30208.0,3.98,77.2,22.8,0,1,4.5,1.27,3,Engineering,Master,1,2,1
22,1,29684.0,3.935,90.5,40.6,1,0,5.5,2.88,3,Arts,Bachelor,0,1,0
22,1,30524.0,2.54,92.7,38.4,1,0,7.8,0.75,3,Arts,High School,0,0,0
18,0,63218.0,3.73,65.4,27.1,0,1,6.3,0.85,4,Science,Master,0,2,4
20,0,84603.0,3.92,88.9,37.2,1,0,6.4,0.75,3,Science,Master,1,2,4
20,1,25000.0,0.81,75.9,26.9,1,0,6.1,1.29,4,CS,Bachelor,1,1,2
20,0,25000.0,4.67,92.6,27.4,1,1,4.1,3.88,3,Business,High School,0,0,3
21,0,49228.0,5.19,75.6,48.6,0,1,7.6,3.33,1,Arts,High School,0,0,0
24,0,25196.0,6.86,86.9,28.3,0,0,4.7,3.25,1,Business,Bachelor,0,1,3
23,1,52356.0,2.79,67.9,25.1,1,1,4.9,0.52,3,Arts,High School,1,0,0
18,0,35194.0,3.86,90.9,30.2,1,1,6.2,2.1,1,Engineering,Bachelor,0,1,1
22,1,25000.0,4.59,82.6,6.4,1,0,10.0,0.0,1,Arts,Bachelor,1,1,0
23,0,30790.0,3.93,92.3,28.0,1,0,4.5,2.21,2,Business,Master,1,2,3
21,0,65186.0,3.03,76.3,33.1,0,0,2.6,1.51,2,Engineering,Master,0,2,1
23,0,27187.0,2.09,83.7,53.8,1,0,6.0,2.55,2,Science,Master,0,2,4
25,0,25000.0,4.09,94.2,31.1,1,0,6.7,2.44,2,Arts,Bachelor,0,1,0
23,1,25000.0,5.6,81.8,35.3,1,1,4.7,4.0,2,Science,Bachelor,0,1,4
21,1,25000.0,4.01,85.4,34.2,0,1,4.4,3.82,4,Engineering,Bachelor,0,1,1
23,0,25000.0,3.92,87.6,57.2,1,0,3.2,3.46,2,Engineering,High School,0,0,1
21,0,48630.0,4.5,69.6,42.0,1,0,6.1,3.83,1,Business,High School,1,0,3
21,1,25000.0,4.98,77.8,12.6,1,1,9.0,0.0,4,Science,High School,1,0,4
20,1,75527.0,4.43,91.1,44.7,0,0,8.6,2.94,4,Arts,PhD,0,3,0
24,1,25000.0,2.39,65.6,18.7,0,0,6.0,0.73,1,Business,Bachelor,0,1,3
19,1,120438.0,4.6,90.9,22.2,1,1,4.8,1.57,1,Arts,Master,0,2,0
24,0,83727.0,3.18,77.3,14.4,1,0,6.2,0.73,2,Business,Bachelor,1,1,3
22,1,32361.0,3.06,98.4,51.9,1,1,4.9,3.21,3,Business,Bachelor,0,1,3
17,0,25000.0,2.6,85.5,44.2,0,0,4.3,1.91,1,Business,Bachelor,0,1,3
21,0,28760.0,3.89,75.6,44.8,1,0,5.8,0.9,3,Arts,High School,1,0,0
17,1,25000.0,3.3,89.8,42.4,1,1,7.8,3.15,3,Arts,Bachelor,0,1,0
22,1,25000.0,3.62,93.5,38.3,0,0,5.2,3.4,3,Business,High School,0,0,3
22,1,35405.0,2.7,86.8,26.2,0,0,5.1,2.41,3,Science,Bachelor,0,1,4
19,0,25000.0,5.16,78.4,32.5,1,1,5.0,3.26,4,Engineering,Bachelor,0,1,1
21,0,25000.0,3.49,93.5,23.8,0,0,6.9,3.08,4,Science,Bachelor,0,1,4
25,0,26312.0,3.06,74.6,19.8,0,0,7.0,2.04,4,Arts,PhD,0,3,0
19,1,25000.0,1.8,90.6,22.3,1,0,3.6,2.99,1,Arts,Bachelor,0,1,0
18,0,103455.0,6.19,62.7,58.3,0,0,5.2,2.7,2,CS,High School,0,0,2
24,1,25000.0,1.98,82.9,25.4,0,1,7.5,2.39,1,CS,Bachelor,0,1,2
25,0,38736.0,4.37,77.5,42.0,1,1,4.9,4.0,3,Science,High School,0,0,4
21,1,32445.0,4.86,71.0,54.9,1,0,8.0,1.84,2,Arts,High School,0,0,0
23,1,36741.0,3.5,92.4,39.4,0,0,6.7,3.52,1,CS,High School,0,0,2
24,0,38463.0,4.54,64.8,20.5,0,0,8.7,0.07,1,Arts,Master,1,2,0
19,0,50454.0,4.64,93.1,21.2,1,1,4.9,1.81,2,Business,PhD,0,3,3
19,1,34887.0,5.09,69.7,31.4,0,0,6.8,2.38,3,Engineering,Master,0,2,1
23,1,34028.0,4.78,90.4,57.1,1,0,6.8,1.96,2,Engineering,High School,1,0,1
24,1,30794.0,3.59,75.8,47.1,1,0,7.4,0.63,2,Science,High School,1,0,4
22,1,27363.0,3.48,66.4,36.4,1,0,6.1,0.33,3,Science,High School,1,0,4
19,0,25000.0,6.66,78.4,27.5,0,0,7.5,2.53,3,Engineering,Bachelor,0,1,1
25,1,28666.0,5.42,86.5,34.6,0,1,4.4,1.5,4,Engineering,Bachelor,0,1,1
19,0,34364.0,3.09,74.8,32.3,0,0,5.4,1.95,2,Engineering,Master,0,2,1
20,1,37847.0,4.43,84.1,32.2,0,1,2.8,2.37,4,Science,Bachelor,0,1,4
21,0,29803.5,4.24,87.5,19.5,0,0,5.5,2.61,4,Business,High School,0,0,3
24,1,25854.0,3.98,93.9,19.3,0,1,4.0,2.95,4,Arts,Bachelor,0,1,0
22,0,28732.0,6.28,82.5,33.9,1,0,6.1,1.82,3,Engineering,High School,0,0,1
21,0,25000.0,3.87,91.3,16.1,1,1,7.3,2.23,4,Science,High School,0,0,4
22,0,35880.0,3.89,88.8,22.5,1,0,6.5,1.67,2,Science,High School,1,0,4
21,1,26038.0,5.07,81.3,30.4,0,0,6.9,1.16,3,CS,Master,0,2,2
22,1,33135.0,2.77,91.2,34.0,1,0,5.7,2.64,3,Science,Bachelor,0,1,4
17,1,54202.0,3.31,89.2,43.4,0,1,5.2,1.33,4,Science,Bachelor,0,1,4
20,0,25000.0,5.91,80.7,15.0,0,1,3.4,3.07,3,CS,High School,0,0,2
21,1,42532.0,3.96,87.7,15.0,0,0,2.0,2.69,2,Business,Bachelor,1,1,3
18,1,30331.0,2.95,84.2,45.7,1,0,2.8,3.06,1,Engineering,Master,0,2,1
21,0,99979.0,4.23,86.4,50.1,0,1,4.3,1.19,1,Engineering,Bachelor,1,1,1
20,0,26114.0,4.19,97.1,17.5,0,0,7.1,2.5,2,Arts,PhD,0,3,0
24,0,31048.5,3.75,60.6,19.9,0,1,5.5,3.99,4,Engineering,Master,0,2,1
24,0,30008.0,5.41,84.0,36.5,1,0,4.0,1.83,3,Arts,Bachelor,1,1,0
20,0,25000.0,4.27,82.2,30.6,0,0,4.7,4.0,2,Science,Bachelor,0,1,4
20,1,30604.5,3.91,73.3,30.7,0,0,5.5,1.53,4,Engineering,Bachelor,1,1,1
20,0,50427.0,5.66,78.4,20.6,1,0,5.4,3.44,4,Business,High School,0,0,3
20,1,25000.0,4.46,77.5,38.6,0,1,5.7,2.7,4,Science,High School,0,0,4
21,1,25000.0,2.9,81.5,27.2,1,0,6.2,1.47,2,Arts,Master,0,2,0
19,1,29178.0,6.33,85.8,26.8,0,0,8.0,2.81,4,CS,High School,0,0,2
18,1,25000.0,5.65,78.3,16.4,1,0,5.7,3.26,3,Arts,PhD,0,3,0
22,0,32180.0,2.43,60.8,39.5,1,0,2.3,0.68,4,Engineering,Master,0,2,1
22,1,75409.0,3.23,74.4,25.7,1,1,5.7,0.63,3,Arts,Bachelor,1,1,0
19,0,47178.0,2.27,93.3,29.5,0,0,8.1,2.54,4,Engineering,Bachelor,0,1,1
23,1,74757.0,2.6,94.4,44.3,1,0,6.7,3.4,1,Business,High School,0,0,3
19,1,25000.0,5.65,78.0,17.4,1,0,5.9,2.41,2,Engineering,Master,0,2,1
21,1,27285.0,4.12,96.4,29.0,1,0,6.1,1.4,1,CS,Master,0,2,2
22,1,25000.0,3.14,79.4,11.3,1,1,2.2,1.34,2,CS,High School,0,0,2
20,0,25000.0,4.98,69.7,23.7,1,1,1.9,3.53,1,Business,High School,0,0,3
22,0,25000.0,5.09,79.6,45.5,1,0,7.1,0.66,4,Science,Master,1,2,4
19,1,25000.0,5.74,87.8,11.5,0,0,7.8,2.91,1,Engineering,Bachelor,0,1,1
20,0,67475.0,4.79,77.5,32.8,1,1,4.4,3.69,2,CS,High School,0,0,2
20,1,25000.0,4.83,86.8,49.2,1,0,5.8,3.65,4,Engineering,Bachelor,0,1,1
19,0,67649.0,2.93,84.1,36.6,1,1,6.6,3.87,2,Engineering,Master,0,2,1
20,1,62795.0,4.13,79.7,23.0,1,0,8.5,3.86,3,Science,Master,0,2,4
17,0,40130.0,3.96,88.2,16.7,1,0,5.4,3.21,2,Science,Master,1,2,4
19,1,25000.0,0.95,91.8,6.8,1,0,6.8,2.26,2,Science,High School,1,0,4
20,1,25000.0,4.47,83.5,48.7,1,0,9.1,1.52,1,Engineering,Bachelor,1,1,1
20,0,25000.0,1.78,86.7,24.9,0,0,5.0,2.3,2,CS,High School,1,0,2
20,0,43264.0,4.94,70.3,8.4,1,0,5.6,0.0,4,Business,High School,0,0,3
20,0,29787.0,3.5,93.1,17.7,1,0,3.5,3.55,1,Engineering,Bachelor,0,1,1
22,0,25000.0,3.52,77.7,17.1,1,0,3.6,3.11,3,Science,High School,0,0,4
22,0,59215.0,3.35,75.1,24.1,0,0,7.1,0.05,4,CS,High School,1,0,2
19,0,81685.0,3.21,89.1,58.7,0,0,7.6,1.14,4,CS,Master,0,2,2
18,1,25953.0,3.7,78.9,41.1,0,0,7.6,1.72,1,Business,High School,0,0,3
18,0,31749.0,5.21,76.4,35.8,0,0,3.6,3.17,4,CS,Master,0,2,2
19,1,25000.0,2.59,79.7,44.4,0,1,5.1,2.3,1,CS,Bachelor,0,1,2
20,0,25000.0,4.01,72.3,52.0,0,0,6.4,2.45,4,Arts,Bachelor,0,1,0
19,0,40387.0,6.74,76.4,36.3,0,0,1.4,1.9,4,CS,Master,1,2,2
18,0,36788.0,3.13,90.2,47.3,1,1,6.3,3.88,1,CS,Bachelor,0,1,2
20,1,25000.0,3.98,91.3,22.3,1,0,8.9,2.26,2,Arts,Bachelor,0,1,0
21,0,25222.0,5.09,82.5,19.6,0,0,7.5,1.16,4,Science,High School,1,0,4
22,1,25000.0,6.84,76.6,17.6,1,0,1.2,3.97,4,Science,High School,0,0,4
19,1,25158.0,6.02,85.3,33.5,1,0,6.2,1.34,2,Arts,High School,0,0,0
20,0,38328.0,3.82,66.8,5.0,1,1,5.9,2.51,1,Engineering,Bachelor,0,1,1
19,1,25000.0,4.51,91.4,45.9,0,0,6.0,3.62,2,Business,Master,1,2,3
20,0,28435.0,3.73,81.4,24.1,0,0,5.7,1.8,2,Science,High School,0,0,4
19,0,36680.0,5.42,73.7,39.9,0,1,4.9,2.94,3,Science,PhD,0,3,4
22,1,25000.0,3.84,93.9,13.3,0,0,1.3,3.38,1,CS,Bachelor,0,1,2
17,1,25000.0,6.21,82.3,43.3,1,1,6.1,3.68,4,Engineering,High School,0,0,1
20,1,25000.0,1.49,78.6,46.6,0,0,6.6,1.29,2,Arts,Bachelor,1,1,0
21,1,25000.0,4.8,98.4,31.2,1,1,4.5,2.44,3,Business,Master,0,2,3
21,1,29838.0,4.97,77.8,36.3,0,0,7.8,1.6,3,Science,PhD,1,3,4
26,1,32125.0,0.73,88.0,17.7,1,1,2.5,2.95,2,Engineering,Bachelor,0,1,1
21,0,30604.5,4.01,87.5,30.5,0,0,5.5,2.63,2,CS,Bachelor,0,1,2
18,1,43990.0,5.71,75.2,41.7,1,0,5.7,2.2,3,Business,Bachelor,0,1,3
20,1,25000.0,4.67,80.9,26.4,1,1,4.3,3.66,4,Engineering,Master,0,2,1
17,0,94824.0,5.03,80.0,48.3,1,1,7.2,3.14,4,Science,Bachelor,0,1,4
20,0,25000.0,6.18,67.9,8.6,0,1,4.7,2.02,4,CS,Master,1,2,2
19,0,25000.0,3.55,66.3,26.1,0,0,7.9,0.67,3,Business,High School,1,0,3
23,1,26324.0,6.17,64.6,6.9,0,0,4.2,0.0,1,Arts,Master,1,2,0
19,1,38099.0,7.8,78.4,33.8,1,0,5.8,3.87,4,CS,Master,0,2,2
20,1,25000.0,5.65,74.1,27.4,0,1,1.9,1.51,1,Arts,PhD,1,3,0
19,0,25000.0,4.56,74.5,27.9,1,0,5.4,3.76,1,CS,Bachelor,0,1,2
24,1,42395.0,3.93,78.6,38.9,0,0,5.6,3.77,2,Science,Master,0,2,4
20,0,25000.0,4.27,82.0,26.6,0,0,7.7,1.68,2,Science,Master,0,2,4
25,1,67644.0,4.23,79.5,63.7,1,0,2.8,3.44,4,Engineering,Bachelor,0,1,1
22,1,25000.0,4.04,76.4,39.7,1,0,5.0,1.89,2,Science,High School,0,0,4
22,1,25000.0,2.57,97.4,30.4,0,0,8.1,2.61,2,CS,Bachelor,0,1,2
21,1,42879.0,4.55,80.4,21.9,1,0,8.4,1.51,2,CS,Bachelor,1,1,2
21,1,78008.0,4.3,90.0,19.1,1,1,4.0,3.84,2,CS,High School,0,0,2
17,0,38171.0,5.78,72.1,35.2,0,0,4.3,3.95,1,Science,High School,0,0,4
20,0,63339.0,4.74,92.7,23.7,0,0,2.4,4.0,3,Science,Bachelor,0,1,4
22,1,81306.0,3.05,77.6,41.9,1,1,1.7,2.63,3,Business,High School,0,0,3
20,0,25000.0,2.57,100.0,29.0,1,0,4.8,2.75,3,CS,Master,0,2,2
17,0,52210.0,3.99,71.5,29.1,0,0,4.3,3.25,1,Business,Master,0,2,3
20,1,25000.0,2.87,73.5,31.4,1,1,9.2,0.77,4,CS,PhD,1,3,2
24,0,38367.0,4.19,80.5,28.2,1,1,6.1,2.41,3,Science,High School,0,0,4
23,0,28487.0,3.12,79.2,33.3,1,1,5.1,1.36,2,Engineering,Bachelor,1,1,1
20,1,62678.0,5.66,72.6,54.8,0,0,6.7,2.18,2,CS,Bachelor,1,1,2
23,0,60075.0,4.76,93.8,36.5,1,0,7.4,2.62,1,CS,Master,0,2,2
20,0,41851.0,5.29,93.0,35.1,0,0,7.7,2.5,4,Arts,High School,0,0,0
17,0,35563.0,3.79,79.3,39.4,0,0,6.0,0.84,4,Science,Master,1,2,4
19,1,40337.0,4.26,90.1,28.7,0,0,5.5,3.29,2,Business,Master,0,2,3
24,1,30855.0,5.19,93.4,18.4,0,1,5.8,3.74,3,CS,Master,0,2,2
20,1,28661.0,4.48,81.9,5.0,0,0,5.4,3.49,2,CS,High School,0,0,2
20,0,70654.0,4.92,76.6,5.4,1,0,4.5,2.2,2,Arts,Bachelor,0,1,0
20,1,75943.0,3.12,92.3,39.0,1,0,7.4,2.82,4,Business,Bachelor,0,1,3
25,1,27310.0,5.12,91.0,34.4,0,0,5.2,3.99,3,Engineering,High School,0,0,1
24,1,34289.0,3.24,72.0,28.2,0,0,3.7,2.51,2,Arts,Master,0,2,0
25,1,31226.0,6.71,93.3,58.3,1,1,5.5,2.34,2,Business,Master,1,2,3
20,0,25000.0,4.25,73.8,29.6,1,1,6.8,1.34,1,CS,High School,0,0,2
21,0,25000.0,5.44,85.0,5.0,1,0,2.9,4.0,2,CS,Master,0,2,2
17,0,77639.0,3.43,75.5,39.0,1,0,5.0,3.35,4,Science,High School,0,0,4
24,0,25000.0,3.72,83.3,43.9,1,1,4.1,1.21,1,Arts,Bachelor,0,1,0
18,1,105739.0,3.66,82.9,38.6,0,0,9.4,0.83,2,Arts,High School,0,0,0
21,1,60071.0,1.71,99.9,44.1,0,0,5.7,2.3,1,Engineering,Master,1,2,1
18,1,37832.0,0.57,69.0,8.9,0,0,8.3,1.68,4,Business,High School,0,0,3
19,0,41627.0,3.63,75.8,31.1,1,0,5.9,0.57,3,Science,Bachelor,1,1,4
19,0,25000.0,1.55,78.3,20.0,1,0,6.1,2.39,1,Arts,Bachelor,0,1,0
19,0,25358.0,4.37,84.6,36.3,1,0,5.4,1.48,4,Engineering,Bachelor,1,1,1
19,0,70604.0,3.79,79.5,48.2,1,0,5.1,2.08,4,Business,Bachelor,0,1,3
19,0,25000.0,0.5,64.4,25.6,0,0,5.4,0.23,4,Engineering,Bachelor,1,1,1
22,1,56200.0,3.31,87.9,37.8,1,1,4.3,0.87,1,Business,Master,1,2,3
18,0,25000.0,3.97,92.7,19.5,0,0,5.5,3.47,3,Business,Master,0,2,3
21,1,25000.0,5.83,85.5,29.8,1,0,2.6,3.94,4,Business,Master,0,2,3
23,0,93044.0,3.41,78.3,23.8,0,1,5.8,1.56,1,Engineering,Bachelor,0,1,1
19,1,30604.5,3.84,83.6,51.6,0,0,5.5,2.6,4,Science,Bachelor,0,1,4
19,1,25000.0,1.7,72.3,17.0,1,0,5.7,0.44,3,CS,Bachelor,1,1,2
20,0,67349.0,3.32,90.5,31.1,1,0,6.1,2.93,3,Science,High School,0,0,4
23,1,62786.0,2.72,86.0,46.4,1,1,8.1,1.84,3,CS,High School,1,0,2
21,1,51661.0,3.73,77.7,6.7,0,0,6.1,1.09,3,Engineering,High School,0,0,1
19,1,25000.0,4.22,82.7,35.2,1,0,5.0,1.38,4,Arts,High School,1,0,0
22,1,25030.0,4.7,90.3,31.3,1,1,4.4,2.95,3,CS,Bachelor,0,1,2
18,0,35846.0,4.74,91.3,21.8,1,1,6.8,0.52,2,Arts,Master,0,2,0
22,1,45100.0,3.22,81.4,44.6,1,1,5.3,1.27,1,CS,High School,1,0,2
21,1,25000.0,4.82,99.2,50.6,1,1,4.1,3.44,2,CS,High School,0,0,2
20,0,32940.0,2.01,92.9,37.9,1,1,5.8,1.25,3,Business,High School,0,0,3
19,0,34907.0,4.18,86.2,26.4,0,0,2.2,2.75,4,CS,Master,0,2,2
19,1,64348.0,4.28,78.8,12.6,1,1,5.6,1.39,3,CS,Master,0,2,2
22,0,46755.0,4.16,79.1,32.2,1,0,4.1,2.22,3,CS,High School,1,0,2
23,1,25000.0,2.65,83.6,28.2,0,0,4.9,2.98,2,Science,High School,0,0,4
19,1,26156.0,2.79,81.1,28.9,0,0,9.1,0.06,2,Business,Bachelor,1,1,3
22,1,25000.0,4.84,95.6,24.0,1,1,4.6,2.94,3,Science,High School,0,0,4
17,0,41808.0,3.46,74.5,23.0,0,0,6.9,0.45,2,Science,High School,1,0,4
19,0,51735.0,4.77,86.0,30.3,0,1,7.4,1.1,2,Engineering,Bachelor,0,1,1
20,0,31601.0,3.21,66.0,15.2,1,1,7.0,3.33,1,Business,High School,0,0,3
19,1,25314.0,7.71,85.0,42.4,0,0,6.2,3.23,2,Arts,Bachelor,0,1,0
18,1,29718.0,4.25,74.0,20.8,0,0,5.5,3.96,4,Business,Bachelor,0,1,3
19,1,33703.0,5.55,93.5,31.3,1,0,4.3,2.44,2,Business,Bachelor,0,1,3
21,1,25000.0,7.09,77.3,26.1,1,0,3.4,3.78,2,Business,Master,0,2,3
20,0,25000.0,5.44,76.3,37.8,0,0,4.9,2.52,1,Business,High School,0,0,3
17,0,25000.0,3.54,90.2,37.1,1,1,4.9,3.05,1,Business,Bachelor,0,1,3
17,1,63596.0,3.87,91.6,36.1,1,1,3.9,1.62,4,Arts,High School,1,0,0
19,0,40047.0,0.5,80.2,16.0,0,0,6.5,1.55,2,Engineering,High School,0,0,1
22,0,36957.0,0.96,66.3,27.7,0,0,4.6,1.02,4,Science,Bachelor,0,1,4
17,0,29219.0,4.35,73.5,49.2,1,0,5.5,2.3,2,Engineering,High School,0,0,1
19,0,25000.0,3.24,81.3,25.9,0,0,2.7,2.9,1,Science,PhD,0,3,4
19,0,25000.0,2.55,70.7,42.6,1,0,5.6,2.88,4,Business,Bachelor,0,1,3
24,1,37442.0,4.04,87.8,29.9,0,0,5.3,2.68,3,CS,Master,0,2,2
20,1,35453.0,3.23,75.8,26.3,1,1,4.4,1.15,1,Science,Master,1,2,4
21,1,25000.0,2.74,81.4,32.2,1,0,6.2,1.01,3,Science,High School,0,0,4
21,1,36891.0,5.31,90.8,20.0,1,0,5.7,0.35,4,Science,Master,0,2,4
17,1,25000.0,2.32,84.9,40.8,0,0,6.6,1.24,1,Science,Bachelor,1,1,4
22,1,25000.0,4.91,97.6,19.8,1,0,6.6,2.9,4,Arts,Master,0,2,0
21,0,25000.0,4.31,93.2,36.6,0,0,6.8,2.67,2,Business,High School,0,0,3
22,1,31202.0,4.33,58.7,42.9,1,1,5.5,0.64,2,Arts,High School,0,0,0
29,0,25000.0,3.38,86.7,35.1,1,0,5.7,1.8,2,Science,Bachelor,0,1,4
17,0,25000.0,2.25,83.2,23.2,0,1,3.8,2.94,4,CS,Bachelor,0,1,2
24,0,41534.0,3.17,91.5,32.2,1,1,4.7,3.81,3,Engineering,High School,0,0,1
20,1,27040.0,3.95,86.2,21.2,0,0,4.8,3.76,3,CS,Bachelor,0,1,2
21,0,43622.0,5.28,78.0,27.5,0,0,3.8,2.35,4,Arts,Bachelor,0,1,0
20,0,25000.0,5.05,85.8,23.7,1,0,1.0,4.0,1,Engineering,PhD,0,3,1
20,0,25000.0,3.72,79.0,20.9,0,1,5.9,1.09,3,Engineering,Bachelor,0,1,1
19,1,41506.0,3.9,76.8,37.6,1,0,5.6,3.25,2,Engineering,Bachelor,0,1,1
21,1,25000.0,4.91,81.1,41.8,0,0,8.9,2.2,3,Arts,Bachelor,1,1,0
17,1,49379.0,5.37,84.0,42.6,1,0,8.8,1.74,2,CS,Bachelor,1,1,2
22,0,25000.0,4.42,92.4,32.9,1,0,6.7,2.88,1,Arts,Bachelor,0,1,0
20,0,46105.0,4.37,78.0,47.6,0,0,6.5,0.99,3,Engineering,Bachelor,1,1,1
18,1,25000.0,4.31,66.7,21.9,0,0,4.0,2.29,4,Arts,Master,0,2,0
20,0,29803.5,3.95,80.4,45.4,0,0,5.5,1.59,2,Engineering,High School,1,0,1
23,1,53886.0,4.35,84.1,40.9,1,0,5.3,3.45,2,Science,Master,0,2,4
19,1,28160.0,3.95,83.5,30.5,1,0,5.5,0.16,2,Arts,Master,0,2,0
21,1,55316.0,1.9,80.0,32.7,0,0,4.1,2.22,4,CS,Bachelor,0,1,2
19,1,101031.0,2.86,89.6,42.4,0,1,6.3,2.35,1,Business,Bachelor,0,1,3
22,0,63582.0,3.4,84.5,37.9,1,0,3.0,3.32,3,Business,Bachelor,0,1,3
22,0,25000.0,4.85,86.8,33.1,1,0,10.0,0.91,4,Science,High School,1,0,4
25,1,32370.0,3.65,67.3,24.6,1,0,8.1,1.57,3,Arts,Bachelor,1,1,0
20,0,25000.0,4.26,80.6,18.9,1,1,7.9,3.42,3,CS,Bachelor,0,1,2
22,0,100454.0,4.09,80.9,31.3,1,0,3.2,3.17,2,CS,High School,0,0,2
21,0,57695.0,4.65,95.5,16.3,1,0,2.6,4.0,1,Science,High School,0,0,4
23,0,26547.0,3.44,81.2,38.8,1,0,6.0,2.03,3,Arts,High School,1,0,0
19,0,50350.0,3.06,76.7,8.7,1,1,5.0,3.24,3,Arts,PhD,0,3,0
22,0,25000.0,1.86,76.2,33.7,1,0,8.8,1.19,1,CS,Master,1,2,2
20,1,29803.5,3.94,89.8,26.7,0,0,5.5,2.86,4,CS,High School,0,0,2
20,1,25000.0,0.5,77.4,24.7,0,0,5.4,2.27,1,Engineering,Master,0,2,1
21,1,25000.0,4.21,75.2,26.7,1,0,8.2,3.33,4,CS,Bachelor,0,1,2
21,1,47606.0,5.16,89.3,5.0,0,1,5.8,2.6,3,Arts,High School,1,0,0
20,0,29219.0,4.06,85.1,24.7,1,0,5.5,3.44,4,Engineering,High School,0,0,1
21,0,30258.0,4.029999999999999,65.1,19.6,1,0,5.5,2.54,3,Business,PhD,0,3,3
24,0,26641.0,3.44,71.4,19.7,1,0,4.3,1.67,3,CS,PhD,1,3,2
23,1,25000.0,3.99,86.4,67.5,0,1,7.3,2.5,2,Science,Master,0,2,4
22,1,25000.0,3.79,88.6,13.3,0,1,6.5,1.34,3,Science,Master,0,2,4
20,0,25000.0,4.9,74.4,34.8,0,0,3.8,0.83,2,Science,Master,0,2,4
19,0,25843.0,3.63,84.9,20.5,1,0,9.0,1.14,1,CS,Master,0,2,2
23,1,56710.0,2.46,81.2,19.1,0,1,4.7,3.24,3,Arts,Bachelor,0,1,0
22,1,56176.0,4.42,74.9,13.8,1,1,2.6,3.43,2,CS,Master,0,2,2
24,1,25000.0,3.83,78.4,43.5,0,1,4.1,2.42,2,Business,Bachelor,1,1,3
19,0,25000.0,3.09,81.6,44.5,1,0,3.6,2.63,2,Business,Bachelor,0,1,3
20,0,25000.0,4.84,71.5,22.6,0,0,5.9,2.07,2,Business,High School,0,0,3
17,1,25000.0,6.6,86.6,40.9,1,1,8.4,1.58,3,CS,High School,0,0,2
20,1,41759.0,4.61,76.3,17.6,0,0,5.9,2.62,3,CS,High School,0,0,2
23,1,25650.0,5.04,76.6,25.2,0,1,8.4,1.61,2,Business,Master,1,2,3
20,1,27781.0,4.2,86.0,38.1,1,1,7.4,2.55,1,Arts,Master,0,2,0
22,1,66671.0,5.86,78.4,18.0,1,0,1.0,2.23,2,Engineering,High School,0,0,1
20,1,31350.0,4.85,80.3,21.1,0,0,7.1,2.41,3,CS,High School,0,0,2
21,0,25000.0,3.28,81.2,30.3,0,0,4.5,1.53,2,Business,Master,0,2,3
18,0,41909.0,4.78,75.8,30.4,1,1,6.4,1.22,1,Engineering,Bachelor,1,1,1
21,1,56124.0,4.56,77.9,17.1,1,1,5.4,3.26,1,CS,High School,0,0,2
17,0,35521.0,3.49,81.9,56.8,0,0,10.0,1.2,1,Science,Bachelor,0,1,4
20,1,44959.0,5.62,81.9,19.9,0,0,6.3,4.0,4,Engineering,Master,0,2,1
17,1,27246.0,2.36,86.2,41.4,0,0,6.6,0.99,4,Science,PhD,0,3,4
23,1,28308.0,4.48,86.6,37.2,0,0,7.4,0.84,3,Business,Master,0,2,3
22,0,31819.0,3.44,91.7,20.3,0,1,2.8,3.51,1,Engineering,High School,0,0,1
22,0,25000.0,1.91,69.9,35.6,0,0,7.5,1.8,3,Engineering,Bachelor,1,1,1
24,1,25000.0,4.15,89.3,19.9,1,0,5.1,1.94,1,Business,Bachelor,0,1,3
18,1,67964.0,3.46,79.3,30.9,1,0,4.3,2.35,4,Arts,Master,1,2,0
24,1,99188.0,3.24,87.3,39.9,0,1,7.0,1.02,4,Business,Bachelor,1,1,3
23,0,77290.0,2.62,84.7,23.3,1,0,2.8,3.17,3,Arts,Master,0,2,0
20,0,25000.0,6.61,77.4,34.9,0,0,7.2,2.53,3,Engineering,Master,0,2,1
23,1,25000.0,0.8,94.2,23.1,0,1,5.2,3.65,3,CS,Bachelor,0,1,2
18,1,25000.0,1.19,88.1,32.1,0,0,5.3,2.95,2,Arts,Master,0,2,0
19,1,32229.0,4.68,85.4,31.3,0,0,1.5,3.78,3,Engineering,Master,0,2,1
19,0,25000.0,4.6,99.5,25.6,1,0,7.1,3.0,4,Science,Bachelor,1,1,4
19,0,25000.0,2.19,74.2,8.0,0,1,5.9,0.89,4,Arts,Bachelor,1,1,0
18,0,69166.0,3.22,82.2,39.4,1,0,4.7,1.61,4,Engineering,Bachelor,0,1,1
23,1,53609.0,4.81,86.5,53.9,1,1,3.8,3.96,3,Engineering,High School,0,0,1
20,1,25000.0,3.64,73.5,31.7,1,1,6.9,2.65,1,Engineering,Master,0,2,1
21,0,25000.0,5.04,76.7,22.6,1,1,6.1,3.55,4,Science,Master,0,2,4
19,0,41787.0,3.94,90.0,32.5,0,1,5.5,2.4,1,CS,Bachelor,0,1,2
17,1,52113.0,3.32,78.0,43.8,0,0,3.7,3.35,4,Science,High School,0,0,4
21,0,25000.0,2.1,89.0,45.4,0,0,6.0,0.54,4,Arts,Bachelor,1,1,0
17,1,25832.0,3.91,77.0,40.9,1,1,5.9,2.28,1,Engineering,Bachelor,0,1,1
20,1,25000.0,3.17,98.2,35.3,1,0,7.9,2.81,4,Engineering,Master,0,2,1
18,0,25000.0,5.29,63.3,38.1,1,0,3.3,3.97,3,Science,PhD,0,3,4
25,0,26060.0,5.24,90.1,31.4,0,0,4.2,2.49,2,Engineering,Bachelor,0,1,1
23,1,25000.0,3.68,84.0,18.5,1,1,9.0,3.5,2,CS,Bachelor,0,1,2
21,0,25000.0,3.95,69.8,25.5,0,0,5.8,1.77,4,Business,Bachelor,1,1,3
23,0,43811.0,3.52,80.2,26.1,0,0,6.0,0.86,1,CS,High School,0,0,2
19,1,39735.0,3.31,66.6,33.5,1,1,7.2,2.68,4,Engineering,Bachelor,0,1,1
22,1,45136.0,2.61,84.8,8.8,0,1,8.8,0.5,3,CS,Master,1,2,2
21,1,25000.0,4.09,77.2,36.1,1,1,3.4,1.4,3,Engineering,Master,1,2,1
21,0,25000.0,3.62,66.4,5.8,0,0,9.4,0.01,4,Business,Master,1,2,3
23,0,39356.0,5.94,83.3,34.9,0,1,5.4,3.51,3,Engineering,Master,0,2,1
22,0,25000.0,3.54,83.2,44.0,0,0,6.0,1.98,4,Science,High School,1,0,4
21,0,25000.0,7.13,98.9,40.7,1,1,5.6,3.41,1,CS,High School,0,0,2
17,1,25000.0,6.35,88.6,19.3,1,0,8.2,2.0,4,Business,Bachelor,0,1,3
18,0,25205.0,3.06,62.9,37.5,0,0,7.2,0.57,4,Arts,Bachelor,1,1,0
20,1,76603.0,3.9,77.8,38.5,0,0,5.2,1.54,4,Engineering,Bachelor,0,1,1
21,0,25000.0,1.98,90.8,50.5,0,1,3.5,1.88,1,Business,Bachelor,0,1,3
18,0,25000.0,3.45,69.0,34.4,0,1,5.1,3.95,4,CS,Bachelor,1,1,2
26,1,43965.0,4.49,75.8,42.3,1,1,3.1,3.02,1,Engineering,High School,0,0,1
24,0,32981.0,4.27,82.0,24.8,0,0,7.1,1.1,2,Engineering,Bachelor,1,1,1
22,0,25000.0,2.95,77.8,19.8,1,1,4.3,2.53,2,CS,Bachelor,0,1,2
21,0,44241.0,3.9,94.7,40.4,0,0,5.3,4.0,3,Business,Master,0,2,3
20,0,106626.0,4.65,83.5,40.5,0,1,7.6,1.81,2,CS,Master,0,2,2
18,0,25000.0,3.83,82.3,22.4,1,0,7.0,1.61,1,CS,High School,0,0,2
21,0,25000.0,5.75,74.7,15.5,1,0,6.2,2.88,2,Engineering,High School,1,0,1
21,1,25000.0,3.88,73.2,31.5,1,1,4.1,3.65,3,Engineering,Master,0,2,1
18,1,28419.0,1.94,82.8,30.5,1,1,6.4,2.89,1,Science,Bachelor,0,1,4
21,1,53865.0,1.92,81.4,32.8,0,1,4.1,1.38,2,CS,High School,0,0,2
20,0,31676.0,3.51,72.3,40.6,0,0,6.4,1.67,2,Business,Bachelor,1,1,3
17,1,68542.0,2.45,83.9,42.3,1,1,3.1,1.8,1,Science,Master,0,2,4
19,0,48939.0,1.9,82.5,30.1,0,0,7.7,1.17,2,Business,Master,0,2,3
20,1,82561.0,3.44,79.5,18.1,1,0,5.9,0.79,3,Business,High School,0,0,3
25,1,59643.0,5.04,91.5,21.3,1,0,5.5,4.0,4,CS,Master,0,2,2
22,0,25000.0,3.4,81.9,22.8,1,0,6.2,1.58,3,Arts,Master,0,2,0
18,1,30947.0,4.43,80.1,28.6,1,0,5.3,3.3,2,CS,High School,0,0,2
22,1,29590.0,3.975,76.0,23.8,1,1,5.5,2.74,3,Science,Bachelor,0,1,4
17,1,30604.5,4.26,80.8,27.1,0,0,5.5,0.71,2,CS,Bachelor,1,1,2
23,0,30856.0,2.79,78.8,30.9,1,1,7.4,0.57,1,CS,High School,1,0,2
20,1,28256.0,3.97,72.6,22.3,0,1,6.8,2.35,3,Engineering,Bachelor,0,1,1
20,1,66526.0,3.43,82.5,33.9,1,0,6.0,3.67,3,Arts,PhD,0,3,0
23,0,25000.0,4.65,89.5,51.9,1,0,4.9,2.54,4,Business,High School,0,0,3
18,1,25000.0,4.24,78.7,28.0,1,0,7.4,2.05,4,Business,High School,0,0,3
17,0,25000.0,3.63,71.4,21.8,1,0,3.9,3.35,4,Engineering,Bachelor,0,1,1
19,0,44049.0,4.1,90.1,33.7,1,0,8.7,1.67,4,Arts,Bachelor,1,1,0
23,1,29803.5,4.4,90.4,20.5,0,0,5.5,1.71,2,Engineering,High School,0,0,1
17,1,26352.0,1.92,86.7,28.2,1,0,7.6,0.4,1,CS,Bachelor,1,1,2
17,1,65940.0,1.48,82.8,21.9,0,1,6.3,1.84,2,CS,High School,1,0,2
20,1,35439.0,5.14,85.4,17.2,1,0,5.3,3.11,2,CS,Bachelor,0,1,2
22,0,28431.0,5.34,69.6,19.5,1,0,7.2,0.79,3,Science,High School,0,0,4
23,0,29099.0,4.24,77.3,22.1,1,0,3.0,3.14,2,Business,Bachelor,1,1,3
20,1,25000.0,5.23,87.4,17.5,1,0,4.4,4.0,2,Engineering,Bachelor,0,1,1
20,0,25000.0,6.23,84.7,45.3,1,1,5.2,3.34,4,Science,Bachelor,0,1,4
23,1,26447.0,3.41,89.2,35.2,0,0,3.0,1.76,4,Arts,Master,0,2,0
17,1,34988.0,3.05,94.3,41.3,1,0,6.6,3.3,1,Business,Bachelor,0,1,3
20,0,52517.0,4.96,72.1,13.7,0,1,7.8,2.02,2,Engineering,Bachelor,0,1,1
21,0,31431.0,5.82,85.9,26.5,1,0,2.4,1.08,2,Engineering,High School,0,0,1
22,1,66948.0,3.13,79.9,35.0,0,0,4.8,3.25,1,Engineering,Master,0,2,1
19,1,77895.0,5.92,78.4,49.8,1,0,5.2,2.45,3,Arts,High School,0,0,0
21,1,47914.0,3.51,100.0,21.0,0,1,6.1,2.04,4,Business,Master,1,2,3
17,1,62006.0,4.29,69.4,14.6,0,0,7.0,2.49,3,Engineering,High School,0,0,1
19,0,25000.0,3.53,80.5,32.3,1,1,5.0,2.07,4,Arts,Bachelor,0,1,0
22,0,29219.0,3.91,65.1,21.9,1,0,5.5,4.0,1,Business,High School,0,0,3
18,0,40570.0,2.63,82.4,50.5,1,0,5.7,0.13,4,Business,Bachelor,1,1,3
21,0,25000.0,5.34,66.2,36.5,1,0,4.4,3.03,1,Arts,High School,1,0,0
22,0,25000.0,1.87,74.2,26.6,0,1,5.9,2.1,2,Business,High School,0,0,3
20,0,47227.0,2.79,82.4,26.6,0,0,3.2,3.02,3,Business,PhD,0,3,3
21,0,69426.0,5.69,70.8,28.5,0,0,5.0,2.99,1,Arts,Bachelor,0,1,0
18,0,25526.0,6.94,89.6,8.1,0,0,5.2,3.86,2,Science,Bachelor,0,1,4
20,0,30885.0,3.75,71.6,30.5,0,1,5.5,2.58,4,Engineering,High School,0,0,1
22,1,36036.0,5.99,69.3,24.2,1,0,10.0,0.13,3,Science,Bachelor,1,1,4
21,1,25000.0,5.68,80.2,37.6,0,0,7.8,1.59,4,CS,Bachelor,0,1,2
19,0,26797.0,4.53,85.0,19.2,0,1,5.9,4.0,4,CS,Master,0,2,2
21,1,29590.0,3.38,71.0,38.2,1,1,6.3,3.01,3,CS,Bachelor,0,1,2
22,0,29238.0,5.82,69.4,36.5,0,0,6.4,1.26,4,Business,Master,1,2,3
17,1,31354.0,3.76,74.3,31.9,0,1,6.6,1.58,1,Engineering,High School,1,0,1
23,0,25000.0,4.6,100.0,45.0,0,0,8.3,1.99,1,Science,High School,0,0,4
20,1,25000.0,1.19,90.8,7.4,1,0,7.2,2.34,3,Science,PhD,0,3,4
21,0,25000.0,3.48,77.1,35.3,0,0,1.9,1.73,2,Arts,Bachelor,0,1,0
23,1,25000.0,3.21,71.4,29.5,1,0,7.0,0.05,2,Business,Bachelor,1,1,3
18,0,36501.0,4.16,75.4,29.1,1,1,4.0,3.21,1,Business,Bachelor,0,1,3
19,1,50858.0,3.59,94.2,18.2,0,0,4.5,3.4,4,CS,Bachelor,0,1,2
20,0,47944.0,3.34,98.3,13.0,0,0,7.3,2.27,3,Business,Master,0,2,3
19,0,25400.0,3.99,75.5,40.7,1,0,2.1,3.99,3,Arts,High School,0,0,0
24,1,25000.0,2.99,84.5,39.5,1,0,8.6,3.25,4,Arts,Bachelor,0,1,0
19,0,46471.0,1.85,79.9,51.6,0,1,7.0,3.31,4,Arts,PhD,0,3,0
19,1,43624.0,3.42,92.2,53.6,0,0,6.1,2.51,1,Engineering,High School,0,0,1
21,0,33876.0,3.71,73.2,11.4,0,0,7.0,0.79,2,Business,High School,0,0,3
18,0,84676.0,4.98,89.8,28.1,0,1,7.6,0.0,2,Engineering,Bachelor,1,1,1
20,1,29265.0,3.73,71.3,33.0,1,1,5.9,1.47,4,Science,Master,0,2,4
21,0,25486.0,4.51,89.6,41.5,1,0,6.9,2.6,4,Science,Master,0,2,4
20,0,25000.0,3.06,75.2,47.1,0,0,3.7,2.52,4,Engineering,Bachelor,0,1,1
20,1,25000.0,3.98,79.5,17.7,1,1,7.0,1.92,1,Engineering,Master,0,2,1
19,1,44214.0,1.75,76.8,23.5,0,0,6.6,3.68,2,Arts,High School,0,0,0
17,1,27909.0,3.18,97.7,46.5,1,1,8.1,2.17,3,Arts,Bachelor,0,1,0
21,0,40375.0,0.5,90.0,9.9,1,0,5.8,2.6,4,CS,Bachelor,0,1,2
24,0,89781.0,2.45,78.7,17.1,0,1,6.1,2.33,3,Engineering,Bachelor,1,1,1
21,0,25000.0,2.34,75.4,35.3,0,1,3.8,3.56,1,Science,PhD,0,3,4
21,0,25000.0,4.8,92.5,54.7,0,0,5.5,3.53,4,Engineering,Master,0,2,1
22,1,39682.0,4.46,54.8,9.9,1,0,6.6,0.98,3,CS,Bachelor,1,1,2
18,0,28160.0,4.19,85.8,30.7,1,0,5.5,3.13,1,CS,Master,0,2,2
24,0,25000.0,2.28,74.3,36.7,0,0,8.6,0.0,4,Business,High School,1,0,3
21,0,37736.0,5.07,100.0,47.6,1,1,6.3,1.6,1,Business,Bachelor,0,1,3
24,1,47651.0,3.25,100.0,35.4,1,0,5.3,3.19,3,Engineering,Bachelor,0,1,1
19,1,25000.0,6.33,82.2,7.9,0,0,6.5,1.47,2,Business,Bachelor,1,1,3
25,1,25000.0,3.77,79.1,14.6,1,1,4.5,1.92,4,Business,PhD,0,3,3
22,0,72118.0,6.09,82.5,46.5,1,0,7.9,1.46,3,CS,Bachelor,1,1,2
22,1,25000.0,7.74,77.0,35.3,0,0,4.3,3.99,3,Science,High School,0,0,4
21,1,30946.0,4.55,75.6,16.5,1,1,4.8,3.78,2,Arts,High School,0,0,0
20,0,29684.0,3.935,83.9,35.9,1,0,5.5,2.84,3,CS,Bachelor,0,1,2
23,0,25000.0,3.57,87.0,33.7,0,0,5.6,0.8,2,Business,PhD,0,3,3
21,0,32680.0,5.7,83.1,5.0,1,0,6.7,3.52,3,Science,High School,0,0,4
17,0,62118.0,3.92,84.3,5.0,0,0,8.5,1.66,1,CS,Master,0,2,2
18,1,25000.0,4.74,76.9,33.7,1,0,5.4,1.11,2,CS,Bachelor,1,1,2
20,0,31093.0,4.66,74.5,54.4,0,0,5.1,4.0,2,Engineering,High School,0,0,1
21,0,25000.0,3.77,74.5,33.2,1,0,1.0,2.11,1,Engineering,Master,0,2,1
20,1,52673.0,2.07,88.2,5.0,1,0,5.9,3.33,4,Science,Bachelor,0,1,4
23,1,25000.0,2.24,82.6,10.7,0,0,5.5,0.39,3,Arts,PhD,1,3,0
17,1,38486.0,5.51,83.6,37.5,0,1,5.5,1.88,4,Science,PhD,0,3,4
21,0,25000.0,4.24,84.7,38.8,1,1,8.2,2.64,1,Business,Master,0,2,3
17,0,33990.0,5.26,81.5,27.7,1,0,6.5,1.62,3,Arts,Bachelor,0,1,0
22,0,30988.0,3.35,82.9,24.2,0,0,4.8,2.19,1,Arts,High School,0,0,0
20,0,25564.0,3.55,92.4,39.5,1,0,3.9,1.85,3,Business,Bachelor,0,1,3
21,0,39604.0,3.54,88.2,43.3,1,0,3.4,3.85,4,Engineering,Bachelor,0,1,1
19,1,30522.0,1.83,80.6,38.3,0,1,4.7,0.58,2,CS,High School,1,0,2
23,0,29684.0,3.78,78.2,18.6,1,0,5.5,2.01,1,Engineering,Bachelor,0,1,1
23,0,25000.0,3.59,90.2,40.8,1,0,1.7,2.89,2,Science,Bachelor,0,1,4
22,0,31150.0,3.99,84.7,25.8,1,1,5.3,1.87,1,CS,Bachelor,1,1,2
20,1,33970.0,3.67,79.5,22.8,0,0,6.9,1.12,2,Engineering,Bachelor,1,1,1
22,1,25000.0,5.77,71.7,22.3,0,0,3.6,3.35,4,Engineering,Bachelor,0,1,1
19,1,30604.5,3.965,95.6,30.3,0,0,5.5,3.95,2,Science,Bachelor,0,1,4
22,0,25000.0,5.09,73.0,36.8,1,0,3.7,3.78,2,Science,High School,0,0,4
24,0,29030.0,4.39,84.3,5.8,0,0,1.0,2.68,4,CS,High School,0,0,2
23,0,25000.0,4.04,96.6,21.2,0,0,4.1,3.86,1,Science,Bachelor,0,1,4
19,0,47215.0,4.98,79.3,24.5,1,1,3.6,3.31,1,CS,Master,0,2,2
21,1,44517.0,3.56,81.6,42.4,0,0,6.9,2.42,1,Engineering,High School,0,0,1
18,1,25000.0,3.32,88.8,19.6,0,1,6.4,3.18,4,Arts,Bachelor,0,1,0
22,1,29691.0,3.53,72.5,26.0,1,0,3.6,1.22,2,Science,Bachelor,0,1,4
22,1,43613.0,4.27,68.6,39.7,0,0,7.8,2.35,2,Science,Bachelor,0,1,4
17,1,26764.0,1.62,79.1,30.5,1,1,6.8,2.97,3,Engineering,Master,1,2,1
18,0,25000.0,3.78,82.6,48.4,0,0,5.0,2.02,3,Engineering,Master,1,2,1
20,1,25000.0,4.9,82.6,28.2,1,0,6.1,3.0,2,CS,High School,0,0,2
20,0,49640.0,3.97,93.3,52.6,0,0,3.8,1.9,3,CS,Master,1,2,2
18,1,51105.0,4.15,74.4,54.8,1,0,1.1,2.55,3,CS,Bachelor,0,1,2
21,0,26245.0,4.6,80.9,35.5,0,0,5.7,0.93,2,Engineering,PhD,1,3,1
21,0,47084.0,4.11,94.1,35.0,0,1,3.0,3.41,1,CS,Master,0,2,2
20,1,25000.0,1.89,79.8,36.7,0,1,5.1,3.92,4,Science,Bachelor,0,1,4
19,0,65942.0,5.9,97.9,39.8,1,0,6.2,3.26,2,Engineering,Bachelor,0,1,1
23,0,27061.0,7.4,80.1,31.5,0,0,2.0,3.37,4,Engineering,Master,1,2,1
24,0,32373.0,5.98,76.4,44.0,1,1,5.9,2.55,4,CS,High School,0,0,2
19,0,25000.0,3.72,81.7,36.0,1,0,7.0,1.01,3,Business,Master,1,2,3
19,1,68695.0,2.85,84.1,46.6,1,1,1.8,3.65,3,Science,Bachelor,0,1,4
22,1,28377.0,4.1,63.7,12.6,0,1,5.5,1.97,2,Science,Bachelor,1,1,4
20,0,72018.0,4.19,85.2,32.6,1,0,8.9,0.63,3,CS,PhD,1,3,2
20,0,37713.0,5.21,80.8,42.2,1,0,5.0,1.51,1,Science,Bachelor,0,1,4
22,1,43200.0,2.71,92.2,16.3,0,1,6.8,3.45,3,Business,High School,0,0,3
17,0,25000.0,4.66,86.1,35.2,0,0,3.7,3.83,1,CS,Master,0,2,2
23,0,25000.0,4.5,82.1,37.3,0,0,7.2,2.01,1,Science,Master,0,2,4
21,0,51964.0,5.8,79.5,50.7,1,0,6.4,2.05,3,Science,High School,0,0,4
20,1,35841.0,5.06,88.4,25.9,0,0,5.9,4.0,4,Engineering,High School,0,0,1
20,0,67304.0,4.22,82.2,32.5,1,0,5.8,3.35,3,Arts,Bachelor,0,1,0
20,0,26469.0,6.46,78.4,23.3,1,0,6.2,2.12,3,Engineering,Master,0,2,1
17,0,25000.0,3.65,76.2,28.3,0,0,5.4,2.48,2,CS,High School,0,0,2
24,0,68381.0,5.99,87.6,49.4,1,1,3.7,3.51,4,Business,Bachelor,0,1,3
21,1,93633.0,4.73,78.2,29.6,0,1,5.2,2.13,4,Business,Master,0,2,3
22,0,29900.0,4.96,79.6,21.5,0,0,5.4,2.64,3,Science,High School,0,0,4
23,0,25000.0,7.87,86.4,27.8,0,1,3.4,3.91,4,Engineering,High School,0,0,1
18,0,48355.0,1.22,90.6,23.8,0,0,5.3,2.08,1,CS,High School,0,0,2
22,0,25529.0,2.19,86.8,24.7,1,1,5.4,0.03,2,Arts,Bachelor,0,1,0
20,1,42598.0,5.53,88.8,23.5,0,1,4.6,3.74,2,CS,Bachelor,0,1,2
22,1,25449.0,5.19,87.7,24.0,1,0,6.1,2.37,4,Arts,Master,0,2,0
17,0,75994.0,4.17,82.1,15.8,1,0,6.6,0.71,4,CS,High School,1,0,2
20,0,25000.0,5.46,85.2,30.8,0,0,4.3,3.5,4,Arts,High School,0,0,0
19,0,39669.0,2.55,96.6,18.3,1,1,5.8,0.15,3,Engineering,High School,0,0,1
22,1,25000.0,6.54,80.4,43.7,1,0,7.1,2.6,1,Engineering,Master,0,2,1
22,1,29219.0,3.95,58.3,26.3,1,0,5.5,1.96,3,Engineering,High School,0,0,1
19,0,25000.0,6.19,61.8,34.9,0,1,2.5,2.73,3,Business,Bachelor,1,1,3
19,1,46312.0,1.95,97.5,34.9,0,0,3.8,3.52,2,CS,High School,0,0,2
20,1,51587.0,5.39,97.8,8.0,1,1,6.4,3.73,3,Engineering,PhD,0,3,1
19,1,41550.0,4.0,74.1,26.8,0,0,4.7,2.57,1,Business,High School,0,0,3
22,0,27867.0,7.1,92.3,50.6,0,0,3.3,3.49,1,Science,High School,0,0,4
20,0,32342.0,4.34,90.3,20.7,1,0,7.8,2.53,3,Science,Bachelor,0,1,4
17,0,50952.0,2.85,87.1,57.3,0,0,3.4,2.67,3,Engineering,Bachelor,0,1,1
20,1,51927.0,4.76,86.0,36.5,1,1,5.2,2.19,4,CS,Bachelor,0,1,2
18,1,29590.0,4.19,61.0,36.2,1,1,5.5,3.02,3,CS,Bachelor,1,1,2
17,1,25252.0,5.37,83.0,32.9,1,0,6.7,3.37,4,Engineering,Bachelor,0,1,1
18,0,25989.0,3.45,84.8,42.6,1,1,6.3,2.81,4,Business,Master,0,2,3
21,0,44425.0,3.77,82.6,43.2,0,0,4.3,1.14,4,Business,Master,0,2,3
23,0,28565.0,4.32,81.6,29.8,1,0,6.5,1.8,1,CS,Bachelor,1,1,2
21,1,45776.0,3.59,92.4,24.8,1,1,5.5,1.25,1,Engineering,Bachelor,1,1,1
19,0,30604.5,3.97,90.1,12.9,0,0,5.5,3.96,3,CS,Bachelor,0,1,2
22,0,34753.0,3.63,89.0,39.8,0,1,8.0,0.27,4,Engineering,High School,1,0,1
20,1,51028.0,4.67,89.5,30.8,1,0,3.4,1.98,2,Science,High School,0,0,4
19,0,25000.0,4.73,83.8,19.9,0,0,6.2,2.05,2,Science,Bachelor,1,1,4
18,0,134348.0,4.05,91.3,23.0,1,0,5.8,4.0,1,Science,High School,0,0,4
17,0,60751.0,2.97,72.4,29.2,0,0,7.2,2.09,2,Arts,Bachelor,1,1,0
20,1,29757.0,1.04,82.6,18.2,0,0,8.7,0.0,1,Engineering,High School,1,0,1
21,1,25000.0,5.44,87.7,30.6,0,0,8.6,0.76,4,Business,Bachelor,0,1,3
20,1,26768.0,2.65,86.3,10.6,1,0,7.0,0.93,3,Business,Bachelor,1,1,3
20,0,31266.0,6.61,85.0,23.6,1,0,4.4,2.25,3,Engineering,High School,0,0,1
18,1,38731.0,3.2,89.4,16.1,1,0,4.7,1.68,1,Science,High School,0,0,4
22,1,73159.0,5.65,93.5,32.4,0,0,6.8,3.96,4,Arts,High School,0,0,0
18,1,25000.0,4.17,73.5,18.3,0,0,3.2,3.2,1,Business,High School,1,0,3
22,1,41674.0,6.06,84.4,23.3,0,1,5.1,2.81,1,Business,Master,0,2,3
18,0,25000.0,4.49,76.2,57.1,0,1,4.2,2.58,1,CS,Bachelor,0,1,2
19,0,25000.0,4.62,90.6,40.4,1,1,3.4,4.0,4,Science,High School,0,0,4
17,0,37273.0,2.5,87.8,37.2,1,0,5.9,1.34,2,Science,High School,1,0,4
19,1,45015.0,4.99,74.2,45.6,0,0,6.9,0.44,1,Science,Bachelor,1,1,4
23,1,25000.0,5.21,81.9,36.1,1,0,6.6,1.72,2,Science,Bachelor,0,1,4
22,1,25000.0,4.23,70.0,13.1,0,0,5.7,2.9,2,Science,Bachelor,0,1,4
23,0,71420.0,5.43,89.6,14.2,1,1,4.9,2.31,2,Engineering,Master,0,2,1
22,0,59703.0,4.53,77.7,5.0,0,1,4.6,1.44,1,Arts,High School,0,0,0
18,0,33694.0,5.58,73.0,32.4,0,0,7.1,1.4,1,CS,Bachelor,1,1,2
20,1,25000.0,4.15,79.2,17.3,1,0,4.6,2.04,3,Business,Master,0,2,3
19,0,134145.0,5.44,86.7,23.2,0,0,4.5,3.39,3,Business,Master,0,2,3
23,1,29379.0,4.34,84.3,26.2,0,0,6.2,1.74,3,Engineering,PhD,0,3,1
18,0,25000.0,6.67,78.1,22.7,0,0,3.7,0.78,4,Business,Master,0,2,3
23,0,25000.0,3.56,81.2,29.6,0,0,5.7,2.3,4,Arts,PhD,0,3,0
23,1,37265.0,3.88,79.7,26.6,1,1,4.5,1.37,2,Science,Bachelor,0,1,4
25,0,37495.0,3.14,74.5,25.4,1,1,4.3,0.38,2,CS,Master,1,2,2
20,0,52595.0,3.5,67.1,11.4,0,0,5.1,1.44,4,Engineering,High School,1,0,1
22,0,25000.0,3.33,81.9,32.9,0,1,6.9,1.01,4,Arts,Bachelor,1,1,0
26,0,25000.0,6.68,86.7,56.1,1,0,5.8,3.53,1,Science,High School,0,0,4
19,1,100542.0,6.72,81.9,33.3,0,0,6.0,3.13,4,Arts,High School,0,0,0
17,1,34022.0,3.85,98.4,57.2,1,1,6.9,1.93,4,CS,Master,1,2,2
17,0,26809.0,5.85,77.2,23.2,1,0,6.6,2.17,3,Arts,Bachelor,0,1,0
22,1,25000.0,3.79,81.7,27.0,0,0,5.2,3.26,4,Engineering,High School,0,0,1
17,0,40278.0,4.56,85.9,29.8,0,1,6.5,2.34,4,Engineering,Bachelor,1,1,1
20,1,55194.0,6.0,85.5,28.0,1,0,5.2,1.73,1,Business,Bachelor,0,1,3
22,1,50249.0,3.7,80.0,44.0,0,0,6.3,1.27,4,CS,Master,1,2,2
21,1,25456.0,2.7,81.6,5.0,0,0,7.4,0.62,4,CS,High School,1,0,2
21,0,36929.0,4.61,81.3,24.5,1,0,6.4,1.36,3,Science,Bachelor,0,1,4
21,0,81064.0,2.95,87.5,50.0,0,1,3.3,2.35,3,Arts,High School,0,0,0
23,0,56530.0,4.05,76.4,24.0,1,0,4.6,2.55,2,Business,Bachelor,1,1,3
18,1,25000.0,4.43,62.5,41.1,0,0,6.7,2.58,1,Business,Bachelor,0,1,3
19,1,25000.0,4.89,79.3,37.2,1,1,1.6,3.9,3,Engineering,High School,0,0,1
19,0,35528.0,4.9,95.5,29.1,1,0,6.1,3.27,2,Science,Bachelor,0,1,4
22,1,48009.0,4.4,88.4,33.8,1,0,6.0,0.55,1,Arts,Bachelor,1,1,0
23,0,25000.0,5.12,69.5,29.0,1,0,10.0,1.46,2,Business,High School,1,0,3
22,0,29576.0,6.03,87.4,5.0,1,0,6.3,1.81,3,CS,Master,0,2,2
23,0,25382.0,5.11,83.7,35.5,1,1,5.3,2.95,4,Science,Bachelor,0,1,4
18,0,31652.0,5.37,79.0,22.6,0,1,7.6,1.45,2,Engineering,Bachelor,1,1,1
24,0,25000.0,2.84,73.4,13.5,1,0,4.9,1.6,4,Business,High School,0,0,3
24,0,64493.0,4.3,75.5,34.6,0,0,5.6,3.31,3,Business,Master,0,2,3
22,0,32493.0,4.55,77.5,33.9,1,0,5.7,3.14,2,Arts,Bachelor,0,1,0
24,0,25000.0,7.03,96.7,41.8,0,0,6.6,2.2,2,Arts,Bachelor,0,1,0
17,1,51559.0,1.15,87.1,26.9,1,1,3.8,2.63,4,Science,Master,0,2,4
19,0,25000.0,5.16,76.3,40.3,0,1,7.0,1.92,2,CS,Bachelor,1,1,2
19,1,64260.0,4.72,77.7,30.3,1,1,4.6,3.46,2,Arts,High School,0,0,0
22,0,53887.0,4.96,81.7,34.1,0,1,9.2,1.61,1,CS,Master,1,2,2
18,1,68450.0,2.23,78.5,35.1,1,0,2.8,0.67,1,Engineering,High School,0,0,1
22,1,27039.0,4.26,82.1,14.0,1,1,4.1,0.39,1,Business,High School,0,0,3
24,0,25000.0,6.44,80.8,34.5,1,0,1.8,2.88,3,CS,Master,0,2,2
22,0,31270.0,2.51,82.8,31.2,1,0,10.0,0.44,4,Science,Bachelor,0,1,4
21,1,28264.0,4.94,66.0,26.7,1,0,3.3,3.08,2,CS,Bachelor,0,1,2
18,1,25000.0,3.24,88.4,31.4,1,0,6.9,1.36,1,Business,High School,0,0,3
19,0,25000.0,6.19,77.5,60.6,1,0,6.8,2.17,1,Business,Bachelor,1,1,3
23,0,25000.0,5.09,89.3,7.0,0,0,3.9,2.94,4,Science,High School,0,0,4
22,1,25000.0,4.62,99.6,28.4,1,0,6.9,1.95,4,Engineering,Master,0,2,1
20,1,44658.0,3.04,70.4,39.7,0,0,3.6,1.77,2,Engineering,Master,0,2,1
20,0,28814.0,3.81,82.8,15.0,0,0,4.0,3.25,2,CS,Bachelor,0,1,2
17,0,29684.0,4.09,78.6,34.5,1,0,5.5,3.55,2,Science,Bachelor,0,1,4
18,0,25000.0,2.86,85.2,33.6,0,1,6.7,1.73,3,Science,Master,0,2,4
25,0,25000.0,3.81,65.1,10.9,0,0,2.0,4.0,1,Engineering,Bachelor,0,1,1
18,0,94992.0,1.47,79.1,23.0,0,0,6.2,3.91,2,Engineering,Bachelor,0,1,1
21,0,25000.0,4.94,75.5,51.4,0,1,5.3,2.2,1,Business,High School,1,0,3
23,0,42887.0,3.46,95.0,10.9,0,0,8.6,2.89,2,Science,High School,1,0,4
18,0,32780.0,3.08,96.9,24.7,0,0,5.6,3.69,2,Science,High School,0,0,4
21,1,29803.5,4.4,79.7,28.0,0,0,5.5,2.56,2,Engineering,High School,0,0,1
23,0,87157.0,4.54,72.8,30.1,1,1,6.4,0.94,3,Science,High School,1,0,4
21,0,44822.0,6.51,75.3,25.0,0,1,5.3,3.59,4,Science,Bachelor,0,1,4
27,0,25000.0,3.61,82.3,31.0,1,1,7.5,0.83,3,Engineering,Bachelor,0,1,1
17,1,29231.0,5.79,70.8,29.6,1,1,6.2,2.35,1,Engineering,High School,0,0,1
23,1,25000.0,4.75,86.2,38.5,0,0,7.1,1.99,4,Engineering,High School,0,0,1
20,1,88941.0,3.79,80.4,40.1,0,1,3.8,3.42,4,Engineering,Master,0,2,1
22,0,25000.0,6.53,84.9,35.3,0,0,6.5,0.73,1,Business,High School,1,0,3
22,1,25000.0,1.76,85.2,32.8,1,0,6.9,2.65,1,Engineering,Master,0,2,1
19,0,25000.0,4.19,93.0,11.2,1,1,3.5,2.44,2,Science,Bachelor,0,1,4
21,0,31202.0,3.54,87.1,31.4,1,1,5.4,3.16,2,Engineering,Bachelor,0,1,1
17,1,67656.0,4.41,84.3,43.4,1,0,2.4,3.02,3,Arts,PhD,0,3,0
22,1,86997.0,2.5,84.0,10.7,1,0,2.6,1.38,3,Science,Master,0,2,4
21,1,25000.0,5.05,66.2,14.2,1,1,5.4,2.03,2,Science,Bachelor,1,1,4
22,1,37308.0,1.88,83.4,47.9,1,1,8.7,2.99,4,Business,PhD,0,3,3
23,1,31230.0,4.84,86.9,12.0,1,0,8.9,2.33,3,Arts,Master,1,2,0
21,0,25000.0,3.35,81.0,28.8,1,1,5.0,3.73,2,Business,Master,0,2,3
21,0,127202.0,4.6,95.3,23.4,0,0,3.8,4.0,3,CS,High School,0,0,2
19,0,67350.0,3.08,70.1,47.2,1,1,7.2,1.52,3,CS,High School,1,0,2
19,1,33305.0,2.89,76.1,33.6,1,0,1.9,2.45,3,Science,Bachelor,0,1,4
23,0,76813.0,6.06,76.9,39.5,0,0,4.8,0.96,1,Business,Master,0,2,3
24,1,61529.0,6.21,82.1,30.7,1,1,4.2,3.02,2,Business,Bachelor,0,1,3
20,0,31229.0,2.51,76.8,53.9,1,1,5.3,2.62,2,Engineering,Bachelor,0,1,1
21,0,36155.0,4.21,72.1,21.1,0,0,8.0,2.23,4,Business,Master,0,2,3
19,0,73664.0,5.01,79.2,34.1,1,0,1.0,4.0,1,CS,Bachelor,0,1,2
23,0,25000.0,3.91,90.1,45.1,0,1,6.1,2.57,4,Arts,Bachelor,0,1,0
22,1,81163.0,3.96,88.0,47.8,1,0,6.1,1.63,4,Science,Bachelor,0,1,4
25,0,25976.0,4.94,76.4,26.8,0,1,5.4,1.32,4,CS,PhD,1,3,2
19,0,74221.0,4.71,79.0,5.7,0,1,6.0,2.46,2,Engineering,Bachelor,0,1,1
20,0,29640.0,3.42,75.8,25.4,1,0,6.4,3.06,3,Science,Bachelor,0,1,4
21,0,36409.0,4.68,71.9,50.9,0,0,5.8,1.44,2,Arts,High School,1,0,0
22,0,29127.0,3.66,85.4,20.8,1,1,1.8,3.02,3,Engineering,Bachelor,0,1,1
20,0,25000.0,3.54,71.8,33.5,0,0,3.9,1.62,1,Engineering,Bachelor,1,1,1
19,1,25285.0,3.04,87.3,26.3,1,1,8.4,1.25,1,Engineering,Bachelor,1,1,1
22,0,68014.0,3.05,96.5,29.1,0,1,3.4,2.62,1,Science,Master,0,2,4
22,0,25000.0,4.34,85.0,45.7,0,1,5.6,1.74,4,Business,Bachelor,0,1,3
19,1,25000.0,2.01,87.0,33.1,1,0,4.2,0.9,1,Engineering,High School,0,0,1
24,0,25000.0,1.97,86.8,54.5,0,1,6.6,0.75,3,CS,Bachelor,1,1,2
23,0,25000.0,3.78,78.1,41.7,1,0,5.1,1.88,3,CS,Bachelor,1,1,2
21,1,73570.0,4.0,85.0,31.6,1,0,6.7,1.83,1,Business,Master,1,2,3
21,0,63235.0,2.64,84.5,28.9,0,1,6.2,1.79,1,Arts,High School,0,0,0
22,1,42413.0,6.28,77.0,34.0,1,0,4.8,4.0,4,CS,Bachelor,0,1,2
19,0,25000.0,3.03,61.9,15.2,0,1,1.5,1.77,2,Arts,High School,1,0,0
21,1,66239.0,3.15,73.6,17.3,0,1,3.9,0.39,1,CS,Bachelor,1,1,2
17,1,25000.0,3.04,74.5,39.1,0,1,3.3,4.0,1,CS,Master,0,2,2
22,0,107494.0,5.23,86.0,41.0,1,0,3.3,3.95,2,Science,Master,0,2,4
17,0,25000.0,6.2,70.2,14.1,1,1,6.4,4.0,3,Arts,Master,0,2,0
24,0,25407.0,2.74,97.0,40.3,0,0,9.1,1.4,2,CS,Bachelor,0,1,2
20,0,25000.0,5.09,95.0,27.9,0,1,1.1,2.57,1,CS,Bachelor,0,1,2
20,1,25000.0,4.35,90.4,20.0,1,0,2.8,2.2,3,Engineering,Bachelor,0,1,1
19,1,94378.0,3.01,77.9,26.2,0,0,5.9,2.47,3,Science,Bachelor,0,1,4
20,0,47731.0,4.34,65.4,40.7,1,1,5.0,0.16,4,Engineering,Bachelor,0,1,1
24,1,61653.0,2.29,88.7,37.3,1,0,6.3,0.38,1,Science,High School,1,0,4
17,0,25000.0,3.67,76.0,33.6,1,1,5.4,2.23,4,Engineering,Master,1,2,1
23,1,33142.0,2.7,88.3,34.5,1,1,7.9,0.02,3,Science,Bachelor,1,1,4
21,1,40644.0,3.56,86.8,16.3,0,0,6.5,1.29,4,Science,Bachelor,0,1,4
18,1,34977.0,4.09,78.5,36.6,1,1,7.1,3.27,4,CS,Bachelor,0,1,2
18,0,25000.0,5.94,72.2,24.5,1,0,7.3,2.61,4,CS,Bachelor,0,1,2
24,1,56687.0,4.07,83.5,54.3,1,1,3.4,2.79,1,Arts,High School,0,0,0
18,0,31982.0,2.71,69.4,25.4,0,0,6.6,1.67,2,Business,Master,0,2,3
18,1,25000.0,4.02,84.2,56.7,1,1,6.7,2.51,4,Engineering,Master,0,2,1
23,0,25000.0,1.3,85.8,28.1,1,0,4.9,1.86,2,CS,Bachelor,0,1,2
21,0,42787.0,5.11,76.7,28.9,0,0,4.9,3.2,1,Business,Master,0,2,3
18,1,129350.0,2.95,70.0,26.5,0,1,4.9,1.91,1,Engineering,High School,0,0,1
21,1,25000.0,6.47,95.0,14.9,1,0,3.9,3.97,4,Engineering,High School,0,0,1
18,0,32934.0,5.19,77.7,45.9,0,1,3.0,1.48,1,Engineering,Bachelor,0,1,1
23,1,57890.0,4.14,80.3,31.2,0,0,9.4,2.54,4,Arts,Bachelor,1,1,0
23,1,29803.5,3.75,75.7,37.5,0,0,5.5,0.45,4,Arts,High School,1,0,0
22,1,25000.0,3.44,77.5,49.4,0,0,5.5,0.66,4,Arts,High School,0,0,0
21,1,25000.0,3.53,75.9,28.4,0,0,2.9,2.75,1,CS,Bachelor,0,1,2
24,0,53681.0,3.99,98.1,28.9,1,1,6.5,3.08,4,Engineering,Master,0,2,1
21,1,65862.0,3.47,76.1,31.7,1,1,4.8,1.24,1,Business,Bachelor,0,1,3
18,0,32710.0,4.72,91.7,14.6,1,1,5.2,2.74,3,Business,High School,0,0,3
22,0,25000.0,5.91,83.2,8.1,0,1,9.5,0.21,3,Arts,Master,0,2,0
25,1,29794.5,3.87,83.1,12.0,1,1,5.5,1.03,4,Arts,Master,1,2,0
18,1,25000.0,5.44,77.9,44.9,0,0,1.2,3.98,2,Arts,Master,0,2,0
20,1,25000.0,2.28,80.4,26.1,0,0,6.2,2.36,4,Business,Bachelor,0,1,3
21,1,27967.0,4.46,96.3,39.4,0,1,5.8,2.93,2,Arts,Master,0,2,0
20,1,41978.0,4.11,88.8,26.9,1,1,6.1,2.31,3,CS,Master,0,2,2
18,0,39901.0,2.19,71.1,11.1,1,1,4.5,3.68,3,Science,Master,0,2,4
23,1,29586.0,3.67,74.1,40.4,1,1,5.5,3.96,2,Science,PhD,0,3,4
26,0,30768.0,5.11,85.1,19.3,1,0,3.5,1.89,4,Science,PhD,0,3,4
21,1,28313.0,0.5,87.1,37.0,1,0,7.4,3.47,4,Business,High School,0,0,3
19,1,25000.0,3.74,88.1,41.1,0,1,7.3,2.72,4,Science,Bachelor,1,1,4
17,1,32731.0,3.41,81.4,29.5,1,0,8.5,1.49,2,Business,Bachelor,0,1,3
21,0,25000.0,4.35,75.2,35.7,1,0,4.1,1.69,3,CS,Bachelor,0,1,2
23,1,25000.0,5.18,75.5,12.9,0,0,6.0,3.49,3,Science,Master,0,2,4
22,1,37139.0,4.91,63.6,65.1,0,1,9.2,0.18,4,Engineering,Bachelor,0,1,1
21,1,25000.0,5.26,95.1,35.3,0,1,4.3,3.72,2,Science,Bachelor,0,1,4
19,0,34086.0,5.54,61.0,39.4,1,0,3.7,3.44,1,Business,Bachelor,0,1,3
18,1,49443.0,3.53,80.1,41.2,1,0,6.0,0.0,1,Engineering,Bachelor,1,1,1
22,1,25000.0,0.84,67.8,28.3,1,0,7.6,1.25,1,Engineering,PhD,1,3,1
23,1,31422.0,4.87,77.3,30.9,1,1,4.3,2.86,4,Science,Bachelor,0,1,4
17,1,25000.0,2.69,86.6,43.0,1,1,9.0,2.96,3,Engineering,Bachelor,0,1,1
24,0,74572.0,4.37,63.7,25.6,1,0,3.9,2.73,1,Business,Bachelor,0,1,3
22,0,25000.0,2.16,84.8,34.7,1,0,6.7,2.65,1,CS,High School,0,0,2
24,0,25000.0,3.04,89.0,35.6,1,1,4.3,3.93,3,Science,Master,0,2,4
18,0,66372.0,4.75,78.7,21.2,0,0,4.7,3.57,4,CS,Master,0,2,2
18,1,25830.0,3.42,100.0,35.3,1,0,7.0,2.9,2,Science,Bachelor,0,1,4
20,0,29718.0,4.09,49.0,9.7,1,0,5.5,3.97,2,Science,Bachelor,0,1,4
22,0,45608.0,2.24,68.3,41.0,0,0,2.8,2.82,3,Arts,High School,0,0,0
25,0,44996.0,5.47,79.6,48.8,1,0,4.1,2.24,2,Arts,Bachelor,1,1,0
22,1,25000.0,3.54,79.7,40.9,0,1,6.8,1.95,1,Engineering,High School,0,0,1
20,0,25000.0,3.57,82.9,48.0,1,0,6.2,3.07,3,Business,High School,0,0,3
18,0,25000.0,3.21,89.4,20.9,0,0,6.8,2.34,1,CS,Master,0,2,2
23,0,26260.0,2.02,72.0,27.3,1,0,4.4,1.23,3,CS,Master,0,2,2
18,0,25000.0,3.65,71.1,31.5,0,1,3.6,3.16,1,Business,Bachelor,0,1,3
24,1,26666.0,5.61,76.4,31.5,0,0,4.0,2.75,3,CS,Master,0,2,2
20,0,86712.0,2.99,90.2,24.8,0,0,4.1,3.05,1,Science,Bachelor,0,1,4
24,1,25000.0,1.55,88.5,19.0,0,0,5.4,3.45,1,Science,Bachelor,0,1,4
22,1,25000.0,5.01,81.4,50.7,1,1,3.4,4.0,2,Business,Bachelor,0,1,3
20,1,25000.0,4.11,77.9,20.0,0,0,7.4,1.9,1,Arts,Bachelor,0,1,0
19,1,31202.0,4.19,65.8,49.9,1,1,5.5,3.27,3,CS,High School,1,0,2
20,1,61201.0,4.49,84.9,35.9,1,1,3.9,4.0,3,Engineering,Bachelor,0,1,1
21,0,60367.0,1.73,82.8,32.4,0,0,5.1,2.43,1,Engineering,Bachelor,1,1,1
21,1,25000.0,3.85,70.7,36.5,0,1,3.9,1.53,4,Engineering,Master,1,2,1
19,0,40130.0,4.32,70.2,48.3,0,1,5.2,3.41,3,Arts,Bachelor,0,1,0
20,0,70281.0,3.94,79.9,5.0,1,0,4.0,2.34,2,Arts,Master,0,2,0
21,1,40368.0,3.93,87.8,34.3,1,0,9.4,3.35,2,Engineering,Bachelor,0,1,1
17,0,39618.0,5.5,73.5,31.8,1,0,2.6,4.0,2,CS,Master,0,2,2
22,1,25000.0,4.57,85.3,32.2,1,0,3.2,1.71,1,Science,Bachelor,0,1,4
18,1,33930.0,4.82,67.7,41.3,1,0,5.1,3.5,4,CS,High School,0,0,2
18,0,62429.0,3.8,82.6,22.7,1,0,5.7,1.31,1,Engineering,Master,0,2,1
17,1,36204.0,0.67,75.7,16.2,0,1,5.7,1.74,3,Arts,Master,0,2,0
17,0,25000.0,3.58,65.3,13.4,1,0,7.2,1.09,4,Business,High School,0,0,3
18,0,25000.0,3.97,77.6,19.1,0,0,6.3,0.04,3,Science,PhD,0,3,4
19,1,61425.0,3.75,71.9,38.2,0,0,3.8,1.14,2,Arts,Bachelor,0,1,0
25,0,36129.0,3.9,79.8,36.1,1,1,7.4,1.51,2,Engineering,Bachelor,1,1,1
19,1,31934.0,4.28,85.3,40.6,0,0,6.6,1.42,4,CS,Bachelor,0,1,2
21,1,25000.0,5.23,85.7,24.5,1,0,8.0,2.62,2,Business,High School,0,0,3
21,0,60667.0,2.89,66.2,25.0,1,1,5.6,1.05,3,Engineering,Bachelor,1,1,1
21,1,80616.0,3.73,86.6,49.8,0,0,7.5,0.99,3,Engineering,High School,1,0,1
20,1,63444.0,6.0,85.3,42.2,0,0,1.0,4.0,2,Engineering,Master,0,2,1
18,0,70654.0,1.89,78.6,39.0,0,0,4.6,3.18,3,Business,High School,0,0,3
24,0,25000.0,3.64,71.9,8.1,1,1,3.9,4.0,2,Science,Bachelor,0,1,4
25,1,25000.0,1.16,78.7,53.5,1,0,6.8,0.12,3,Business,Bachelor,1,1,3
17,0,27070.0,3.66,94.9,28.9,1,0,4.2,2.06,4,Arts,Bachelor,0,1,0
18,1,30429.0,4.13,86.8,32.1,0,1,7.3,1.41,2,Business,High School,0,0,3
20,0,70165.0,1.64,89.8,35.4,0,1,6.9,2.3,1,Engineering,Master,1,2,1
18,1,59846.0,4.27,74.1,32.0,0,0,4.4,0.62,4,Science,High School,1,0,4
22,1,41072.0,3.12,77.7,27.9,1,0,5.9,1.36,1,Arts,PhD,1,3,0
19,0,25000.0,5.4,71.6,31.7,0,0,5.1,1.63,4,Science,Bachelor,0,1,4
25,1,25000.0,4.62,76.7,37.6,1,0,5.7,3.14,3,Business,Bachelor,0,1,3
23,1,34347.0,3.3,92.9,40.2,1,0,6.8,2.95,1,CS,Bachelor,0,1,2
21,1,50421.0,3.73,78.4,44.6,0,0,4.9,1.47,2,Arts,Bachelor,0,1,0
23,1,28347.0,6.02,76.5,16.8,1,1,2.5,0.87,4,CS,High School,1,0,2
23,1,93802.0,3.85,83.9,23.4,1,0,6.6,3.16,4,CS,Bachelor,0,1,2
19,1,25000.0,2.25,77.4,40.2,0,1,7.4,1.09,4,CS,High School,0,0,2
19,1,25000.0,2.52,82.7,11.2,1,0,2.4,4.0,1,CS,Bachelor,0,1,2
21,1,25000.0,3.76,77.5,31.9,1,1,5.4,2.85,4,Business,High School,0,0,3
22,0,25000.0,5.46,83.5,20.6,0,0,3.8,3.04,1,CS,Master,1,2,2
21,1,40773.0,3.36,79.0,36.6,0,0,7.5,2.49,1,Engineering,High School,0,0,1
17,0,25000.0,2.58,73.1,19.9,0,0,7.6,2.71,2,Engineering,Bachelor,1,1,1
19,0,25000.0,4.01,90.4,25.7,1,1,4.0,3.25,4,CS,Master,0,2,2
20,0,50764.0,4.43,96.5,26.5,0,0,3.1,2.85,4,Engineering,High School,0,0,1
20,0,30885.0,3.79,86.0,33.0,0,1,5.5,2.12,1,Business,High School,1,0,3
25,0,25000.0,1.79,70.0,41.5,0,0,3.5,3.1,2,Science,High School,0,0,4
18,0,25000.0,4.41,80.2,42.4,0,0,7.0,1.54,1,Arts,High School,0,0,0
22,0,33667.0,4.34,84.0,32.5,0,0,5.3,3.16,4,Arts,Bachelor,0,1,0
24,1,33244.0,3.43,68.5,16.7,1,0,8.4,0.58,1,Business,Bachelor,1,1,3
26,0,93889.0,5.48,77.7,61.0,0,1,8.5,0.29,1,Arts,PhD,1,3,0
20,0,29219.0,4.06,55.8,29.0,1,0,5.5,2.37,1,Science,High School,0,0,4
22,0,29718.0,3.54,73.8,33.3,1,1,5.5,2.23,2,Engineering,Bachelor,1,1,1
22,0,35354.0,4.61,84.7,32.9,1,1,3.8,4.0,1,Business,Bachelor,0,1,3
21,0,25000.0,1.55,81.6,34.2,1,0,2.8,4.0,4,Arts,Master,0,2,0
20,1,32108.0,3.38,73.2,19.8,1,0,6.6,1.45,1,Arts,Master,1,2,0
22,1,42423.0,3.47,81.5,35.3,1,0,6.7,2.28,4,Engineering,High School,1,0,1
17,1,45355.0,4.86,79.1,51.9,0,0,6.0,3.35,3,CS,Bachelor,0,1,2
22,1,25000.0,7.95,89.1,5.9,0,0,3.1,3.74,4,Business,High School,0,0,3
21,0,39866.0,3.62,65.4,30.4,0,1,4.1,3.45,2,Business,Bachelor,1,1,3
20,0,25000.0,5.9,76.1,16.5,0,0,5.6,1.14,3,CS,PhD,0,3,2
25,0,25000.0,5.77,94.1,41.9,1,1,4.4,2.18,2,Business,Bachelor,0,1,3
19,1,31048.5,3.49,72.7,43.7,0,1,5.5,1.64,3,Business,Master,0,2,3
20,0,30175.0,5.74,73.4,28.5,0,0,3.8,4.0,2,CS,High School,0,0,2
25,1,29219.0,3.9,77.9,30.7,1,0,5.5,2.61,4,Arts,High School,0,0,0
19,0,25000.0,4.01,92.2,19.4,1,0,5.1,1.86,2,CS,Bachelor,1,1,2
19,0,51111.0,6.99,85.2,5.0,1,1,4.0,3.98,2,Arts,Bachelor,0,1,0
20,1,25000.0,4.67,73.5,26.8,0,0,5.5,2.97,3,Business,Bachelor,0,1,3
22,1,25000.0,3.16,81.3,27.4,1,0,5.9,2.32,4,Science,Bachelor,0,1,4
21,1,31038.0,4.58,79.2,30.5,0,1,6.1,0.37,1,Science,High School,1,0,4
18,1,34480.0,2.01,85.6,5.0,1,1,3.8,3.39,4,Engineering,Bachelor,0,1,1
19,1,25000.0,5.38,81.7,9.3,1,1,4.9,2.84,1,CS,Master,0,2,2
19,1,47673.0,3.16,83.6,12.2,1,0,5.5,2.13,4,Arts,Bachelor,1,1,0
20,1,42373.0,0.8,79.4,31.0,1,1,5.7,0.55,1,Business,High School,1,0,3
21,0,58919.0,3.53,92.6,37.0,0,0,3.1,2.87,2,Business,Master,0,2,3
21,1,28312.0,3.33,81.7,16.0,1,0,4.9,0.95,1,Business,High School,0,0,3
17,1,25000.0,4.65,77.0,26.7,1,0,6.6,3.34,4,Business,Master,0,2,3
23,0,25000.0,2.5,90.5,23.1,1,0,4.4,3.67,4,Science,Bachelor,0,1,4
21,1,35747.0,4.45,86.7,54.4,1,0,6.1,2.24,2,Business,Bachelor,1,1,3
24,1,25000.0,3.12,74.7,25.4,1,1,5.5,2.07,1,Science,Bachelor,0,1,4
22,0,25000.0,3.91,50.5,24.9,1,0,4.7,0.51,2,CS,Master,1,2,2
23,0,25000.0,5.39,86.3,20.2,0,0,7.8,4.0,2,Engineering,Master,0,2,1
22,0,25000.0,5.43,78.5,7.2,1,1,5.0,2.87,2,CS,PhD,0,3,2
24,1,33504.0,5.66,82.3,37.8,1,1,5.1,2.64,3,Business,High School,0,0,3
22,1,25000.0,3.01,91.5,26.8,1,0,4.6,3.61,4,CS,Bachelor,0,1,2
20,0,35661.0,4.39,74.4,25.3,1,1,8.2,1.98,4,Science,High School,1,0,4
26,1,29803.5,4.4,73.0,32.2,0,0,5.5,0.54,2,Engineering,High School,1,0,1
23,0,25000.0,5.63,70.8,11.1,1,0,7.6,2.12,1,Science,PhD,1,3,4
22,1,94204.0,3.57,99.6,51.2,1,0,7.1,3.55,3,CS,Bachelor,0,1,2
18,0,30049.0,2.06,91.5,8.2,1,0,3.9,1.45,4,CS,Master,0,2,2
18,0,25000.0,5.1,87.4,51.3,1,1,4.7,2.64,4,Arts,Master,0,2,0
21,1,25116.0,5.74,66.6,29.8,0,0,4.1,2.68,1,Science,Bachelor,0,1,4
21,0,30872.0,4.41,70.6,25.4,0,1,7.4,1.28,3,Business,High School,0,0,3
19,0,38925.0,2.58,87.6,38.1,1,0,9.7,1.57,2,Arts,Master,0,2,0
21,0,25477.0,6.82,85.2,25.8,1,0,6.7,0.06,3,Business,Master,0,2,3
24,0,25000.0,4.16,79.8,41.2,1,0,8.5,1.91,2,Engineering,Master,0,2,1
22,0,25000.0,3.14,71.2,33.7,0,0,6.3,1.58,1,Science,High School,0,0,4
18,1,25000.0,5.43,90.4,38.6,1,0,6.1,3.69,2,Business,Bachelor,1,1,3
20,1,25000.0,6.16,96.3,42.5,1,1,4.5,4.0,2,Science,Bachelor,0,1,4
19,1,25000.0,1.91,85.5,27.9,1,1,6.6,0.6,4,Arts,PhD,1,3,0
20,1,25000.0,4.7,76.0,41.6,1,1,7.1,4.0,1,Engineering,Bachelor,1,1,1
20,0,44164.0,5.69,94.2,36.2,0,0,7.4,2.53,3,Engineering,Bachelor,0,1,1
19,0,79941.0,3.86,83.3,46.0,1,0,5.7,2.38,1,Arts,Bachelor,0,1,0
18,0,46783.0,4.19,95.0,25.6,1,0,5.9,3.2,2,Science,Bachelor,0,1,4
20,1,65089.0,3.83,79.1,46.4,1,0,5.4,1.36,3,CS,High School,1,0,2
19,1,53342.0,6.0,98.5,20.7,1,0,4.5,3.66,3,CS,High School,0,0,2
17,0,49015.0,2.57,78.4,5.9,0,0,7.1,0.88,3,Business,High School,0,0,3
25,0,25000.0,3.67,76.7,13.6,1,0,2.1,1.93,1,Business,High School,0,0,3
23,0,32356.0,6.79,88.6,26.0,1,0,2.5,3.89,1,Arts,Master,0,2,0
20,1,25000.0,3.19,81.4,33.2,0,0,4.5,1.54,3,Business,High School,0,0,3
21,1,26070.0,2.0,85.1,30.2,0,0,3.2,2.5,4,Business,Master,0,2,3
18,0,30974.0,3.99,73.9,39.4,0,1,7.5,0.32,3,CS,Bachelor,1,1,2
24,1,45622.0,5.4,74.0,15.6,1,0,4.7,1.85,4,CS,High School,0,0,2
25,0,38330.0,3.95,78.9,50.7,1,0,7.1,3.75,3,Science,Bachelor,0,1,4
21,1,26981.0,3.37,84.9,46.1,1,0,7.8,1.88,2,CS,High School,0,0,2
23,1,30740.0,4.65,75.8,41.2,0,0,5.6,1.97,3,CS,Master,1,2,2
21,1,38564.0,7.24,90.6,45.2,1,0,6.1,3.91,2,Arts,High School,0,0,0
18,0,29803.0,3.56,66.1,11.4,0,0,5.5,1.84,1,Science,Master,0,2,4
20,0,25000.0,6.69,95.7,38.4,1,0,7.3,2.77,3,Science,Master,0,2,4
21,0,25000.0,4.54,73.6,38.9,1,1,1.8,3.08,2,Science,Bachelor,0,1,4
20,0,57779.0,2.88,84.7,41.6,1,0,4.8,3.41,4,CS,Master,0,2,2
20,1,28666.0,6.16,85.7,40.2,0,0,6.4,1.55,4,Science,High School,0,0,4
20,1,25000.0,3.55,84.2,35.3,1,1,5.9,3.3,1,Engineering,High School,0,0,1
20,0,25385.0,1.98,81.6,34.9,1,0,3.7,2.91,2,Arts,High School,0,0,0
21,0,25382.0,4.38,88.8,44.3,0,1,2.4,3.18,4,Engineering,PhD,0,3,1
18,0,29684.0,3.91,72.1,22.5,1,0,5.5,1.87,1,Business,Bachelor,1,1,3
19,1,25000.0,6.36,84.3,34.4,1,1,4.0,3.5,1,Business,Master,0,2,3
18,1,30178.0,4.53,74.1,23.4,1,0,5.3,2.11,1,Science,High School,0,0,4
23,0,34464.0,3.31,77.4,28.2,1,0,5.8,3.05,4,Engineering,Bachelor,0,1,1
17,0,37713.0,5.13,84.1,5.0,0,1,5.2,0.78,3,Engineering,High School,0,0,1
23,1,33986.0,4.0,89.6,19.6,0,0,3.8,2.59,4,Engineering,Master,0,2,1
24,1,40520.0,4.42,71.0,24.8,0,0,5.4,3.36,2,CS,High School,0,0,2
20,0,25000.0,0.9,95.2,24.9,0,0,4.5,2.77,2,Engineering,Bachelor,0,1,1
17,1,25000.0,2.5,90.0,26.0,0,0,8.5,2.14,1,Business,High School,1,0,3
20,1,29684.0,4.13,82.3,15.8,1,0,5.5,2.7,2,Business,Bachelor,0,1,3
20,1,25000.0,2.33,73.5,26.0,1,0,10.0,0.39,3,Business,Master,0,2,3
18,1,26618.0,3.23,94.2,43.0,1,1,3.1,3.9,1,Arts,Bachelor,0,1,0
19,0,44654.0,5.21,85.7,26.4,1,0,5.0,3.08,3,Business,High School,0,0,3
24,1,77471.0,4.67,85.7,45.6,1,0,5.0,1.98,1,Arts,Bachelor,0,1,0
22,0,25000.0,5.52,76.6,44.8,0,1,4.1,1.45,4,CS,Bachelor,0,1,2
19,0,25000.0,4.02,83.6,23.0,1,0,4.9,1.88,1,Arts,Master,1,2,0
17,0,25000.0,3.11,77.0,36.8,0,0,4.6,1.11,2,Business,High School,0,0,3
20,0,77332.0,5.84,91.7,14.2,0,0,3.7,2.39,3,Arts,Master,0,2,0
20,0,25000.0,4.06,91.9,17.4,1,1,8.7,2.07,3,Engineering,High School,0,0,1
22,1,29245.0,2.61,80.8,31.3,1,1,5.3,3.11,3,Science,High School,0,0,4
19,1,25000.0,6.12,77.3,36.1,0,1,7.2,0.82,2,Business,Bachelor,0,1,3
22,1,25000.0,4.09,88.3,49.4,0,0,7.3,1.08,1,CS,High School,0,0,2
25,0,25000.0,5.27,87.2,28.0,0,0,8.1,2.4,3,Engineering,High School,0,0,1
22,0,25000.0,4.38,72.7,32.1,1,0,3.7,2.26,4,Business,Master,0,2,3
20,1,25000.0,5.27,79.7,31.2,1,0,7.8,2.25,1,CS,Bachelor,0,1,2
20,0,99078.0,4.84,99.5,51.5,1,1,5.4,3.33,2,CS,Bachelor,0,1,2
20,1,38366.0,3.61,81.9,46.1,1,1,9.2,1.07,4,Science,Bachelor,0,1,4
23,0,51994.0,3.53,83.9,34.6,1,0,6.4,1.64,4,Science,Bachelor,0,1,4
19,1,30885.0,4.065,86.4,39.5,0,1,5.5,3.97,2,CS,High School,0,0,2
21,0,27987.0,4.15,77.5,34.2,1,1,7.8,1.44,2,Science,Bachelor,1,1,4
21,1,25000.0,3.99,88.1,42.9,0,0,7.6,1.82,2,CS,Bachelor,0,1,2
19,1,34522.0,3.44,85.0,40.3,0,0,3.2,3.98,4,Engineering,Master,0,2,1
18,1,32895.0,3.65,91.0,26.4,1,1,6.8,1.89,1,Science,High School,0,0,4
21,1,25000.0,2.04,68.5,31.2,1,0,8.4,0.1,4,CS,High School,1,0,2
20,0,32142.0,4.66,84.8,31.9,1,0,6.4,3.23,3,Science,High School,0,0,4
22,1,25000.0,3.17,83.7,31.8,1,1,3.7,4.0,2,Business,Bachelor,0,1,3
19,0,26826.0,4.14,70.7,23.9,1,0,7.3,0.63,2,Arts,Bachelor,0,1,0
23,1,25000.0,3.92,79.9,34.0,0,1,6.7,0.05,4,Business,Master,0,2,3
19,0,25000.0,4.26,85.2,23.9,1,0,5.1,2.33,1,Business,High School,0,0,3
24,1,25000.0,4.04,82.4,23.0,1,0,4.7,3.31,3,Science,Bachelor,0,1,4
17,1,25000.0,4.59,81.8,28.6,1,0,6.7,3.16,4,CS,High School,0,0,2
22,0,87769.0,2.86,81.9,33.2,1,0,3.9,2.28,3,Engineering,Master,0,2,1
22,0,25000.0,3.91,78.3,44.7,1,1,5.9,3.04,1,Arts,High School,0,0,0
19,0,47362.0,4.04,98.0,38.5,1,0,7.7,1.41,1,CS,Master,1,2,2
21,1,25000.0,2.88,84.6,43.3,0,0,8.2,0.82,2,Engineering,Master,0,2,1
23,0,25000.0,2.72,84.5,51.3,0,0,4.6,2.05,3,CS,High School,1,0,2
17,1,25000.0,3.26,71.4,23.0,0,0,2.6,3.82,3,Business,Bachelor,0,1,3
22,1,26334.0,4.23,79.5,38.5,1,1,4.2,3.14,3,Arts,High School,0,0,0
17,1,127156.0,2.59,77.8,39.0,1,0,7.0,2.8,2,Science,Master,0,2,4
18,1,39189.0,5.22,81.8,33.1,1,0,4.2,2.45,3,Business,Bachelor,0,1,3
24,0,82238.0,3.2,79.4,40.7,0,0,7.4,1.91,1,Arts,Bachelor,0,1,0
19,1,25523.0,3.99,77.1,31.1,1,1,4.2,2.51,1,Arts,Bachelor,0,1,0
18,1,67435.0,4.87,80.2,38.0,1,0,4.5,1.86,4,CS,Bachelor,0,1,2
20,1,29684.0,3.965,73.3,13.0,1,0,5.5,1.9,4,Science,Bachelor,0,1,4
25,1,27844.0,5.77,86.8,30.0,1,0,7.2,1.7,4,Arts,Bachelor,1,1,0
17,1,25000.0,2.85,88.4,38.5,0,1,2.6,3.18,1,Arts,Bachelor,0,1,0
18,0,25000.0,5.73,86.0,42.3,1,1,6.0,2.35,3,Business,High School,0,0,3
24,1,25000.0,4.68,88.8,19.7,1,0,6.0,1.75,4,Arts,High School,0,0,0
25,1,31230.0,1.65,88.3,29.0,0,0,3.7,2.76,3,Engineering,Bachelor,0,1,1
20,1,100566.0,3.8,71.7,17.2,1,0,6.1,0.21,4,CS,Bachelor,0,1,2
18,1,25000.0,2.98,93.9,25.3,0,0,5.2,2.12,4,CS,Bachelor,0,1,2
25,0,30816.0,6.13,89.0,33.8,0,0,3.5,3.35,3,Business,Master,0,2,3
24,1,25000.0,4.27,66.7,42.4,1,1,5.4,0.93,3,CS,Master,0,2,2
22,1,25000.0,1.48,75.9,40.8,1,0,3.6,1.86,1,CS,Bachelor,0,1,2
19,0,35841.0,5.64,72.1,32.7,0,1,4.3,4.0,1,CS,Bachelor,0,1,2
20,1,40439.0,4.71,85.5,22.2,1,0,7.1,2.67,1,Engineering,Master,0,2,1
20,0,42337.0,4.54,77.7,28.3,1,1,4.9,2.37,2,CS,Bachelor,0,1,2
21,1,37739.0,4.03,82.2,60.4,1,1,7.0,1.73,4,CS,Bachelor,0,1,2
24,0,29718.0,4.12,95.9,13.2,0,1,5.5,1.66,3,Engineering,Bachelor,0,1,1
22,1,30560.0,6.06,93.6,15.5,1,0,3.8,3.29,3,Business,Master,0,2,3
18,0,25000.0,3.69,74.3,32.1,1,0,6.4,2.66,1,Business,High School,0,0,3
24,0,25000.0,5.87,85.7,38.5,1,1,6.5,2.37,2,Engineering,High School,0,0,1
21,0,25000.0,4.02,96.6,40.4,1,0,3.3,2.04,4,Engineering,High School,0,0,1
22,0,27426.0,3.75,74.7,33.5,0,1,7.5,0.0,1,Science,Bachelor,0,1,4
24,1,63093.0,1.75,89.7,11.8,0,0,8.2,0.0,2,Science,High School,0,0,4
18,0,27991.0,3.08,80.7,27.4,1,1,6.6,1.98,2,Engineering,Bachelor,1,1,1
20,1,26425.0,5.72,74.5,8.8,1,0,5.6,2.87,4,Science,Bachelor,0,1,4
19,1,37471.0,4.94,94.1,34.7,1,0,9.1,1.83,3,Business,Master,1,2,3
17,1,25286.0,4.68,78.6,35.5,1,1,6.5,1.76,3,CS,High School,0,0,2
21,1,48355.0,4.77,80.8,28.5,1,0,5.9,1.97,4,Science,Master,0,2,4
26,0,97499.0,4.0,79.2,15.8,1,0,8.6,0.69,1,CS,Bachelor,0,1,2
17,0,110688.0,3.39,90.4,20.2,1,0,8.4,1.24,4,Business,High School,0,0,3
20,1,31515.0,2.96,89.9,10.5,0,0,2.9,3.21,1,Business,High School,0,0,3
22,0,36393.0,3.4,76.1,29.4,0,0,4.6,0.64,4,CS,High School,0,0,2
21,1,76674.0,4.18,82.9,68.0,0,0,6.6,0.6,3,CS,Master,1,2,2
20,0,27174.0,3.0,85.0,28.8,0,0,7.7,1.44,1,Arts,High School,0,0,0
18,1,44690.0,4.02,89.8,25.0,0,0,3.4,2.19,4,Arts,Bachelor,0,1,0
21,0,25000.0,4.1,77.1,32.6,1,0,7.1,2.14,4,Engineering,High School,0,0,1
19,1,25000.0,3.76,93.1,16.2,0,0,4.8,1.79,1,Science,High School,1,0,4
17,0,59496.0,1.86,88.5,16.6,0,0,6.8,3.01,3,Science,PhD,0,3,4
23,0,25000.0,2.63,74.4,22.6,1,1,4.5,2.01,1,CS,Master,0,2,2
23,1,27534.0,3.79,85.9,40.6,1,0,1.3,3.22,3,Engineering,Bachelor,0,1,1
21,0,25000.0,1.22,85.9,34.0,1,1,2.3,3.61,4,Science,Bachelor,0,1,4
21,1,99058.0,5.33,76.3,28.1,0,1,3.5,3.96,2,CS,High School,0,0,2
23,1,63438.0,5.69,85.4,39.0,1,0,4.4,3.38,3,Business,Master,0,2,3
21,0,33285.0,5.11,82.0,50.5,1,1,5.5,3.04,3,Business,Bachelor,0,1,3
23,1,40316.0,4.37,69.7,38.8,1,0,4.6,1.12,3,Engineering,High School,1,0,1
20,0,28160.0,3.73,41.4,17.8,1,0,5.5,1.78,2,CS,Master,0,2,2
23,1,68226.0,4.4,98.4,7.4,1,1,4.6,3.76,1,Business,Bachelor,0,1,3
21,0,25000.0,5.83,81.0,9.1,1,1,5.5,3.39,4,CS,Bachelor,0,1,2
21,1,46137.0,2.53,82.9,40.4,0,0,7.2,2.25,3,Engineering,High School,0,0,1
18,0,56752.0,7.32,73.8,20.9,0,0,5.5,2.03,2,Business,Bachelor,1,1,3
21,0,61648.0,5.06,77.2,39.8,1,0,6.5,1.88,2,Arts,High School,1,0,0
19,1,25000.0,2.62,99.3,24.5,1,0,6.8,2.11,3,Arts,Bachelor,0,1,0
19,0,25000.0,2.69,100.0,34.7,0,1,5.2,4.0,2,Arts,High School,0,0,0
19,0,25000.0,3.34,67.2,38.4,1,0,2.3,2.5,4,Business,Bachelor,0,1,3
18,1,32525.0,3.93,82.5,20.6,1,0,6.0,0.53,1,Science,Master,1,2,4
25,1,25000.0,3.51,96.9,39.9,1,0,4.3,2.63,1,Business,Bachelor,0,1,3
23,0,25000.0,0.5,83.6,22.1,1,1,7.1,1.22,2,Engineering,Master,1,2,1
25,0,109322.0,2.31,87.5,21.6,1,1,8.0,3.6,3,Arts,High School,0,0,0
18,0,43071.0,3.99,80.6,39.9,1,1,5.0,2.94,4,Engineering,High School,0,0,1
21,0,31972.0,4.25,86.1,37.6,0,0,5.8,4.0,1,Science,Bachelor,0,1,4
18,0,36983.0,5.17,93.6,35.5,0,0,6.7,4.0,4,CS,Bachelor,0,1,2
19,0,32461.0,3.13,86.2,16.8,0,1,4.0,2.18,1,Engineering,Bachelor,0,1,1
19,1,54090.0,4.19,72.3,25.4,1,1,5.5,2.44,3,CS,Master,0,2,2
23,1,25000.0,4.01,77.0,38.3,1,0,2.7,4.0,4,Business,Master,0,2,3
20,0,33255.0,2.91,88.2,57.4,1,0,7.4,1.82,2,Science,Bachelor,0,1,4
23,0,34080.0,4.81,81.5,51.7,1,0,8.5,2.96,2,Arts,Bachelor,0,1,0
22,1,25000.0,4.63,77.6,24.4,1,0,5.7,1.21,1,Arts,High School,1,0,0
26,0,63971.0,7.01,73.3,22.1,0,1,4.1,3.28,3,Arts,High School,1,0,0
17,1,25000.0,5.39,74.0,50.8,0,1,6.0,2.62,3,Engineering,High School,0,0,1
23,1,54746.0,1.99,76.3,37.2,0,0,3.2,1.82,4,Engineering,Bachelor,0,1,1
23,1,29219.0,4.13,85.7,24.4,1,0,5.5,3.96,3,Business,High School,0,0,3
18,0,79233.0,2.14,77.9,31.5,0,1,4.7,3.38,2,Arts,Master,0,2,0
23,1,25000.0,5.92,83.4,15.0,1,0,4.6,2.37,3,Business,Bachelor,0,1,3
21,1,25000.0,3.62,83.3,42.1,0,1,5.9,1.44,4,Science,Bachelor,1,1,4
20,1,25000.0,4.41,88.2,46.8,0,0,6.3,2.84,3,CS,Master,0,2,2
19,1,32208.0,5.71,75.4,48.5,0,0,5.5,3.42,2,Business,Bachelor,0,1,3
19,0,74973.0,4.61,94.9,43.5,1,0,7.1,1.1,1,Arts,Bachelor,0,1,0
25,0,77331.0,5.06,67.9,26.2,0,0,6.2,1.69,4,Engineering,Bachelor,0,1,1
21,1,25000.0,3.16,79.4,40.7,1,0,4.6,0.65,3,Business,Bachelor,0,1,3
22,1,34538.0,2.79,78.6,47.5,1,1,5.3,2.23,3,CS,High School,0,0,2
19,1,25000.0,4.04,75.7,41.3,1,0,5.4,3.76,4,Science,Bachelor,0,1,4
19,1,47907.0,4.86,64.4,40.2,1,0,4.8,2.51,4,Business,Bachelor,1,1,3
23,0,58157.0,3.87,91.7,32.3,1,1,6.4,0.68,2,Business,PhD,0,3,3
18,0,29023.0,6.13,88.6,19.1,1,0,1.7,2.58,4,Business,Master,0,2,3
20,1,31269.0,4.74,86.0,52.3,0,0,5.6,2.95,2,CS,High School,0,0,2
21,0,31076.0,3.6,76.2,29.6,1,0,6.1,2.87,1,Science,Bachelor,0,1,4
21,1,25000.0,3.8,78.0,44.6,1,0,6.6,1.5,1,Science,Bachelor,1,1,4
20,0,38523.0,3.28,79.3,59.7,0,1,7.5,2.36,3,Arts,Bachelor,0,1,0
21,1,25878.0,4.62,80.1,40.9,1,0,5.2,3.69,2,Business,Bachelor,1,1,3
22,1,51957.0,3.49,88.4,44.1,0,0,7.0,1.49,4,Arts,Bachelor,1,1,0
22,0,27773.0,4.26,78.0,18.8,0,0,6.6,1.8,3,CS,Bachelor,1,1,2
18,0,25000.0,5.99,75.1,21.3,0,1,6.0,2.25,3,Science,Bachelor,0,1,4
20,1,25000.0,4.59,83.2,45.2,1,0,3.0,1.69,3,CS,High School,0,0,2
23,1,25000.0,3.93,82.3,23.4,0,0,7.5,2.41,3,CS,Bachelor,0,1,2
23,1,65350.0,3.71,86.0,13.9,0,0,5.7,3.53,1,Business,Bachelor,0,1,3
18,0,25000.0,5.72,93.1,10.1,1,1,5.0,2.82,2,Engineering,Bachelor,0,1,1
21,0,36430.0,4.51,78.7,27.4,0,1,3.4,2.89,2,CS,High School,0,0,2
17,0,86676.0,4.99,89.5,27.2,1,0,1.1,3.97,4,Science,Bachelor,0,1,4
21,0,25000.0,3.25,83.1,42.0,1,0,8.9,1.48,1,Business,Bachelor,0,1,3
25,1,25000.0,2.27,90.2,18.1,1,0,6.1,0.75,3,Business,High School,1,0,3
18,1,27466.0,5.67,91.9,46.5,1,0,3.5,2.65,4,Business,Bachelor,0,1,3
19,0,30262.0,5.39,75.9,15.4,1,0,3.2,2.86,4,Arts,High School,0,0,0
22,0,92275.0,2.63,97.8,15.8,1,1,5.0,3.29,2,CS,Bachelor,0,1,2
17,0,76076.0,5.09,83.4,31.7,0,1,7.0,1.5,4,Science,Master,1,2,4
19,1,43154.0,5.78,72.8,30.6,1,0,6.6,2.91,2,Business,High School,0,0,3
22,0,70944.0,3.49,72.9,37.0,0,1,6.7,2.78,3,CS,Bachelor,0,1,2
19,1,26717.0,3.94,93.8,15.9,0,0,3.9,3.29,4,CS,Bachelor,0,1,2
20,0,35579.0,6.49,92.5,34.2,1,0,5.2,1.24,4,Business,Bachelor,1,1,3
22,1,25000.0,5.64,90.8,9.9,0,0,5.7,3.69,2,Engineering,High School,0,0,1
21,0,25000.0,3.05,77.7,5.0,1,0,5.4,0.66,2,Arts,PhD,1,3,0
21,0,61226.0,3.17,79.0,51.9,1,1,6.5,2.27,3,Business,Bachelor,0,1,3
20,1,40905.0,3.7,69.4,42.6,1,1,8.3,1.91,1,Engineering,High School,1,0,1
21,1,30057.0,4.34,79.7,30.0,0,1,5.9,2.43,3,Science,Bachelor,0,1,4
20,0,29689.0,4.69,83.4,5.7,1,0,4.4,3.61,4,Engineering,High School,0,0,1
22,0,25000.0,2.37,94.0,24.5,0,0,2.9,2.39,4,Arts,Master,0,2,0
19,0,25000.0,3.21,79.8,35.4,0,1,5.8,2.52,3,CS,High School,0,0,2
20,0,36377.0,1.57,79.3,24.5,0,1,4.3,0.83,3,Business,High School,0,0,3
18,1,25000.0,4.99,84.3,48.7,0,0,6.3,3.98,2,Arts,High School,0,0,0
20,1,26092.0,4.07,88.8,37.6,1,0,6.2,1.79,2,Engineering,Bachelor,0,1,1
19,0,27923.0,3.71,94.4,18.9,1,0,8.3,2.63,3,Arts,Master,0,2,0
18,0,25000.0,3.44,76.4,10.9,1,0,5.9,2.96,1,Arts,High School,0,0,0
21,0,25000.0,3.79,80.6,40.5,1,0,6.3,2.97,1,CS,Bachelor,0,1,2
21,0,25000.0,4.53,83.1,40.1,1,1,4.3,2.93,1,CS,High School,1,0,2
22,0,27230.0,2.45,79.9,39.1,1,0,2.9,2.38,1,Engineering,High School,0,0,1
20,1,43095.0,3.04,77.0,50.2,1,0,7.4,2.08,2,CS,Bachelor,0,1,2
21,0,25000.0,2.68,79.9,35.5,0,0,7.7,0.7,2,Engineering,Bachelor,1,1,1
22,1,29307.0,0.66,72.3,31.1,1,1,4.9,1.85,3,CS,PhD,0,3,2
22,1,35196.0,6.31,77.2,39.2,0,0,2.0,4.0,4,Arts,Master,0,2,0
19,1,25000.0,4.88,72.1,44.8,1,0,7.9,1.11,3,Engineering,Bachelor,1,1,1
21,1,69793.0,2.94,82.1,38.2,0,0,7.6,1.06,3,Engineering,High School,0,0,1
21,1,25000.0,4.31,78.9,30.4,1,0,5.3,4.0,1,Engineering,Master,0,2,1
21,1,27980.0,2.49,77.6,41.6,0,0,7.4,2.38,3,Engineering,Bachelor,0,1,1
17,0,26990.0,4.65,82.1,31.2,1,0,5.4,3.15,2,Business,Bachelor,0,1,3
21,0,25000.0,7.12,62.2,24.1,1,0,5.9,1.2,3,Engineering,Master,0,2,1
25,0,54462.0,5.24,79.5,31.5,0,0,2.6,3.8,1,Science,High School,0,0,4
20,1,25000.0,1.43,83.6,26.2,0,0,7.7,0.28,4,Engineering,Master,1,2,1
19,1,25799.0,2.0,89.8,29.0,0,0,2.3,4.0,1,CS,Bachelor,0,1,2
21,0,29718.0,4.05,86.9,19.8,1,0,5.5,1.63,3,Arts,Bachelor,1,1,0
21,1,71435.0,3.46,92.2,42.0,1,1,8.8,0.95,3,CS,High School,0,0,2
23,1,25000.0,3.91,70.5,32.6,1,1,1.0,1.66,3,Science,PhD,0,3,4
18,1,25000.0,5.83,90.4,38.5,1,0,8.3,1.17,2,Business,Bachelor,0,1,3
22,1,68149.0,2.24,84.4,35.8,1,0,5.1,3.15,2,CS,Bachelor,0,1,2
22,1,39270.0,4.03,77.7,19.2,1,1,6.3,1.68,1,Arts,PhD,0,3,0
20,0,44476.0,0.57,82.9,45.9,0,1,3.0,3.09,1,Arts,Bachelor,0,1,0
21,0,25000.0,2.66,100.0,27.3,1,0,4.9,1.81,3,Arts,Master,0,2,0
23,1,25000.0,2.26,83.2,25.7,0,0,3.4,0.59,1,Science,Bachelor,1,1,4
22,0,26884.0,1.22,82.6,32.6,1,0,4.1,1.24,4,Engineering,High School,0,0,1
18,0,25000.0,4.99,88.9,32.8,1,1,7.7,2.05,1,Business,Bachelor,0,1,3
22,1,25000.0,3.15,80.2,61.2,1,1,7.3,3.49,4,Science,High School,0,0,4
20,1,25000.0,4.23,75.7,37.2,0,1,7.0,3.74,2,Science,Bachelor,0,1,4
21,1,67008.0,2.2,93.2,24.2,0,0,4.5,4.0,1,Science,High School,0,0,4
21,0,30807.0,5.53,70.5,52.8,0,0,4.3,2.95,3,Arts,Bachelor,1,1,0
20,1,67817.0,2.76,82.3,10.4,1,0,2.5,3.94,2,CS,High School,0,0,2
23,0,33104.0,5.45,81.5,24.2,1,0,6.7,1.45,4,Business,Bachelor,1,1,3
20,0,25000.0,5.39,75.3,23.3,0,0,9.0,2.44,3,Business,High School,0,0,3
18,1,63996.0,4.33,71.5,29.9,1,1,8.1,1.31,4,Arts,Bachelor,0,1,0
20,0,33772.0,4.46,81.0,34.2,0,0,5.6,1.12,1,Business,Bachelor,1,1,3
21,0,52950.0,2.68,84.9,35.2,1,0,6.4,2.3,4,CS,Bachelor,0,1,2
23,1,25000.0,1.89,90.4,35.0,1,0,5.9,0.83,1,Engineering,High School,1,0,1
22,0,55451.0,4.25,75.8,37.6,1,0,7.1,0.0,2,Business,Bachelor,1,1,3
19,1,56463.0,4.28,75.7,29.3,1,0,8.6,2.37,1,Arts,Bachelor,0,1,0
26,1,35379.0,3.51,94.2,45.5,0,0,4.5,3.88,2,Arts,High School,0,0,0
21,1,25000.0,2.93,78.3,10.7,0,0,4.5,4.0,3,Science,Bachelor,0,1,4
23,0,28923.0,2.88,79.3,5.0,1,0,5.0,1.5,1,Business,Bachelor,0,1,3
20,1,42906.0,2.08,91.8,38.9,0,0,5.4,2.82,4,Engineering,High School,0,0,1
22,0,34226.0,5.24,68.8,26.0,1,1,6.8,2.52,3,CS,Bachelor,0,1,2
22,1,42644.0,3.09,72.4,50.6,0,1,5.4,0.96,2,Arts,Bachelor,1,1,0
23,0,54576.0,2.77,93.1,42.5,0,0,4.0,2.12,4,Business,High School,0,0,3
23,0,25000.0,4.82,77.2,37.1,1,1,4.0,1.15,4,Arts,High School,0,0,0
22,1,25000.0,3.32,77.7,24.2,0,0,3.4,2.69,1,Arts,Master,0,2,0
20,0,29070.0,3.22,78.4,38.1,0,0,5.3,2.43,4,CS,High School,1,0,2
19,0,25000.0,5.47,79.4,25.2,1,0,7.4,2.74,2,Arts,Bachelor,0,1,0
21,0,47644.0,2.5,78.3,30.7,0,0,6.3,0.0,1,Business,High School,1,0,3
23,1,25000.0,2.58,83.1,26.1,1,1,6.5,2.54,1,Arts,High School,0,0,0
20,0,54843.0,1.54,92.0,33.1,0,1,3.5,2.34,1,Business,Bachelor,1,1,3
23,0,66981.0,3.97,75.6,27.0,0,1,3.4,3.28,2,Business,Bachelor,0,1,3
24,0,29738.0,3.23,77.3,42.0,0,1,5.8,0.12,3,Arts,Bachelor,1,1,0
19,1,30836.0,6.42,82.3,35.4,0,1,7.7,3.8,4,Arts,Bachelor,0,1,0
19,1,25000.0,3.23,94.6,23.9,0,0,7.0,1.73,1,Arts,Bachelor,0,1,0
20,0,25000.0,4.84,79.6,24.6,1,1,4.3,2.13,3,Arts,Bachelor,1,1,0
21,0,25000.0,2.87,74.8,14.8,1,1,9.6,0.74,3,Business,High School,0,0,3
19,0,70669.0,5.06,65.8,6.6,1,0,1.8,2.0,3,Business,Bachelor,0,1,3
24,0,28478.0,5.89,75.9,41.2,0,1,5.6,3.36,2,Engineering,Bachelor,0,1,1
21,0,25000.0,3.32,75.1,25.7,0,0,5.7,2.08,2,CS,High School,0,0,2
21,0,34656.0,3.78,72.5,15.4,1,0,5.1,2.62,4,Business,Master,0,2,3
17,1,48814.0,3.72,82.6,35.3,1,0,6.4,1.3,3,Business,Bachelor,1,1,3
18,1,29283.0,4.35,79.9,21.3,0,1,5.1,3.41,2,Arts,High School,0,0,0
21,0,71792.0,5.29,93.4,29.2,0,1,2.8,3.23,2,Business,Bachelor,0,1,3
17,1,47406.0,3.19,83.7,14.5,0,0,5.3,1.29,2,Arts,Bachelor,0,1,0
23,1,25000.0,5.36,90.1,37.8,0,1,5.8,3.35,3,Engineering,High School,0,0,1
20,1,25000.0,4.26,80.6,31.1,1,0,7.1,2.49,2,Arts,Bachelor,0,1,0
28,1,34055.0,6.05,75.0,36.0,0,0,8.1,1.62,1,Science,Bachelor,1,1,4
26,0,25000.0,4.44,87.0,24.9,0,0,4.0,3.56,1,Business,Master,0,2,3
20,0,36381.0,2.17,73.0,33.0,1,0,8.5,1.21,2,CS,Master,1,2,2
20,1,25000.0,4.93,91.3,12.5,0,1,4.7,3.12,1,Science,Bachelor,0,1,4
23,0,54943.0,4.01,76.0,57.3,1,0,4.6,1.21,4,Business,PhD,0,3,3
24,0,51245.0,3.63,87.9,35.0,1,0,4.8,2.03,2,Arts,High School,0,0,0
17,0,40250.0,4.68,85.0,50.5,0,0,2.0,1.54,3,Arts,Bachelor,0,1,0
17,0,29718.0,3.85,59.2,26.8,1,1,5.5,3.78,1,Arts,Bachelor,0,1,0
19,1,32929.0,3.75,91.7,17.4,1,0,7.9,2.25,4,Science,High School,0,0,4
22,0,25000.0,3.32,97.4,24.1,0,0,6.4,2.45,2,Engineering,Master,0,2,1
22,0,25000.0,4.89,76.0,29.5,1,0,5.9,1.48,1,Arts,High School,0,0,0
23,0,25000.0,3.58,76.8,28.6,1,0,6.1,2.63,4,Arts,Bachelor,0,1,0
18,0,45205.0,4.19,82.5,52.3,1,1,7.8,3.94,3,Engineering,Master,0,2,1
17,1,30525.0,4.21,88.9,19.7,1,0,3.9,2.96,1,Business,Bachelor,0,1,3
22,0,70999.0,4.64,91.8,22.7,0,0,7.1,2.82,2,Engineering,High School,0,0,1
19,1,47074.0,3.38,79.1,38.6,1,0,5.6,1.84,2,Science,Bachelor,0,1,4
17,1,44144.0,5.57,83.1,11.0,1,0,4.1,1.91,3,Arts,High School,0,0,0
21,1,25000.0,5.35,79.2,29.5,0,0,6.3,2.34,2,Engineering,Bachelor,0,1,1
22,0,25057.0,6.44,78.7,31.7,1,0,5.7,2.36,4,Arts,PhD,0,3,0
20,0,25000.0,2.83,77.7,35.2,0,1,4.0,3.69,2,Arts,Bachelor,0,1,0
20,1,26641.0,4.24,71.1,34.2,1,0,3.6,0.98,1,Science,High School,1,0,4
20,1,25000.0,1.94,88.9,53.9,1,0,4.7,1.48,4,Business,High School,0,0,3
20,0,25000.0,2.54,82.8,19.4,1,1,4.6,2.03,1,Science,High School,0,0,4
18,0,56201.0,4.97,94.2,22.3,0,0,7.7,3.26,3,Arts,Master,0,2,0
19,0,39543.0,3.85,88.6,37.3,0,1,5.1,1.85,4,Science,Bachelor,0,1,4
22,1,54408.0,2.74,78.8,32.7,0,1,4.8,3.22,2,Arts,Bachelor,0,1,0
21,0,25000.0,5.01,72.9,34.2,1,0,7.5,2.29,1,CS,High School,0,0,2
21,1,30785.0,4.44,96.9,13.1,0,0,7.9,2.51,3,Engineering,Bachelor,0,1,1
18,1,53105.0,0.89,68.4,56.2,1,0,4.0,1.58,4,Arts,Master,0,2,0
20,1,73407.0,5.44,79.3,35.4,0,0,3.3,3.39,4,Science,High School,0,0,4
17,1,25000.0,4.08,79.4,11.0,0,0,6.4,1.9,1,Business,PhD,1,3,3
21,0,25000.0,3.29,76.8,37.3,0,1,5.1,3.2,2,Business,PhD,0,3,3
24,1,55300.0,2.25,75.2,16.8,1,0,4.5,0.79,4,Arts,Bachelor,0,1,0
17,1,26493.0,4.6,72.2,41.1,1,1,7.4,0.59,4,Business,Bachelor,1,1,3
19,1,25000.0,3.37,76.2,14.2,0,0,5.0,0.09,3,Engineering,Bachelor,1,1,1
21,0,25000.0,3.81,81.6,42.1,0,0,9.0,3.42,3,Arts,Master,1,2,0
23,1,25000.0,4.07,84.4,15.4,1,0,5.6,3.1,1,Engineering,Bachelor,0,1,1
20,0,25000.0,4.68,77.8,18.3,0,0,5.8,2.93,3,Arts,High School,0,0,0
19,0,30794.0,4.37,77.8,31.7,1,0,9.5,0.0,4,Engineering,Bachelor,1,1,1
17,1,50909.0,5.97,73.7,22.7,1,0,6.1,3.43,4,Arts,Bachelor,0,1,0
21,1,25000.0,1.69,83.3,23.3,0,1,4.2,3.98,1,Arts,PhD,0,3,0
25,1,34705.0,3.25,82.4,11.6,1,1,3.7,3.06,3,Business,High School,1,0,3
21,0,49373.0,5.41,85.0,26.0,1,0,4.7,2.12,2,Engineering,High School,0,0,1
21,1,29684.0,6.68,77.7,40.6,1,0,5.9,3.8,2,Arts,Bachelor,0,1,0
21,0,25000.0,5.52,74.7,52.5,1,0,7.1,1.43,4,Science,High School,1,0,4
21,1,37486.0,4.66,81.8,39.9,1,1,2.8,3.19,3,Business,High School,0,0,3
19,0,28774.0,5.14,86.2,38.2,0,0,5.5,2.77,3,Arts,High School,0,0,0
22,1,27068.0,5.1,74.9,9.7,0,1,7.8,0.92,3,Arts,Bachelor,0,1,0
21,1,25000.0,3.25,77.0,29.7,0,0,6.0,2.27,1,Engineering,High School,0,0,1
21,0,31322.0,4.79,72.2,22.2,1,1,7.9,1.48,2,Business,Bachelor,1,1,3
18,0,40372.0,2.74,72.6,11.9,0,0,2.8,1.93,4,Business,Master,0,2,3
23,1,124790.0,4.18,77.6,14.7,0,1,5.1,2.37,2,Science,Master,0,2,4
22,1,31806.0,3.37,75.3,38.0,1,0,5.7,2.53,3,Engineering,Bachelor,0,1,1
19,1,73621.0,4.62,88.4,23.3,1,0,6.5,2.2,4,CS,High School,0,0,2
23,1,36852.0,3.31,82.2,12.3,0,1,4.0,1.37,3,Engineering,Bachelor,0,1,1
19,0,28009.0,4.1,92.1,22.4,0,1,6.2,3.52,2,Engineering,High School,0,0,1
19,0,32504.0,2.69,92.2,33.5,1,0,6.4,1.28,1,CS,Bachelor,0,1,2
19,0,25000.0,3.52,82.1,21.9,1,0,5.4,2.62,2,Science,High School,0,0,4
17,0,35722.0,5.51,66.0,15.5,1,0,6.3,1.78,3,Arts,Bachelor,0,1,0
22,1,25000.0,1.59,85.2,19.0,0,1,6.1,1.75,2,Business,PhD,0,3,3
17,0,25000.0,4.08,91.2,40.6,1,0,4.3,3.52,3,Science,PhD,1,3,4
18,1,31758.0,5.83,87.1,5.1,1,0,5.2,2.66,2,Engineering,Bachelor,0,1,1
17,1,60864.0,5.16,84.8,26.8,0,1,3.3,3.46,3,Science,Bachelor,0,1,4
20,1,70149.0,4.11,80.0,28.6,0,1,2.8,2.0,2,Science,PhD,0,3,4
20,1,25799.0,4.98,72.6,20.9,1,0,6.0,0.55,3,Business,Bachelor,1,1,3
20,0,32644.0,3.04,87.0,18.5,1,0,2.1,3.87,1,Science,Bachelor,0,1,4
18,1,53670.0,4.95,80.4,41.8,0,1,5.1,1.92,1,Science,PhD,1,3,4
18,0,25000.0,5.6,84.5,41.8,0,0,6.2,3.98,3,Business,Master,1,2,3
22,0,37905.0,4.31,77.3,31.3,1,1,5.5,1.52,1,Arts,High School,1,0,0
19,1,25000.0,5.31,98.0,23.5,1,1,9.4,0.17,2,Engineering,High School,1,0,1
21,0,26820.0,2.68,83.9,31.4,1,0,6.3,0.5,4,Business,Master,1,2,3
19,1,28160.0,4.13,64.0,34.9,1,0,5.5,3.01,3,Business,Master,1,2,3
21,1,38608.0,5.02,72.9,28.7,0,0,6.6,0.3,1,Engineering,Master,0,2,1
23,1,41365.0,7.21,70.8,35.2,1,0,3.1,3.71,4,Science,Master,0,2,4
22,0,29803.5,4.05,87.0,25.8,0,0,5.5,1.08,4,Arts,High School,1,0,0
20,1,36641.0,5.15,77.3,5.0,0,1,4.6,3.82,4,CS,Bachelor,0,1,2
21,0,32958.0,0.5,78.4,27.7,0,1,7.5,2.08,3,CS,High School,0,0,2
20,1,90437.0,4.8,77.7,38.2,0,1,6.2,2.03,3,Science,Bachelor,0,1,4
21,0,25000.0,3.36,73.3,30.4,1,0,6.6,1.48,4,Arts,Bachelor,0,1,0
20,1,82237.0,6.6,79.7,34.1,1,0,4.5,0.85,4,Engineering,High School,1,0,1
20,0,25000.0,5.01,82.5,26.7,0,1,3.4,3.84,2,Science,High School,0,0,4
21,0,41879.0,4.11,73.9,27.7,1,0,3.4,3.69,1,CS,High School,0,0,2
18,0,25000.0,3.29,84.7,32.1,1,0,2.4,2.08,1,Science,High School,1,0,4
18,0,25000.0,5.67,72.2,53.3,1,0,4.8,1.05,3,Engineering,High School,1,0,1
17,1,39765.0,5.7,78.5,40.1,1,0,4.4,2.62,3,Science,Bachelor,0,1,4
17,0,55563.0,2.95,84.9,38.5,0,1,7.3,2.1,3,Science,Bachelor,0,1,4
18,0,39490.0,5.52,81.9,32.5,1,0,3.6,3.51,2,Engineering,High School,0,0,1
21,1,25000.0,5.32,68.9,14.0,0,1,9.4,1.65,1,Business,High School,1,0,3
19,0,259577.0,4.36,59.7,44.7,0,0,3.7,1.01,4,Engineering,Bachelor,0,1,1
22,0,61031.0,5.08,86.5,40.9,0,0,3.9,3.19,4,Arts,High School,0,0,0
21,1,52052.0,4.74,87.5,34.4,0,0,2.8,3.99,3,Science,High School,0,0,4
17,0,25000.0,2.65,85.5,29.5,1,1,5.5,1.79,2,Business,Bachelor,1,1,3
22,0,25000.0,4.47,80.2,36.6,1,0,4.9,2.12,3,Engineering,Master,1,2,1
22,0,25137.0,3.83,80.0,27.2,1,0,5.3,1.2,1,CS,Bachelor,0,1,2
18,0,56888.0,2.59,81.1,38.7,1,0,6.2,1.66,4,Arts,Bachelor,1,1,0
21,1,25000.0,2.98,86.7,19.9,0,0,7.3,0.0,1,Science,High School,0,0,4
19,0,25000.0,1.84,80.9,7.1,0,1,3.4,2.63,1,Business,High School,0,0,3
21,1,41099.0,1.74,85.0,15.6,1,1,5.5,1.01,1,Arts,Master,1,2,0
18,0,36009.0,3.25,92.5,31.7,1,0,7.0,1.87,1,Science,High School,1,0,4
17,0,25000.0,5.44,74.3,26.4,1,0,3.5,3.96,3,Arts,High School,0,0,0
20,0,25000.0,2.32,80.5,28.2,0,1,10.0,0.0,1,Arts,High School,1,0,0
20,1,29219.0,3.955,75.1,14.4,1,0,5.5,0.0,1,Engineering,High School,1,0,1
20,1,36835.0,6.49,78.9,33.6,1,0,5.4,2.26,1,Engineering,Bachelor,0,1,1
18,1,25000.0,2.76,81.2,17.6,0,0,3.5,2.07,3,Engineering,High School,0,0,1
20,1,25000.0,4.04,75.0,36.0,1,1,3.7,2.06,4,Science,Master,1,2,4
21,0,25000.0,4.65,69.0,13.0,0,0,5.9,3.52,4,Engineering,Bachelor,0,1,1
20,0,46152.0,3.74,71.5,19.9,1,0,6.7,3.88,1,Arts,High School,0,0,0
21,0,42489.0,3.94,85.5,18.3,1,0,2.2,2.65,4,Arts,Bachelor,0,1,0
19,0,58630.0,2.95,76.7,36.9,1,0,3.8,1.83,1,Science,High School,0,0,4
23,0,25000.0,3.16,80.3,24.5,1,1,5.8,2.13,2,Science,Bachelor,1,1,4
18,0,34007.0,4.42,82.4,35.1,1,0,3.0,3.7,4,CS,Master,0,2,2
22,0,69951.0,2.44,89.3,43.7,0,0,5.0,3.29,3,Engineering,High School,1,0,1
23,0,66150.0,5.86,79.7,51.4,0,0,6.3,1.79,4,CS,Bachelor,0,1,2
22,0,36877.0,1.67,84.0,32.8,0,0,5.2,1.51,3,Science,Master,0,2,4
20,0,121639.0,4.28,72.9,16.8,1,0,4.2,2.46,2,Science,Master,1,2,4
19,1,42855.0,2.62,80.7,45.0,1,1,5.7,2.75,4,Engineering,Bachelor,0,1,1
23,0,55584.0,4.61,74.2,48.1,1,1,6.4,1.11,1,CS,High School,1,0,2
17,1,30536.0,2.74,80.9,29.3,1,0,3.8,2.72,1,Business,Master,0,2,3
18,1,29684.0,4.265000000000001,83.0,45.8,1,0,5.5,2.21,4,Engineering,Bachelor,0,1,1
20,0,25000.0,5.06,80.1,34.0,1,1,6.1,2.4,3,Business,Bachelor,0,1,3
23,0,33156.0,5.17,78.6,10.1,1,1,6.4,3.65,4,Engineering,High School,0,0,1
21,0,29684.0,3.87,84.2,22.4,1,0,5.5,1.51,2,Arts,Bachelor,1,1,0
18,1,25000.0,5.96,78.8,23.9,0,0,5.7,3.19,1,Arts,High School,0,0,0
20,0,25000.0,4.07,78.7,25.6,0,1,5.2,1.7,2,Business,High School,0,0,3
19,0,25000.0,3.95,73.6,18.8,0,0,5.0,3.09,1,Science,Bachelor,0,1,4
19,0,45999.0,4.72,86.0,18.4,1,0,6.8,2.76,1,CS,High School,0,0,2
23,1,29447.0,1.88,81.7,46.2,1,0,5.3,2.72,3,Engineering,High School,0,0,1
18,0,28474.0,3.7,78.2,9.2,0,0,6.5,2.49,1,Arts,Bachelor,0,1,0
24,1,25000.0,4.47,73.7,21.3,1,0,6.4,1.92,4,Engineering,Master,0,2,1
22,0,30149.0,3.24,100.0,37.5,1,0,3.8,4.0,1,Arts,Bachelor,0,1,0
23,1,65609.0,3.95,57.9,23.3,1,1,4.9,4.0,1,Arts,High School,0,0,0
20,1,32642.0,6.17,75.9,34.8,1,1,5.4,3.65,4,Science,Bachelor,0,1,4
20,0,25000.0,2.96,78.1,25.2,1,1,5.7,1.79,4,Science,Master,0,2,4
17,1,25000.0,5.04,89.4,35.2,1,1,6.3,3.83,3,CS,Master,0,2,2
19,1,42331.0,3.19,79.5,17.5,0,0,5.8,0.57,2,Engineering,Bachelor,0,1,1
22,0,25989.0,4.11,83.5,7.7,0,0,5.6,3.45,1,Arts,Bachelor,0,1,0
23,0,28431.0,4.7,78.5,25.2,1,1,4.7,3.94,3,Arts,High School,0,0,0
18,1,25000.0,5.07,96.7,8.5,0,0,7.4,0.66,2,Business,High School,1,0,3
20,1,40217.0,4.49,85.2,29.2,1,0,6.1,1.83,1,CS,High School,1,0,2
20,1,25000.0,4.97,76.8,16.4,1,0,5.3,2.0,3,Business,Bachelor,0,1,3
17,1,26583.0,3.77,87.6,16.5,1,0,4.8,2.85,2,Engineering,High School,0,0,1
22,1,29684.0,4.050000000000001,65.0,47.7,1,0,5.5,2.53,1,Science,Bachelor,0,1,4
19,0,51690.0,5.34,96.6,33.3,1,1,5.6,3.89,3,CS,Master,0,2,2
20,1,26038.0,1.61,92.8,11.6,0,0,2.8,1.45,2,Arts,High School,0,0,0
20,0,42819.0,3.48,84.4,29.4,1,0,3.7,1.55,4,Business,High School,0,0,3
19,1,25000.0,3.68,80.1,28.3,1,1,7.8,0.0,3,Arts,Master,0,2,0
21,1,84148.0,4.23,76.9,5.2,0,1,6.2,0.09,4,Engineering,Bachelor,0,1,1
20,1,63986.0,5.17,89.1,34.2,0,1,4.3,2.7,3,Science,PhD,0,3,4
20,0,25000.0,4.27,93.6,41.4,1,1,4.8,3.89,2,Engineering,Master,0,2,1
19,0,25000.0,3.72,79.7,24.9,1,0,3.9,3.81,2,Engineering,Bachelor,0,1,1
21,0,39600.0,5.09,85.6,26.5,0,0,4.6,2.19,2,Business,Bachelor,0,1,3
24,1,25000.0,4.37,86.0,23.3,1,1,7.3,2.63,4,Business,PhD,1,3,3
21,1,27475.0,4.17,89.1,34.6,1,0,5.2,2.62,2,CS,High School,0,0,2
23,0,38406.0,6.08,75.8,27.0,1,1,7.0,2.29,4,Science,Master,0,2,4
17,1,26613.0,5.26,85.6,27.5,1,0,8.4,2.97,1,Science,Master,0,2,4
21,1,41081.0,7.45,100.0,20.3,1,1,4.8,3.87,4,Science,Bachelor,0,1,4
18,0,29794.5,3.85,82.8,54.5,1,1,5.5,2.15,2,Science,Master,0,2,4
17,0,25000.0,5.68,85.6,26.9,1,1,6.3,3.92,4,Science,Bachelor,0,1,4
19,1,53598.0,5.93,85.0,38.4,1,0,4.0,2.37,3,Arts,Master,0,2,0
23,1,53396.0,3.11,86.4,33.2,1,1,5.5,2.77,4,Engineering,Bachelor,0,1,1
23,1,133543.0,3.85,72.7,5.0,1,0,5.8,3.32,3,Business,PhD,0,3,3
21,1,25000.0,4.11,98.4,25.6,1,1,8.8,2.94,4,Science,High School,1,0,4
17,1,46653.0,3.42,82.8,16.2,1,0,6.1,1.67,3,Science,High School,0,0,4
20,0,25000.0,3.56,86.4,41.7,0,0,4.7,2.16,1,Business,PhD,0,3,3
21,0,85297.0,8.3,82.7,14.8,1,1,6.6,3.14,4,CS,High School,0,0,2
21,0,39844.0,4.0,89.5,35.9,1,0,7.0,1.33,3,Arts,High School,0,0,0
17,0,25000.0,4.77,78.0,42.0,1,0,7.7,2.29,1,Engineering,Bachelor,0,1,1
19,0,47483.0,4.49,71.5,33.4,1,1,3.8,4.0,1,CS,Bachelor,0,1,2
20,0,25000.0,4.12,81.1,30.0,0,1,7.8,0.68,3,Engineering,Master,0,2,1
22,1,35605.0,2.54,85.8,25.2,1,0,9.6,0.97,3,Arts,High School,0,0,0
17,1,33644.0,5.25,79.2,28.5,0,1,7.8,0.62,3,Arts,Bachelor,0,1,0
20,0,84669.0,3.94,76.6,13.9,0,1,8.1,0.68,3,CS,Bachelor,1,1,2
21,1,88341.0,1.98,84.8,32.1,0,0,4.7,0.03,3,Arts,High School,1,0,0
22,1,25000.0,4.21,74.6,42.6,0,0,8.5,1.1,1,Business,Bachelor,1,1,3
22,1,56098.0,4.4,89.8,19.5,0,1,4.6,3.98,3,Arts,Bachelor,0,1,0
22,1,36787.0,5.51,79.5,30.2,1,0,5.4,3.11,4,Science,Bachelor,0,1,4
19,0,25000.0,2.25,86.0,28.8,1,0,4.7,0.63,4,Engineering,Bachelor,1,1,1
17,1,25000.0,3.85,72.7,33.8,0,1,4.5,2.76,4,Arts,Bachelor,0,1,0
20,1,120775.0,3.11,92.8,23.6,1,0,5.5,2.12,2,CS,Master,0,2,2
23,0,36854.0,2.92,85.8,11.9,1,1,3.4,2.08,4,Business,Master,0,2,3
24,1,54169.0,4.29,86.9,16.6,0,0,4.3,4.0,1,Business,Bachelor,0,1,3
22,1,26181.0,3.42,71.7,5.0,0,1,3.7,2.09,3,Arts,Master,0,2,0
21,1,28377.0,4.065,76.0,39.3,0,1,5.5,0.0,2,CS,Bachelor,0,1,2
21,1,30223.0,2.84,83.6,34.8,1,0,8.4,1.7,2,Arts,Master,1,2,0
19,1,25345.0,3.82,73.3,29.8,1,0,10.0,1.64,1,Science,High School,1,0,4
20,0,25000.0,4.37,77.0,21.6,1,0,5.4,0.48,2,CS,Bachelor,0,1,2
24,0,25000.0,4.54,88.0,28.1,1,0,5.6,2.31,2,Science,High School,0,0,4
18,0,45466.0,4.24,77.2,29.7,1,0,6.9,2.76,1,Arts,High School,0,0,0
24,1,25000.0,3.95,85.0,23.7,0,0,3.2,1.41,1,Engineering,Bachelor,0,1,1
20,1,30195.0,3.25,75.4,24.2,1,0,3.7,3.57,3,Business,High School,0,0,3
23,0,34233.0,6.06,86.8,45.7,0,0,2.6,3.29,2,Arts,High School,0,0,0
17,1,35876.0,4.28,73.0,15.0,1,0,7.0,3.28,3,Arts,Bachelor,0,1,0
22,1,59157.0,2.53,86.8,41.9,1,0,3.9,0.67,1,Science,High School,1,0,4
19,1,25000.0,1.45,99.3,10.6,1,0,7.3,1.23,4,Arts,High School,1,0,0
17,0,41863.0,5.56,77.7,49.3,1,0,4.7,1.0,1,Science,Bachelor,1,1,4
21,0,46771.0,2.32,76.7,5.0,1,0,5.5,3.17,3,Arts,Master,0,2,0
23,1,29803.5,3.98,91.1,35.6,0,0,5.5,3.86,2,Business,High School,0,0,3
19,1,25000.0,2.45,82.5,22.1,0,1,5.8,2.87,1,Business,Master,0,2,3
17,1,34644.0,4.19,72.6,28.0,1,1,4.6,1.82,2,CS,High School,0,0,2
20,1,83254.0,4.41,84.7,28.4,1,0,7.4,1.39,2,CS,Bachelor,0,1,2
20,0,28016.0,5.04,83.7,37.3,1,0,5.2,3.7,2,Arts,Master,0,2,0
22,1,39739.0,3.88,76.9,6.5,1,0,6.2,3.36,4,Business,Bachelor,0,1,3
23,0,47488.0,3.89,76.6,29.6,1,0,5.7,2.61,2,Science,Bachelor,0,1,4
20,0,25000.0,2.61,88.9,32.2,1,0,3.7,2.48,2,Arts,High School,0,0,0
25,0,89348.0,3.67,74.1,22.1,0,1,7.9,2.02,1,Engineering,Bachelor,1,1,1
21,0,40123.0,4.05,71.0,28.7,1,0,4.3,3.3,3,CS,High School,0,0,2
20,0,40607.0,4.05,75.8,22.0,1,1,7.0,1.75,4,CS,Bachelor,1,1,2
17,1,25000.0,3.78,88.9,36.7,1,0,6.8,0.95,2,CS,High School,1,0,2
20,1,47893.0,2.6,79.9,34.4,1,0,2.8,4.0,2,Science,Bachelor,0,1,4
20,0,40290.0,2.32,77.5,32.6,1,0,5.2,0.44,4,CS,Master,1,2,2
23,1,78788.0,5.96,81.5,37.9,1,0,6.5,2.47,1,Business,High School,0,0,3
22,0,25000.0,4.77,85.9,45.0,1,1,5.0,3.02,1,CS,Bachelor,0,1,2
18,0,25000.0,7.07,94.3,18.1,1,1,5.3,2.94,4,Science,Bachelor,0,1,4
21,1,25000.0,4.52,84.8,56.7,1,0,5.9,1.08,3,Arts,Bachelor,0,1,0
22,1,25000.0,4.87,97.7,34.7,1,0,4.8,2.88,4,Engineering,Bachelor,0,1,1
24,1,25000.0,2.82,87.9,24.0,0,0,6.1,4.0,4,Arts,High School,0,0,0
23,0,64479.0,5.91,79.6,57.6,1,1,5.6,3.18,1,Arts,High School,0,0,0
22,1,65948.0,1.6,89.1,25.0,0,0,5.1,3.79,2,CS,Bachelor,0,1,2
21,1,26437.0,4.84,87.1,15.5,1,0,3.8,3.95,4,Arts,Bachelor,1,1,0
21,1,25000.0,4.14,91.3,23.9,1,1,6.2,1.71,2,Engineering,High School,0,0,1
23,0,25000.0,5.9,87.9,23.3,0,0,1.2,3.26,3,CS,Bachelor,0,1,2
18,1,45142.0,3.83,82.9,43.0,1,1,6.0,2.71,4,Business,Master,0,2,3
20,1,80183.0,4.05,78.2,28.6,0,0,5.5,0.72,1,Arts,Bachelor,0,1,0
19,1,25000.0,1.49,83.1,31.2,0,0,4.0,1.79,1,CS,High School,0,0,2
21,0,27721.0,1.54,70.1,30.8,0,0,3.0,1.87,1,Science,Bachelor,0,1,4
23,1,38583.0,4.48,80.7,44.0,1,1,6.3,0.35,3,Science,High School,0,0,4
19,0,83671.0,5.48,72.6,26.1,0,0,5.1,2.93,4,Arts,PhD,0,3,0
17,1,33519.0,4.38,85.7,27.5,0,1,5.7,2.98,4,Engineering,Master,0,2,1
20,0,33432.0,3.82,88.7,21.7,0,0,2.2,3.72,3,Business,High School,0,0,3
23,0,33110.0,4.4,84.5,25.0,0,1,6.4,3.39,2,Business,Bachelor,0,1,3
22,1,25000.0,4.26,80.7,36.3,0,1,7.2,0.58,3,CS,Master,1,2,2
21,0,25000.0,4.86,79.7,38.7,1,0,5.2,3.14,4,Business,Bachelor,0,1,3
20,0,25000.0,2.75,91.6,50.4,1,0,3.9,1.88,1,Science,Bachelor,0,1,4
18,0,54597.0,4.33,89.9,28.8,1,0,6.3,3.25,2,Business,Master,0,2,3
22,0,25000.0,2.68,73.5,26.8,0,1,5.0,0.0,2,Arts,Master,0,2,0
19,1,25000.0,5.43,84.0,34.8,1,0,7.1,1.72,4,Engineering,High School,1,0,1
25,1,25000.0,2.58,84.6,24.4,0,0,5.5,2.42,4,Science,High School,0,0,4
22,1,27376.0,3.71,80.4,22.3,0,1,1.6,3.16,2,Business,Bachelor,0,1,3
19,0,82559.0,4.78,71.1,33.9,0,0,1.3,3.67,4,Business,High School,0,0,3
19,1,27154.0,2.28,65.6,25.3,0,0,4.2,0.7,2,CS,Bachelor,0,1,2
20,0,25000.0,2.94,83.4,26.5,1,0,6.3,3.18,2,Arts,Bachelor,0,1,0
20,1,30186.0,6.91,68.5,37.3,1,0,4.6,3.1,4,Science,PhD,0,3,4
23,0,85225.0,5.22,77.8,33.7,1,0,6.4,0.89,2,CS,Bachelor,1,1,2
21,1,25000.0,4.44,87.5,54.0,1,0,4.3,3.72,1,Business,Bachelor,0,1,3
19,1,25000.0,4.84,85.3,41.1,1,0,9.2,0.03,4,Arts,Bachelor,1,1,0
25,0,25000.0,1.78,77.2,20.8,1,1,5.2,3.04,4,CS,High School,0,0,2
21,0,32121.0,4.82,89.2,25.2,1,0,6.0,2.81,1,Engineering,Bachelor,0,1,1
22,1,44934.0,6.54,86.2,13.5,1,0,3.8,3.65,2,Business,High School,0,0,3
19,0,54401.0,3.36,78.1,18.3,1,1,4.7,2.23,4,Arts,Bachelor,0,1,0
21,0,25000.0,6.37,94.2,45.1,0,0,6.4,2.14,4,Engineering,Bachelor,0,1,1
21,0,25000.0,3.4,85.9,26.7,1,0,5.4,3.44,4,Arts,High School,0,0,0
17,1,25000.0,4.16,75.8,13.4,1,0,1.0,3.17,4,Arts,Bachelor,0,1,0
25,1,44833.0,2.26,65.6,6.6,1,0,6.4,0.58,4,Science,High School,1,0,4
23,0,25000.0,4.57,83.8,12.3,1,0,6.6,2.26,4,Arts,Bachelor,0,1,0
20,0,25000.0,4.19,78.0,20.4,1,0,6.8,0.81,1,CS,High School,0,0,2
18,1,25000.0,3.71,82.2,30.0,1,1,7.5,2.37,2,Business,Bachelor,1,1,3
21,1,52316.0,2.88,80.1,25.2,1,0,5.8,0.02,2,Arts,Bachelor,0,1,0
21,0,28377.0,3.75,49.400000000000006,38.4,0,1,5.5,0.29,4,Engineering,Bachelor,1,1,1
21,1,51135.0,3.18,79.7,18.8,0,0,5.9,2.57,1,Arts,Bachelor,1,1,0
21,0,66384.0,5.44,73.2,44.7,0,1,1.4,1.8,1,Science,Master,0,2,4
22,0,25000.0,4.34,77.9,28.4,1,1,5.9,1.75,4,Science,Bachelor,1,1,4
24,1,25000.0,3.37,77.4,35.5,0,0,7.5,2.66,3,Science,Bachelor,0,1,4
22,1,25000.0,5.3,82.5,23.8,1,0,3.0,3.23,4,Engineering,Bachelor,0,1,1
18,0,25000.0,3.44,84.4,42.2,1,0,5.0,0.41,2,Science,Master,1,2,4
24,0,25000.0,5.26,85.7,14.1,1,0,7.7,3.04,4,Arts,High School,0,0,0
24,0,25000.0,4.15,62.8,15.2,0,0,4.5,1.34,4,Science,Bachelor,0,1,4
27,0,47693.0,1.52,93.4,18.4,0,0,5.1,3.27,3,Business,Bachelor,0,1,3
18,0,30036.0,4.76,68.9,44.1,0,0,6.9,2.76,1,Business,Master,1,2,3
21,0,25000.0,3.93,81.9,27.2,1,1,3.2,1.54,3,Business,High School,0,0,3
17,1,27734.0,4.72,75.4,18.6,0,0,5.5,2.67,3,Arts,High School,0,0,0
22,1,25000.0,4.28,84.4,27.6,1,0,3.8,1.46,4,Science,High School,0,0,4
19,1,55009.0,4.29,67.4,32.1,0,0,5.0,1.66,1,Arts,High School,0,0,0
25,1,25000.0,4.06,94.4,17.1,1,1,5.9,1.92,1,Engineering,High School,0,0,1
19,0,25000.0,7.75,79.1,31.9,1,0,7.4,3.23,3,Business,Bachelor,0,1,3
17,0,48568.0,4.68,86.0,28.4,1,0,6.1,2.49,2,CS,High School,0,0,2
20,0,41961.0,1.7,75.6,23.9,0,1,4.5,2.06,2,CS,Bachelor,0,1,2
17,1,29590.0,4.06,95.3,14.8,1,1,5.5,1.17,1,Business,Bachelor,1,1,3
22,0,49662.0,4.56,71.0,40.7,0,1,6.6,1.63,3,Arts,Bachelor,1,1,0
17,1,25000.0,3.26,61.0,24.4,0,0,2.0,2.91,3,CS,Master,0,2,2
21,1,25000.0,5.4,92.9,5.0,0,0,7.0,2.42,3,Arts,Master,0,2,0
17,0,33263.0,4.42,72.6,34.3,0,1,5.6,1.66,4,Science,Bachelor,0,1,4
20,0,42276.0,4.49,81.4,34.6,1,0,5.4,2.83,1,Engineering,High School,0,0,1
24,1,38843.0,2.8,94.5,41.2,1,0,7.6,1.83,3,Arts,High School,1,0,0
21,1,29684.0,3.89,63.8,35.0,1,0,5.5,3.24,4,CS,Bachelor,0,1,2
19,1,25000.0,4.22,84.1,31.7,0,0,7.1,0.34,4,Arts,Bachelor,1,1,0
20,0,38076.0,2.78,88.5,24.2,1,0,7.8,1.47,2,Arts,Bachelor,1,1,0
21,1,27694.0,2.79,82.2,24.2,0,0,5.6,2.18,4,Science,Bachelor,0,1,4
22,0,29803.5,4.05,77.4,38.1,0,0,5.5,3.2,2,Science,High School,1,0,4
18,1,42271.0,4.74,87.6,28.1,0,1,6.7,0.89,2,CS,PhD,0,3,2
22,1,25000.0,3.5,74.8,12.8,1,1,6.3,1.86,2,CS,Bachelor,0,1,2
17,1,25000.0,3.29,87.9,25.9,1,0,7.1,3.28,2,Engineering,Bachelor,0,1,1
19,0,30605.0,4.01,81.7,29.3,0,1,3.6,2.82,1,Arts,Bachelor,0,1,0
19,1,64839.0,4.38,81.8,6.1,1,0,4.3,0.02,3,Business,Bachelor,1,1,3
22,0,69332.0,2.25,84.7,39.0,0,0,3.2,1.03,2,CS,Master,0,2,2
21,0,25000.0,3.84,89.4,30.0,1,1,8.5,1.94,2,CS,Bachelor,0,1,2
17,0,25000.0,1.34,74.3,13.6,0,0,2.5,1.93,1,Science,Bachelor,1,1,4
18,1,25000.0,3.97,92.4,26.4,1,0,7.9,1.52,2,Arts,Bachelor,0,1,0
21,1,34595.0,5.89,92.0,28.8,1,1,6.4,3.26,2,Engineering,Bachelor,0,1,1
20,0,118453.0,2.31,76.9,41.4,1,1,3.9,0.31,1,Business,Bachelor,0,1,3
19,1,41087.0,3.82,96.1,41.0,0,0,3.2,2.21,3,CS,Bachelor,1,1,2
19,0,25000.0,3.72,80.6,42.9,1,0,5.4,2.43,2,Science,High School,1,0,4
22,0,25000.0,2.54,86.5,34.5,1,0,5.1,1.84,3,Engineering,Bachelor,0,1,1
19,0,25000.0,3.41,78.3,22.2,1,0,6.2,1.08,1,Engineering,Bachelor,0,1,1
20,1,25000.0,2.28,88.6,19.1,0,0,1.5,3.93,4,Arts,High School,0,0,0
25,1,25000.0,2.74,78.4,21.6,0,1,5.2,3.29,1,Business,Bachelor,1,1,3
17,0,37110.0,4.21,83.3,29.2,0,0,3.9,1.86,1,Engineering,Bachelor,0,1,1
17,1,44765.0,4.5,61.1,29.7,0,1,7.8,1.47,1,Science,PhD,0,3,4
22,0,57243.0,3.57,78.2,42.3,0,0,6.2,3.23,1,Arts,Bachelor,1,1,0
19,1,40722.0,5.74,77.5,26.9,0,0,4.6,3.69,1,Science,Master,0,2,4
20,0,25000.0,4.95,66.9,5.7,1,0,8.1,1.58,3,Science,Bachelor,0,1,4
19,1,25000.0,6.56,88.1,15.7,1,0,4.7,3.96,4,Science,Bachelor,0,1,4
20,1,27042.0,3.85,78.9,18.3,1,0,5.3,3.7,4,Business,Bachelor,1,1,3
24,1,32480.0,2.64,67.5,18.3,1,0,6.0,1.34,4,Engineering,High School,1,0,1
22,0,49854.0,3.75,86.8,5.0,1,1,7.1,1.69,3,Science,Bachelor,0,1,4
22,1,30513.0,6.62,90.7,48.8,1,0,5.5,2.1,3,CS,Bachelor,0,1,2
17,0,30651.0,2.7,80.9,5.0,1,0,8.1,1.98,4,CS,High School,0,0,2
18,1,34292.0,5.1,69.9,23.1,1,0,4.8,3.19,1,CS,Master,0,2,2
17,0,25514.0,2.66,66.9,37.9,1,1,3.7,1.85,1,Science,Bachelor,0,1,4
19,0,31324.0,3.52,72.2,37.1,1,0,8.4,1.56,1,Science,High School,1,0,4
23,1,58425.0,3.35,75.4,12.4,0,1,4.9,4.0,1,Arts,Bachelor,0,1,0
22,1,28273.0,2.81,95.7,44.5,1,0,6.6,1.68,1,CS,Bachelor,0,1,2
20,0,29198.0,5.01,80.4,42.7,0,0,6.9,0.51,4,Business,Bachelor,1,1,3
21,1,29139.0,5.87,71.8,27.8,1,0,9.2,3.06,3,Business,Bachelor,0,1,3
19,1,64774.0,5.17,77.1,30.3,1,0,5.0,4.0,3,CS,High School,0,0,2
21,1,25000.0,4.03,90.6,19.0,1,1,6.4,1.66,2,Engineering,Bachelor,0,1,1
22,0,86293.0,2.07,86.4,33.0,1,0,4.1,2.8,3,Business,Master,0,2,3
17,1,25000.0,4.17,82.4,32.7,1,0,4.6,3.61,3,Business,Bachelor,0,1,3
21,0,25000.0,4.81,80.7,24.2,1,0,4.1,2.9,4,Engineering,Bachelor,0,1,1
23,0,46483.0,3.88,82.0,37.7,1,1,7.0,2.84,1,Engineering,High School,0,0,1
20,1,55171.0,5.73,83.2,34.0,1,1,7.2,2.23,2,Business,Bachelor,0,1,3
22,1,25000.0,3.74,80.4,68.6,1,1,6.2,0.58,3,Engineering,Bachelor,1,1,1
27,1,25000.0,3.22,82.8,19.2,1,0,4.1,3.39,4,Engineering,Bachelor,0,1,1
20,0,35126.0,5.28,79.6,46.0,1,0,4.3,3.24,3,Arts,Bachelor,0,1,0
21,0,29803.0,4.13,60.2,19.8,0,0,5.5,3.91,4,Engineering,Master,0,2,1
19,0,62803.0,5.95,79.9,36.3,0,0,6.1,1.97,2,Business,Bachelor,0,1,3
21,0,25620.0,4.68,84.6,5.0,1,0,2.7,4.0,2,Arts,High School,0,0,0
22,0,25000.0,2.95,76.2,23.9,1,1,4.8,1.85,2,Business,Bachelor,0,1,3
21,0,31225.0,0.63,85.4,35.7,1,0,3.1,4.0,1,Science,Master,0,2,4
18,1,36952.0,1.76,88.6,32.9,1,0,6.4,2.4,4,Engineering,High School,0,0,1
21,1,25000.0,3.25,84.7,5.9,0,0,3.7,3.98,4,Engineering,High School,0,0,1
24,1,25000.0,5.72,77.5,25.1,1,0,9.0,0.5,4,Business,Bachelor,1,1,3
22,1,32712.0,5.59,82.8,47.7,0,0,7.4,0.94,3,Science,Master,1,2,4
23,0,29718.0,4.28,83.2,42.3,1,0,5.5,2.95,4,Business,Bachelor,0,1,3
20,0,91443.0,5.06,83.6,41.5,1,0,6.2,0.7,4,Arts,Bachelor,1,1,0
22,1,73869.0,2.21,93.9,58.2,1,0,6.3,0.02,2,Business,High School,1,0,3
21,1,44123.0,5.61,72.7,9.1,1,1,3.8,1.73,4,CS,Bachelor,0,1,2
18,1,31377.0,3.64,83.7,25.3,0,0,7.7,2.08,2,Business,Master,0,2,3
21,0,25000.0,4.84,78.8,30.4,1,0,5.3,2.17,3,Arts,Bachelor,0,1,0
18,0,29364.0,4.7,72.0,21.2,0,0,4.1,1.86,4,Business,Bachelor,0,1,3
19,1,79505.0,4.6,71.9,31.5,1,0,6.5,1.6,2,Engineering,Bachelor,0,1,1
21,1,50071.0,2.44,89.0,45.6,0,1,3.5,3.93,2,Engineering,Master,0,2,1
21,1,33598.0,3.24,70.8,31.3,1,0,6.7,2.91,4,Arts,High School,0,0,0
18,0,51761.0,5.37,84.4,5.0,0,0,6.1,3.6,1,Business,Master,0,2,3
23,1,41248.0,4.66,83.1,38.1,1,0,4.3,3.0,2,Engineering,High School,0,0,1
22,1,37713.0,2.59,75.1,29.8,1,0,7.2,1.64,3,Science,Bachelor,1,1,4
19,1,31202.0,4.17,73.7,5.0,1,1,5.5,2.8,4,Business,High School,0,0,3
17,1,40547.0,2.64,72.5,22.6,0,0,4.9,1.79,2,Engineering,Master,1,2,1
20,1,49768.0,2.36,77.6,9.2,1,0,6.5,2.41,3,Arts,Bachelor,1,1,0
20,1,32756.0,3.19,73.3,26.5,1,0,3.1,2.36,1,Science,Master,0,2,4
21,1,25528.0,3.87,88.1,24.0,0,0,6.4,1.99,3,Arts,High School,1,0,0
20,0,25000.0,2.44,91.5,11.7,0,1,2.9,3.59,2,Arts,Bachelor,0,1,0
17,1,25000.0,5.16,84.0,33.0,0,0,5.7,1.81,2,CS,High School,0,0,2
20,1,25000.0,3.08,100.0,17.0,1,0,6.7,0.52,2,CS,PhD,0,3,2
20,0,25000.0,3.96,85.6,45.9,1,0,6.1,2.11,3,Engineering,Bachelor,1,1,1
22,1,25000.0,4.58,87.1,32.0,1,0,8.3,3.16,2,Business,Master,0,2,3
19,0,29219.0,4.06,75.1,26.9,1,0,5.5,3.72,4,Engineering,High School,0,0,1
24,1,75913.0,4.77,76.6,45.0,1,1,6.2,1.42,4,Arts,High School,0,0,0
17,1,27051.0,3.6,85.3,33.1,1,0,1.7,2.84,4,Science,Master,0,2,4
23,0,34374.0,2.72,74.3,34.2,1,1,4.6,4.0,3,CS,Bachelor,0,1,2
20,0,35031.0,2.37,71.5,29.2,0,0,5.0,1.13,3,CS,Master,1,2,2
22,1,77076.0,2.72,90.7,26.2,0,0,8.3,0.18,4,CS,Master,0,2,2
21,1,25000.0,3.81,75.2,34.9,0,0,5.5,0.37,2,Business,High School,0,0,3
23,0,26017.0,5.57,83.5,48.3,1,1,7.1,2.06,2,Engineering,Bachelor,0,1,1
20,1,27897.0,3.83,95.1,5.0,1,0,3.9,3.08,2,Arts,PhD,0,3,0
18,1,58801.0,3.27,67.5,52.4,0,0,4.9,1.7,4,Science,Bachelor,0,1,4
24,0,66600.0,4.15,87.2,17.9,0,1,4.0,3.08,4,Business,Bachelor,0,1,3
20,0,39527.0,6.14,81.8,32.3,1,0,3.7,3.58,1,Business,Bachelor,0,1,3
21,1,62302.0,3.02,81.4,9.4,1,0,3.8,2.13,3,Business,Master,0,2,3
23,0,33077.0,4.6,82.5,47.9,0,0,4.4,1.96,4,CS,High School,0,0,2
18,1,26808.0,3.53,82.1,13.4,0,1,9.2,0.32,4,Business,Bachelor,1,1,3
22,1,60309.0,4.26,86.2,43.5,0,0,5.4,3.28,4,Engineering,Master,0,2,1
19,0,39838.0,4.83,73.6,27.1,1,1,3.1,2.79,3,CS,High School,0,0,2
20,1,25000.0,5.79,86.0,28.0,0,0,4.6,3.07,2,Science,Bachelor,0,1,4
21,0,54093.0,3.93,73.0,14.9,1,0,7.3,0.08,3,CS,High School,1,0,2
17,1,26236.0,5.47,98.8,44.6,1,0,4.2,3.67,1,Engineering,Bachelor,0,1,1
19,1,25000.0,4.53,81.2,28.2,0,0,8.2,1.96,4,CS,High School,0,0,2
24,1,50808.0,2.31,83.4,38.6,0,1,7.4,1.52,1,Business,High School,0,0,3
22,1,28189.0,3.75,96.2,5.2,0,0,5.2,3.81,4,Arts,High School,0,0,0
20,1,37548.0,7.02,75.8,19.3,1,1,4.3,4.0,1,Science,Master,0,2,4
21,1,44230.0,3.85,81.9,33.0,1,1,3.8,2.36,3,CS,High School,0,0,2
20,1,25000.0,3.59,70.7,11.1,0,0,5.8,0.78,3,CS,Bachelor,1,1,2
24,0,37456.0,3.59,74.2,34.3,0,0,6.2,1.57,2,Arts,Bachelor,1,1,0
20,1,66815.0,3.39,70.6,22.1,1,1,7.9,0.0,2,Engineering,Master,1,2,1
21,1,25000.0,2.21,88.4,20.7,1,0,6.1,1.22,1,Arts,Bachelor,0,1,0
23,0,38947.0,1.01,86.6,36.2,0,0,4.9,0.02,3,CS,Master,1,2,2
19,0,25000.0,2.99,78.5,32.0,0,1,8.0,2.55,1,Engineering,Bachelor,1,1,1
24,0,29219.0,4.19,77.9,16.5,1,0,5.5,0.63,1,CS,High School,1,0,2
17,0,54565.0,4.72,89.8,43.5,0,0,4.3,2.2,3,CS,High School,0,0,2
24,0,25000.0,3.52,82.0,36.1,0,0,5.4,0.0,1,Business,High School,1,0,3
20,0,111947.0,4.16,75.1,5.8,1,1,6.7,1.74,4,Business,Bachelor,1,1,3
20,0,57756.0,2.46,90.6,26.4,0,0,6.0,2.12,2,Engineering,High School,0,0,1
17,1,45440.0,1.77,80.9,34.5,1,1,3.7,4.0,3,Science,Master,0,2,4
20,0,43931.0,4.45,87.4,28.7,1,0,5.8,3.06,3,Business,High School,0,0,3
18,1,53656.0,4.85,82.6,5.0,0,0,4.3,2.37,4,Business,Master,1,2,3
19,1,25000.0,5.28,98.6,30.8,1,1,5.6,3.79,4,Arts,High School,0,0,0
20,1,33415.0,5.57,80.3,39.1,1,1,3.2,3.79,4,CS,Bachelor,0,1,2
23,1,37418.0,5.71,65.9,29.0,0,1,3.9,3.9,2,Science,High School,0,0,4
21,0,25000.0,4.89,80.2,30.7,0,0,9.3,2.68,4,Science,Master,1,2,4
21,1,39296.0,3.26,84.1,42.2,1,0,4.7,2.56,3,Science,Bachelor,0,1,4
18,1,62256.0,4.37,85.7,11.0,1,0,7.5,1.66,3,Arts,Master,0,2,0
19,0,25000.0,3.58,88.5,38.8,1,0,5.3,0.03,4,Engineering,Master,0,2,1
25,0,28777.0,3.7,77.4,34.1,0,0,3.3,3.63,3,Business,Master,0,2,3
19,0,25000.0,4.51,94.5,10.5,1,0,3.6,2.21,1,Business,Master,0,2,3
24,0,25000.0,5.65,89.7,38.4,1,0,4.1,3.99,4,Arts,Master,0,2,0
20,0,29219.0,4.05,83.0,51.7,1,0,5.5,3.73,3,Arts,High School,0,0,0
21,1,29277.0,3.99,76.4,34.0,1,1,5.1,1.59,4,CS,Bachelor,1,1,2
23,1,30594.0,4.13,97.4,36.7,0,1,5.8,3.99,4,CS,High School,0,0,2
23,1,25000.0,4.47,87.8,17.2,1,1,6.7,1.65,4,Business,High School,0,0,3
20,1,26601.0,5.53,78.1,22.6,0,1,6.4,1.95,3,CS,High School,1,0,2
20,1,57409.0,6.41,93.2,17.8,1,0,7.1,1.78,1,Business,Bachelor,0,1,3
20,1,29747.0,4.17,83.8,34.7,1,1,4.6,2.92,3,Business,Master,0,2,3
21,1,30258.0,3.74,94.1,23.8,1,0,3.4,1.33,4,Arts,PhD,0,3,0
23,0,33675.0,4.21,75.3,23.0,1,1,3.8,2.22,2,Arts,Bachelor,0,1,0
21,1,25000.0,5.34,80.4,38.4,1,0,2.7,2.99,2,Business,Bachelor,0,1,3
22,1,29219.0,4.125,93.1,50.0,1,0,5.5,4.0,1,CS,High School,0,0,2
24,0,25000.0,3.34,76.6,28.9,1,0,1.0,0.79,4,Science,Bachelor,1,1,4
21,1,25000.0,4.02,80.0,11.1,0,1,6.8,1.79,4,Business,High School,1,0,3
21,1,25000.0,4.02,60.1,30.5,0,1,6.5,1.24,1,Science,Master,1,2,4
17,1,26765.0,3.16,85.3,32.3,1,0,3.7,0.57,2,Engineering,High School,0,0,1
17,0,25000.0,3.14,91.2,40.0,1,1,3.0,4.0,4,CS,Bachelor,0,1,2
21,1,29711.0,2.43,74.6,26.1,1,0,8.3,1.98,4,Science,Master,0,2,4
20,0,25000.0,3.81,85.6,40.6,0,0,7.2,2.62,1,Arts,Bachelor,0,1,0
19,0,54355.0,5.47,77.7,38.7,1,1,5.0,2.23,4,Arts,Bachelor,0,1,0
21,0,49041.0,5.32,69.9,26.4,0,0,4.3,1.08,3,Business,Master,1,2,3
20,1,26788.0,3.97,79.4,39.8,1,1,5.6,2.44,3,Arts,Master,1,2,0
23,1,25000.0,6.32,77.4,41.2,0,1,2.9,3.9,3,Business,Master,0,2,3
21,0,25000.0,3.93,83.0,16.9,1,1,6.0,1.23,2,Arts,Bachelor,1,1,0
19,1,25000.0,3.56,79.6,41.5,1,0,3.3,2.46,2,CS,Bachelor,0,1,2
23,0,25000.0,1.43,92.7,28.6,1,0,1.2,3.56,3,Business,High School,0,0,3
20,0,25000.0,4.26,77.5,27.0,0,0,4.0,3.43,2,Business,Bachelor,0,1,3
22,1,49815.0,2.84,81.0,28.7,1,0,3.7,3.87,2,CS,High School,0,0,2
19,0,35635.0,5.89,83.9,44.9,0,1,8.8,2.14,1,CS,High School,1,0,2
19,1,79266.0,2.38,81.6,44.9,1,1,8.5,1.6,2,Arts,High School,1,0,0
21,0,25000.0,5.67,77.7,35.7,1,0,3.5,3.97,4,Business,Bachelor,0,1,3
21,0,25000.0,4.27,82.4,33.2,1,0,5.3,1.86,3,CS,PhD,0,3,2
22,1,25000.0,2.51,86.2,28.7,1,1,4.3,3.08,2,CS,Bachelor,0,1,2
20,1,25000.0,1.84,89.2,62.4,0,0,8.8,2.67,4,Business,Master,1,2,3
17,0,25000.0,4.48,65.1,21.8,1,0,2.2,1.09,4,Science,High School,1,0,4
20,1,34982.0,2.8,86.1,24.6,0,0,6.3,1.37,4,Business,Bachelor,0,1,3
22,1,30256.0,1.44,76.6,33.6,1,0,7.8,1.03,4,Engineering,Master,1,2,1
20,1,25000.0,6.57,91.3,19.1,0,0,4.5,3.97,4,Business,Master,0,2,3
20,0,62987.0,5.13,89.5,42.6,0,1,5.5,2.92,3,CS,High School,0,0,2
23,1,92777.0,2.51,89.4,12.3,1,1,7.4,2.5,4,Engineering,High School,1,0,1
19,1,59871.0,1.64,77.3,21.4,0,1,3.5,1.79,2,Business,Bachelor,0,1,3
17,0,41559.0,5.54,70.9,25.2,0,1,6.6,2.3,3,Science,Bachelor,0,1,4
20,1,46960.0,2.24,92.2,17.9,0,0,2.7,1.54,2,Business,Bachelor,0,1,3
19,1,90567.0,4.13,91.4,42.5,1,0,2.6,3.81,2,Business,High School,0,0,3
18,1,46920.0,4.57,66.0,14.2,0,0,7.0,1.05,2,Business,High School,1,0,3
20,1,25000.0,3.33,93.0,18.4,1,1,3.8,4.0,2,CS,High School,0,0,2
22,1,37623.0,2.73,84.8,21.9,1,0,5.8,1.23,3,Engineering,High School,1,0,1
21,1,43293.0,1.53,83.1,40.1,1,1,3.4,2.63,3,CS,High School,0,0,2
21,1,25000.0,4.6,75.4,47.4,0,1,6.0,2.19,3,Business,Master,0,2,3
25,1,25060.0,7.09,90.1,36.3,1,0,2.5,4.0,1,Business,Bachelor,0,1,3
20,1,57540.0,2.51,78.3,14.2,1,0,7.8,3.53,1,CS,Master,0,2,2
21,0,25000.0,2.7,78.3,22.6,1,0,7.0,2.48,4,CS,Bachelor,1,1,2
19,0,25000.0,5.01,64.9,48.9,1,0,4.4,1.38,2,Engineering,Bachelor,1,1,1
19,1,26746.0,0.83,76.0,30.3,0,0,2.1,1.5,2,CS,Master,0,2,2
19,0,36762.0,2.97,74.1,12.7,1,0,5.1,1.22,4,CS,Bachelor,0,1,2
19,1,25000.0,4.27,65.4,56.3,0,1,4.9,1.68,2,CS,Master,0,2,2
21,1,27555.0,2.92,94.5,23.2,0,0,4.5,2.55,1,Arts,High School,0,0,0
26,1,59413.0,4.67,81.0,29.1,0,0,7.4,2.84,2,CS,Bachelor,0,1,2
19,1,30983.0,4.54,70.6,21.8,1,0,7.7,2.18,4,Arts,High School,0,0,0
20,1,52232.0,4.15,74.3,18.5,1,1,6.3,1.16,3,Arts,Bachelor,0,1,0
20,0,25000.0,3.01,77.4,45.6,1,0,8.2,1.88,3,CS,Master,1,2,2
21,1,29684.0,3.9,77.2,32.4,1,0,5.5,3.36,4,Arts,Bachelor,0,1,0
21,0,49480.0,4.1,88.4,33.8,1,0,5.0,2.95,4,CS,High School,0,0,2
23,0,37107.0,4.27,79.8,14.6,0,0,4.9,1.81,1,Business,High School,1,0,3
17,0,25000.0,5.86,82.8,26.4,1,0,7.0,0.92,3,Business,High School,0,0,3
17,0,29219.0,4.35,79.9,22.5,1,0,5.5,1.7,2,Engineering,High School,0,0,1
19,0,76020.0,3.51,91.3,20.1,1,1,6.5,2.79,4,CS,High School,0,0,2
23,0,25000.0,4.73,93.0,35.6,0,0,4.6,1.36,3,CS,Bachelor,0,1,2
17,1,52083.0,4.82,80.9,25.9,0,0,4.3,3.49,1,Science,Bachelor,0,1,4
17,1,25000.0,3.15,74.4,38.3,1,1,6.9,4.0,2,Science,Bachelor,0,1,4
22,0,29676.0,4.76,81.1,38.6,1,0,5.5,1.36,1,CS,Master,0,2,2
21,0,35481.0,3.69,57.1,24.8,1,0,6.1,1.21,3,CS,PhD,1,3,2
18,1,25000.0,4.38,84.5,35.4,0,0,3.3,2.98,4,Business,High School,1,0,3
18,1,29684.0,3.88,71.1,24.5,1,0,5.5,2.45,2,Engineering,Bachelor,0,1,1
18,1,31313.0,5.33,80.2,20.5,0,0,3.6,3.41,2,Science,Bachelor,0,1,4
21,0,25000.0,2.87,85.8,17.3,1,1,8.6,2.0,2,Business,PhD,0,3,3
19,1,54065.0,2.55,77.4,31.0,1,0,5.0,3.29,2,Arts,Master,0,2,0
22,1,25000.0,6.31,78.5,21.1,1,0,4.8,2.25,3,Engineering,Bachelor,1,1,1
17,1,41737.0,6.32,84.1,46.5,1,0,7.1,2.91,2,Business,Bachelor,1,1,3
19,0,25000.0,4.95,77.5,49.5,1,1,5.4,1.67,3,Business,Bachelor,1,1,3
18,0,25000.0,3.61,89.4,35.7,1,0,6.8,3.74,1,Arts,High School,0,0,0
20,0,25000.0,3.62,88.2,32.9,0,1,5.0,3.4,2,CS,Bachelor,0,1,2
19,0,93103.0,2.73,86.5,30.2,1,0,6.8,3.09,1,Arts,Master,0,2,0
22,0,25000.0,4.28,77.0,58.5,0,0,5.4,2.16,3,Engineering,Bachelor,1,1,1
17,1,27633.0,3.84,86.6,53.5,1,0,7.1,2.46,1,Science,High School,0,0,4
21,1,25000.0,3.88,76.1,27.5,1,1,7.6,1.43,2,Arts,High School,1,0,0
22,1,77633.0,2.5,81.3,27.6,0,1,2.6,2.21,2,Science,Bachelor,0,1,4
25,1,31202.0,4.33,45.9,33.9,1,1,5.5,1.47,2,Arts,High School,0,0,0
19,0,29684.0,3.91,91.3,15.8,1,0,5.5,2.38,1,Business,Bachelor,0,1,3
21,1,72012.0,4.59,95.8,8.4,1,0,6.6,3.78,3,Engineering,High School,0,0,1
17,1,32482.0,1.68,83.8,13.9,0,0,9.9,0.18,4,Engineering,Bachelor,1,1,1
17,0,33919.0,2.03,69.3,26.4,1,0,3.8,1.17,4,Science,High School,1,0,4
22,0,32178.0,2.57,80.3,18.7,0,1,6.0,2.79,3,Business,Master,1,2,3
21,1,41697.0,5.01,82.6,47.5,0,0,6.4,2.26,2,Business,Bachelor,0,1,3
23,1,25000.0,3.36,82.1,12.4,0,1,4.6,2.91,4,CS,Bachelor,0,1,2
18,0,26145.0,2.66,100.0,14.0,0,0,3.3,3.65,2,Science,Bachelor,0,1,4
22,1,48349.0,4.85,80.0,8.0,1,0,9.4,1.78,4,CS,Bachelor,1,1,2
25,1,35116.0,3.58,77.4,22.3,1,1,7.5,0.26,3,Business,Master,0,2,3
21,1,27763.0,4.48,83.3,25.2,1,1,6.5,2.85,4,Engineering,Master,0,2,1
21,0,25000.0,2.68,80.9,29.0,1,0,5.6,2.42,2,Arts,Master,1,2,0
21,0,73045.0,3.96,76.0,29.6,1,1,5.8,2.04,2,Business,Bachelor,0,1,3
17,1,25000.0,5.74,67.9,22.5,0,0,6.6,2.98,4,Arts,Master,0,2,0
24,1,53763.0,5.61,87.9,17.4,1,0,8.1,1.84,3,Arts,Bachelor,0,1,0
19,0,33039.0,2.97,75.1,35.0,1,0,4.2,1.21,1,CS,High School,0,0,2
22,0,25000.0,3.64,73.9,19.2,0,1,5.7,0.27,2,Business,High School,1,0,3
17,0,63030.0,5.06,75.5,39.4,1,1,4.8,1.49,3,Engineering,PhD,0,3,1
18,0,34639.0,4.12,70.3,12.2,1,0,3.6,1.53,2,Arts,Bachelor,0,1,0
24,1,66251.0,4.46,87.2,21.0,0,1,4.4,2.61,3,CS,Master,0,2,2
20,1,26650.0,5.8,86.2,54.5,0,0,5.9,3.45,3,Arts,Master,0,2,0
24,0,45362.0,4.28,83.5,56.1,1,0,5.0,2.83,2,CS,Bachelor,0,1,2
20,0,25000.0,3.23,87.7,13.7,1,0,5.5,2.8,4,CS,Bachelor,0,1,2
17,1,25000.0,5.63,85.5,44.5,0,0,6.8,2.31,1,Business,High School,0,0,3
23,0,25000.0,2.93,86.7,49.4,1,0,7.6,2.54,4,Science,High School,0,0,4
19,1,25000.0,3.97,96.6,42.8,1,1,10.0,2.67,3,Engineering,High School,0,0,1
22,1,39462.0,3.25,89.9,29.2,0,0,6.9,2.56,3,Business,High School,0,0,3
21,1,25000.0,2.45,83.4,6.8,1,1,4.4,3.45,3,Science,High School,0,0,4
17,0,49926.0,3.87,74.5,31.0,1,1,7.5,0.0,2,Science,High School,0,0,4
21,0,25000.0,4.08,69.2,34.9,0,1,4.9,2.49,2,Engineering,High School,0,0,1
25,0,50571.0,3.67,67.9,32.9,1,0,4.2,2.99,3,Business,Bachelor,0,1,3
22,0,65242.0,5.3,89.6,35.7,0,0,6.6,1.78,1,Science,High School,0,0,4
20,0,54618.0,3.01,77.5,20.3,0,0,8.0,0.81,1,Science,Bachelor,1,1,4
23,1,25000.0,4.47,82.6,24.2,0,1,4.4,2.84,2,Business,Bachelor,0,1,3
21,1,25000.0,2.42,74.4,5.0,1,0,6.1,1.84,2,Engineering,Bachelor,1,1,1
21,1,42163.0,7.12,99.6,40.7,1,1,6.3,2.83,1,Engineering,Bachelor,0,1,1
18,0,27580.0,3.15,67.6,19.2,1,0,3.8,0.32,1,Science,High School,1,0,4
21,1,25000.0,1.89,83.1,27.0,1,0,2.9,2.5,3,Science,PhD,0,3,4
23,1,25000.0,3.7,79.1,33.0,0,1,3.0,3.17,4,Engineering,Bachelor,0,1,1
19,0,70309.0,4.29,82.1,23.3,1,1,7.8,3.29,4,CS,Bachelor,0,1,2
24,1,25000.0,5.15,79.4,17.1,0,1,4.7,3.6,3,Science,Bachelor,1,1,4
20,0,39379.0,5.4,74.9,33.1,1,1,4.4,1.61,1,Science,Bachelor,0,1,4
19,0,33887.0,4.81,73.1,8.6,1,0,6.1,1.2,3,Engineering,Bachelor,0,1,1
23,0,25000.0,5.09,98.4,39.2,0,1,7.8,1.85,3,Science,Bachelor,0,1,4
20,1,43771.0,5.43,79.6,37.9,1,1,3.4,1.41,4,Science,High School,0,0,4
22,1,79170.0,4.32,84.7,23.4,1,0,2.1,3.9,1,Arts,Bachelor,0,1,0
20,0,25000.0,3.01,69.2,24.1,0,0,8.2,0.06,3,Arts,High School,0,0,0
20,0,25696.0,4.12,65.1,18.1,1,0,6.4,3.93,1,CS,Bachelor,1,1,2
22,0,43185.0,3.07,76.6,25.4,1,0,3.6,3.41,2,Business,High School,0,0,3
21,0,51583.0,5.36,89.0,27.6,1,1,4.7,4.0,3,Business,High School,0,0,3
17,0,27539.0,5.56,82.2,26.2,0,0,3.7,0.94,1,Engineering,High School,0,0,1
18,0,25000.0,5.64,77.7,47.4,1,1,6.7,3.87,4,CS,Bachelor,0,1,2
23,0,29219.0,3.78,85.4,9.0,1,0,5.5,0.58,1,Engineering,High School,1,0,1
20,1,25000.0,5.38,77.6,19.1,1,1,6.7,3.06,1,Engineering,Master,0,2,1
19,1,25000.0,3.25,93.0,38.8,1,1,5.8,2.8,2,Engineering,Bachelor,0,1,1
18,1,44836.0,4.48,93.3,54.7,0,1,6.2,2.64,4,Arts,High School,0,0,0
18,0,25685.0,5.08,77.4,19.6,0,0,4.2,3.09,4,Science,Bachelor,0,1,4
17,0,25089.0,2.13,75.8,42.1,1,0,4.7,1.55,3,Science,Master,1,2,4
20,0,29571.0,5.12,81.4,16.2,0,0,5.5,1.43,4,Engineering,High School,1,0,1
19,0,25000.0,1.99,85.4,25.3,1,0,5.0,3.57,3,CS,Bachelor,0,1,2
18,0,75505.0,3.74,79.8,30.1,0,0,5.5,2.14,1,Engineering,High School,0,0,1
20,1,64791.0,5.27,90.4,21.7,0,1,2.6,1.82,2,Business,High School,0,0,3
21,1,78501.0,5.73,84.1,25.0,0,1,7.1,3.2,2,Engineering,High School,0,0,1
25,0,44804.0,5.05,90.7,13.6,1,0,3.6,3.76,3,CS,High School,0,0,2
17,0,29211.0,3.27,73.0,38.1,1,0,1.7,1.29,4,Science,High School,0,0,4
23,1,78342.0,3.22,77.3,19.2,1,0,4.2,2.13,1,Engineering,Master,0,2,1
23,0,25000.0,3.81,86.3,22.0,0,0,5.1,0.74,3,Arts,PhD,1,3,0
19,1,25000.0,4.07,82.4,20.6,0,0,9.1,0.06,4,Engineering,Bachelor,1,1,1
21,1,25000.0,5.14,80.5,21.3,1,0,4.6,1.1,1,Business,Bachelor,0,1,3
20,1,40689.0,3.92,77.8,31.7,1,0,5.9,2.28,3,Engineering,Master,0,2,1
21,0,25000.0,3.4,82.7,30.8,0,1,6.1,2.85,4,Business,Bachelor,0,1,3
24,0,27086.0,3.53,93.4,60.2,0,0,2.8,3.94,3,CS,Bachelor,0,1,2
22,0,25000.0,5.48,65.9,27.1,0,0,5.3,2.06,3,Business,High School,1,0,3
22,1,39682.0,4.07,80.8,28.8,1,0,5.0,3.55,1,Science,Bachelor,0,1,4
20,1,25000.0,5.98,81.1,46.0,1,1,5.7,2.78,3,Arts,Bachelor,0,1,0
17,1,25000.0,5.24,73.3,32.7,1,0,6.3,2.62,1,Science,Master,1,2,4
20,1,61716.0,3.32,80.8,28.8,0,0,7.0,1.52,3,Arts,Master,1,2,0
23,1,60367.0,3.42,68.9,28.4,1,1,4.0,2.46,1,Business,High School,0,0,3
17,1,37219.0,3.86,77.3,32.3,0,0,6.4,2.46,3,Science,High School,1,0,4
18,1,35080.0,3.82,79.9,41.7,0,1,4.2,0.19,3,Science,PhD,1,3,4
21,1,25000.0,5.5,82.0,46.1,1,0,3.9,2.88,3,Science,Master,0,2,4
18,1,25000.0,3.3,97.0,42.4,1,0,8.7,1.78,2,Engineering,Bachelor,0,1,1
19,0,25000.0,4.15,75.5,35.6,0,1,2.2,2.53,1,Business,Bachelor,0,1,3
20,1,25000.0,4.44,71.4,32.5,1,0,4.6,2.01,4,Engineering,High School,0,0,1
18,0,34595.0,4.92,89.9,54.5,1,0,5.9,3.88,2,Science,Master,0,2,4
18,0,30617.0,4.61,50.0,24.3,0,0,4.4,2.37,2,Science,High School,0,0,4
22,1,25000.0,4.51,77.0,38.4,1,0,5.8,1.77,1,Science,Bachelor,0,1,4
18,1,76207.0,3.38,79.4,44.1,1,0,3.1,3.61,4,Engineering,Master,0,2,1
17,1,42794.0,3.51,74.5,42.5,1,1,2.2,0.33,2,Arts,Bachelor,1,1,0
19,0,45031.0,4.32,81.2,20.9,1,1,3.9,2.6,1,Arts,Master,0,2,0
22,1,25000.0,3.75,76.8,63.8,1,0,5.8,2.35,3,CS,High School,1,0,2
20,0,29709.0,2.79,68.1,50.0,0,0,5.2,1.81,4,Science,High School,1,0,4
20,1,43322.0,3.43,86.9,42.7,1,1,6.6,2.96,2,CS,High School,0,0,2
21,0,32587.0,4.22,87.3,17.9,1,0,2.9,2.99,3,CS,High School,0,0,2
17,1,77741.0,5.54,74.1,41.8,1,1,4.5,2.97,4,CS,PhD,1,3,2
22,1,26311.0,2.78,77.7,5.0,0,1,5.4,1.55,2,CS,Bachelor,0,1,2
21,0,25000.0,2.57,96.8,27.2,1,0,3.8,2.83,3,CS,High School,0,0,2
20,1,43502.0,4.99,85.6,31.3,1,0,5.7,2.25,3,CS,PhD,0,3,2
23,1,25000.0,3.47,82.0,24.6,1,0,5.0,1.59,3,Science,Bachelor,0,1,4
18,0,51771.0,2.9,94.9,49.0,1,1,6.4,2.0,4,Business,High School,0,0,3
23,0,25000.0,3.98,69.0,31.2,1,0,6.0,1.11,3,Business,Bachelor,1,1,3
21,0,43615.0,2.83,65.7,18.5,0,1,2.2,2.94,2,Engineering,PhD,0,3,1
20,0,25000.0,6.87,83.3,39.0,1,1,8.2,1.89,1,CS,Bachelor,0,1,2
21,1,39575.0,2.99,88.7,34.8,0,1,1.6,3.8,2,Arts,Bachelor,0,1,0
20,1,28160.0,3.965,68.3,9.0,1,0,5.5,3.21,4,Science,Master,0,2,4
23,0,32600.0,4.67,71.6,46.1,1,0,5.4,2.35,4,CS,Bachelor,0,1,2
18,0,25000.0,5.23,88.3,31.2,1,1,6.0,3.89,1,Science,Master,0,2,4
19,1,25000.0,2.6,72.8,41.8,1,1,5.0,2.06,3,Business,High School,0,0,3
23,0,25000.0,4.59,80.0,34.9,0,0,4.5,2.66,4,Business,Bachelor,0,1,3
19,0,25000.0,1.87,83.7,26.0,1,0,5.4,1.01,1,Business,High School,1,0,3
23,0,58483.0,4.4,89.6,35.1,1,1,6.4,3.75,3,Science,Bachelor,0,1,4
24,1,31763.0,3.92,79.5,28.8,1,0,3.4,2.08,1,Engineering,Bachelor,0,1,1
20,1,25000.0,4.98,85.9,33.5,0,0,3.5,3.91,3,Arts,Bachelor,0,1,0
22,1,71211.0,4.34,72.1,37.2,1,0,3.9,3.14,2,Engineering,Bachelor,0,1,1
18,0,25000.0,3.86,86.7,31.8,1,0,7.9,1.29,4,Arts,High School,0,0,0
22,1,34556.0,3.95,74.7,35.6,0,1,6.2,3.99,2,Business,Master,0,2,3
21,1,25000.0,2.11,71.0,25.5,1,0,6.5,2.81,2,Science,Master,1,2,4
22,1,25000.0,2.94,98.5,23.1,1,1,8.4,1.79,4,Science,Bachelor,0,1,4
19,0,25000.0,5.98,96.6,39.3,0,0,6.9,2.92,3,Engineering,High School,0,0,1
17,1,25000.0,4.27,83.2,47.4,1,1,5.8,2.68,4,Arts,High School,1,0,0
22,1,28377.0,4.03,94.4,23.8,0,1,5.5,4.0,2,Business,Bachelor,1,1,3
17,0,36604.0,3.2,79.4,33.8,1,1,3.8,1.12,3,Science,Bachelor,1,1,4
20,0,32342.0,5.13,80.9,13.1,1,0,5.0,2.91,4,Business,Bachelor,0,1,3
23,1,25000.0,3.64,80.6,51.7,1,0,7.6,1.97,2,Engineering,Bachelor,0,1,1
21,1,63707.0,2.13,74.7,43.8,0,1,1.6,1.71,3,Business,Master,0,2,3
25,1,34003.0,3.89,63.2,23.0,0,1,4.1,3.21,1,Business,Bachelor,0,1,3
23,1,27677.0,5.68,79.5,25.8,1,1,6.9,2.22,1,Business,High School,0,0,3
19,1,58657.0,1.31,92.4,44.5,1,1,5.7,3.15,1,Arts,High School,0,0,0
21,0,62849.0,4.96,84.2,32.1,1,0,6.4,3.88,2,Business,Bachelor,0,1,3
20,0,59442.0,4.2,88.5,37.6,0,0,2.1,3.3,4,Science,High School,0,0,4
17,1,25636.0,7.37,85.1,18.2,1,0,4.0,3.55,4,Science,High School,0,0,4
18,0,25000.0,6.98,75.2,36.9,0,0,6.7,1.96,1,CS,Bachelor,1,1,2
19,0,53817.0,1.71,84.0,28.2,1,0,3.9,1.49,1,Arts,Bachelor,0,1,0
17,1,25000.0,5.8,79.3,33.6,0,0,7.0,2.36,2,Engineering,Master,0,2,1
21,1,95641.0,3.49,73.5,25.2,1,0,6.0,2.1,4,Science,Bachelor,0,1,4
20,0,30236.0,3.75,89.4,27.5,0,0,3.4,2.29,2,Arts,Master,0,2,0
17,0,25000.0,3.25,71.6,31.2,1,0,6.1,2.34,3,CS,Bachelor,1,1,2
21,0,25000.0,3.09,76.7,23.0,0,0,6.8,3.04,3,Arts,Master,0,2,0
22,0,25000.0,5.71,99.7,57.2,1,0,6.2,4.0,4,CS,Bachelor,0,1,2
21,1,32345.0,0.94,87.6,17.3,1,1,6.5,1.46,4,Engineering,PhD,0,3,1
20,0,29619.0,3.14,84.0,36.0,0,1,2.4,3.1,3,Engineering,High School,0,0,1
22,1,25000.0,4.88,64.6,33.6,0,0,9.6,1.1,1,Science,Bachelor,1,1,4
22,1,25000.0,1.35,81.1,39.1,0,0,10.0,0.27,4,Engineering,Bachelor,1,1,1
21,1,25000.0,3.7,72.7,5.0,0,0,8.1,1.79,3,Engineering,Bachelor,1,1,1
19,0,42344.0,2.43,81.4,9.8,0,0,5.7,2.66,3,Science,Bachelor,0,1,4
21,1,28774.0,4.3,80.5,23.4,1,0,4.8,3.59,4,Engineering,High School,0,0,1
23,0,25000.0,4.06,75.1,41.0,1,1,4.8,1.11,1,Arts,High School,1,0,0
19,0,25000.0,5.21,91.4,26.8,1,0,6.9,3.68,2,Science,Bachelor,0,1,4
25,1,25000.0,0.99,89.6,26.3,0,0,7.4,1.87,3,Engineering,High School,0,0,1
19,0,25000.0,4.56,73.0,30.2,0,0,4.3,3.62,1,Engineering,High School,0,0,1
21,1,28160.0,4.050000000000001,94.6,19.9,1,0,5.5,0.95,1,Science,Master,0,2,4
19,0,32867.0,5.89,72.8,35.6,1,0,7.8,1.63,4,Engineering,Bachelor,0,1,1
21,0,47822.0,3.42,95.3,32.3,0,1,5.3,0.55,3,Business,High School,1,0,3
17,1,25000.0,2.94,80.3,36.0,0,1,5.7,2.68,4,Arts,High School,1,0,0
19,1,25000.0,3.29,78.8,48.2,0,0,8.0,3.64,4,CS,Bachelor,0,1,2
18,0,53888.0,4.74,93.9,27.2,0,1,7.7,2.8,3,CS,High School,0,0,2
21,1,25000.0,4.91,80.7,31.3,1,1,6.9,2.04,3,Science,Master,0,2,4
23,0,25000.0,3.97,90.8,18.2,0,0,3.6,3.03,3,Engineering,Bachelor,0,1,1
22,1,28973.0,2.73,71.6,15.0,1,0,3.6,2.48,1,Science,Bachelor,0,1,4
17,0,35645.0,2.46,82.2,29.9,1,0,4.2,3.59,4,CS,High School,0,0,2
25,1,25000.0,4.88,85.8,31.2,1,1,4.6,2.93,3,Engineering,Bachelor,0,1,1
21,1,25000.0,4.68,91.6,38.3,0,0,5.9,1.75,4,Business,Bachelor,0,1,3
19,1,25000.0,4.53,87.7,36.9,0,1,5.3,2.51,4,Business,High School,0,0,3
21,1,69559.0,6.06,82.4,33.1,1,1,5.2,0.95,2,Science,High School,1,0,4
21,0,29803.5,4.05,85.8,50.2,0,0,5.5,0.08,2,Science,High School,0,0,4
19,1,25000.0,6.57,76.2,26.3,1,1,3.9,3.37,1,Arts,Master,0,2,0
21,0,25000.0,4.44,86.8,27.7,0,1,4.7,3.62,2,Arts,Bachelor,0,1,0
19,0,25578.0,3.34,85.8,33.4,1,0,9.9,0.47,3,CS,Bachelor,0,1,2
20,0,34294.0,3.93,75.8,15.8,1,0,6.8,1.14,1,CS,Bachelor,0,1,2
19,1,29684.0,3.95,83.0,38.3,1,0,5.5,0.7,2,Arts,Bachelor,1,1,0
17,0,32032.0,2.67,88.2,30.9,1,1,2.8,3.54,4,Engineering,Master,0,2,1
21,0,25000.0,3.85,100.0,31.1,1,1,3.7,3.61,2,Science,Master,0,2,4
22,1,25000.0,5.01,91.5,36.5,1,0,5.4,1.42,4,Engineering,High School,0,0,1
22,1,46182.0,3.08,83.8,34.5,0,0,7.9,1.84,3,Arts,Bachelor,0,1,0
22,0,25000.0,6.79,84.3,34.9,0,1,5.9,2.14,3,Engineering,Master,0,2,1
21,0,25000.0,3.94,80.8,25.3,0,1,5.9,0.95,1,Business,Bachelor,1,1,3
19,1,42552.0,3.22,82.9,48.8,1,0,7.5,3.7,4,CS,Bachelor,0,1,2
22,1,50270.0,2.33,88.2,12.5,0,0,3.8,2.93,3,Business,Master,1,2,3
18,0,26483.0,3.32,88.0,21.8,0,1,8.0,0.81,2,Arts,Bachelor,0,1,0
19,1,25000.0,5.88,81.3,23.4,0,0,4.8,2.28,3,Arts,High School,0,0,0
18,1,25000.0,6.24,73.2,21.4,1,1,7.6,1.64,4,Science,High School,1,0,4
23,1,28160.0,4.2,80.3,9.0,1,0,5.5,1.9,2,CS,Master,0,2,2
23,1,65596.0,4.07,75.3,49.7,1,0,3.9,3.56,3,Business,PhD,0,3,3
22,1,138565.0,2.13,72.3,37.7,0,0,5.5,1.88,3,Arts,Bachelor,0,1,0
23,1,37491.0,0.66,86.9,22.4,1,0,6.9,0.71,4,Business,High School,1,0,3
19,0,28839.0,4.25,84.8,38.4,1,1,5.0,1.31,3,CS,High School,0,0,2
21,1,25000.0,3.48,74.6,28.1,1,0,5.0,2.88,2,Science,Bachelor,0,1,4
20,1,25000.0,3.29,79.4,26.5,0,1,4.8,1.75,3,Science,High School,0,0,4
22,0,33063.0,4.52,84.5,18.5,0,0,2.2,2.95,3,Science,PhD,1,3,4
20,1,121808.0,2.26,84.1,30.2,1,0,7.4,2.49,4,Business,Bachelor,0,1,3
20,0,63735.0,5.9,85.5,22.4,1,1,3.7,3.02,3,Business,Master,0,2,3
22,0,58101.0,6.42,75.9,18.3,0,0,1.4,3.68,4,Business,Bachelor,0,1,3
22,0,34453.0,4.9,84.9,41.5,1,0,7.4,2.91,2,CS,Master,0,2,2
19,1,36891.0,3.61,81.6,20.1,0,1,6.4,2.88,4,Business,Bachelor,0,1,3
20,1,25000.0,3.21,88.2,46.9,1,0,3.1,3.18,2,Engineering,Bachelor,0,1,1
18,0,46981.0,3.6,90.6,21.4,1,0,7.5,2.84,4,CS,Bachelor,0,1,2
17,1,25000.0,4.42,100.0,12.0,0,0,6.7,1.38,4,CS,Master,0,2,2
21,0,25000.0,5.31,92.5,36.3,0,1,5.5,3.96,4,Arts,Master,1,2,0
22,1,25000.0,4.59,83.0,24.6,1,0,4.9,2.66,2,CS,High School,0,0,2
21,1,25000.0,5.64,81.7,11.0,1,1,5.3,2.82,2,Arts,Master,1,2,0
17,1,25000.0,4.72,74.5,33.1,0,1,5.9,3.24,4,Business,Master,0,2,3
20,1,29981.0,5.34,74.7,14.3,0,0,4.1,2.81,4,Engineering,High School,0,0,1
17,0,25000.0,3.96,84.2,6.1,1,1,7.5,2.0,4,CS,High School,0,0,2
24,1,31577.0,2.51,84.4,38.1,0,0,6.5,0.05,1,CS,High School,0,0,2
18,1,25000.0,5.67,100.0,47.9,0,1,5.3,2.23,2,Arts,Bachelor,0,1,0
23,0,26149.0,6.84,76.2,25.3,1,0,8.6,2.48,4,Engineering,High School,0,0,1
23,1,27677.5,3.98,75.3,44.5,0,0,5.5,1.72,2,Business,PhD,0,3,3
19,1,25000.0,3.29,84.0,39.6,0,0,8.3,1.88,2,Engineering,Master,1,2,1
18,0,32404.0,4.62,78.0,38.0,1,0,6.0,2.04,2,Arts,PhD,1,3,0
21,1,25000.0,3.54,85.1,28.0,1,0,6.9,1.75,4,Business,Bachelor,1,1,3
19,1,25000.0,4.04,78.2,22.8,0,0,4.8,1.2,3,CS,High School,0,0,2
21,1,41830.0,4.11,79.7,34.1,1,0,2.1,3.25,1,Science,Master,0,2,4
19,0,25000.0,3.02,85.4,37.8,1,1,6.4,0.78,3,Engineering,Master,1,2,1
17,0,86398.0,3.07,77.5,14.9,1,0,3.4,1.9,2,Science,Bachelor,1,1,4
17,0,61245.0,3.91,79.1,26.1,1,0,4.4,1.98,3,Arts,Bachelor,1,1,0
21,1,25000.0,3.74,86.2,27.7,0,0,5.6,2.01,1,Business,Master,0,2,3
19,1,25000.0,4.74,82.4,26.6,0,0,4.3,2.13,1,Arts,Bachelor,0,1,0
19,1,33562.0,4.35,76.9,21.9,1,0,5.4,3.66,1,CS,Master,0,2,2
22,0,25000.0,4.79,78.1,14.0,1,0,5.9,1.35,1,Science,High School,0,0,4
23,0,25000.0,3.82,90.3,26.3,1,1,2.8,3.64,2,Arts,Bachelor,0,1,0
20,1,25000.0,2.95,84.5,26.7,0,0,6.0,1.49,1,CS,Master,0,2,2
20,1,27435.0,2.64,79.1,24.3,0,1,4.4,2.86,2,Arts,Bachelor,0,1,0
22,1,31466.0,5.29,88.9,37.8,1,0,3.6,3.8,4,Arts,Master,0,2,0
18,1,25000.0,3.37,85.5,13.6,1,1,1.9,2.96,1,Science,Master,0,2,4
21,1,63855.0,3.18,92.8,33.4,0,1,2.7,3.91,1,Science,Bachelor,0,1,4
22,1,28160.0,3.955,89.1,8.5,1,0,5.5,2.6,1,Engineering,Master,0,2,1
22,1,25000.0,3.49,91.3,29.2,1,0,5.6,3.11,4,Science,High School,0,0,4
17,0,39814.0,1.17,79.3,5.0,0,0,6.4,0.0,4,Engineering,High School,0,0,1
19,1,25000.0,4.29,74.9,19.3,0,0,8.6,3.41,1,CS,PhD,0,3,2
19,1,25000.0,3.29,88.2,29.7,0,0,7.9,2.38,4,Arts,Bachelor,0,1,0
21,0,32017.0,3.06,88.3,12.9,1,1,7.3,0.37,4,Engineering,Bachelor,0,1,1
22,0,25000.0,3.82,81.2,13.0,1,1,7.6,0.3,1,Arts,Master,0,2,0
24,0,27451.0,1.34,73.7,41.8,1,0,5.8,1.8,1,Science,Bachelor,0,1,4
19,1,25000.0,1.58,84.5,10.9,1,1,5.8,0.48,2,CS,Bachelor,0,1,2
19,0,25000.0,3.4,85.1,28.6,0,0,8.3,0.97,3,Business,High School,0,0,3
23,0,25000.0,4.73,71.1,47.7,0,0,5.9,0.9,3,Business,Master,1,2,3
21,1,32330.0,3.66,85.0,31.7,1,0,5.9,2.01,3,CS,High School,0,0,2
23,0,25000.0,3.6,91.2,30.3,1,0,7.6,2.21,3,Business,PhD,1,3,3
21,1,26878.0,4.0,71.5,21.4,0,0,5.0,3.05,4,Engineering,Bachelor,1,1,1
18,0,25000.0,5.16,86.2,21.5,0,1,5.3,3.05,4,CS,PhD,0,3,2
18,1,26268.0,4.05,92.5,28.0,1,0,3.0,2.35,4,Science,High School,0,0,4
17,0,27179.0,3.93,93.0,6.0,1,0,4.7,2.87,4,Business,Master,0,2,3
22,0,33396.0,3.28,67.0,42.2,0,1,4.9,1.59,3,CS,Bachelor,1,1,2
23,0,25000.0,3.49,90.7,32.5,1,1,5.0,1.94,4,Arts,Bachelor,1,1,0
25,1,62669.0,4.23,79.5,9.0,1,0,7.0,1.29,3,CS,High School,1,0,2
22,1,25000.0,5.71,78.6,42.3,0,0,3.7,3.09,3,Science,Master,0,2,4
23,0,25953.0,4.31,100.0,38.2,1,1,8.2,2.66,2,Business,PhD,0,3,3
19,1,49106.0,2.94,83.8,35.3,1,0,1.8,4.0,1,Arts,PhD,0,3,0
18,0,39579.0,3.61,78.9,56.8,0,0,6.6,2.33,4,Science,Bachelor,0,1,4
22,1,25000.0,5.44,88.4,31.2,1,1,7.0,3.61,4,Engineering,High School,0,0,1
21,1,25000.0,4.1,95.5,48.4,1,0,6.7,2.34,2,CS,Bachelor,0,1,2
21,1,25000.0,2.2,83.4,30.3,1,1,7.5,2.34,3,Arts,Bachelor,0,1,0
21,1,42597.0,4.56,77.7,35.4,0,1,5.1,1.36,1,Arts,Bachelor,1,1,0
21,1,25000.0,3.16,82.7,23.4,1,0,7.8,1.88,2,Arts,Bachelor,0,1,0
23,1,34651.0,2.51,90.7,7.4,1,0,4.3,3.94,2,Engineering,Bachelor,0,1,1
23,1,34842.0,4.11,79.5,8.1,0,1,4.4,1.39,1,Engineering,Bachelor,1,1,1
22,1,123135.0,2.91,90.7,29.0,0,0,9.2,1.3,3,Science,Bachelor,0,1,4
22,1,35881.0,5.06,80.9,27.2,1,0,5.8,3.14,4,Arts,High School,0,0,0
22,1,25000.0,4.12,67.2,15.8,1,0,7.2,0.33,3,Engineering,High School,1,0,1
20,1,25000.0,5.75,94.2,26.7,1,0,6.4,0.99,1,CS,Bachelor,0,1,2
22,1,25197.0,4.45,84.7,35.4,0,0,6.8,3.88,3,Science,PhD,0,3,4
17,1,27682.0,3.35,90.4,45.5,1,0,1.9,3.71,1,Business,Bachelor,0,1,3
23,0,25000.0,3.34,84.4,21.7,0,0,6.2,3.06,3,Business,Master,0,2,3
18,0,25000.0,3.53,82.3,34.7,0,1,5.5,1.79,2,Engineering,Master,0,2,1
21,0,35540.0,4.64,87.9,50.9,1,0,7.3,2.63,2,Science,Master,0,2,4
19,0,25000.0,2.13,80.8,39.0,0,0,4.1,2.65,1,Arts,Bachelor,0,1,0
22,0,53166.0,4.36,96.5,20.8,1,0,7.6,4.0,2,Arts,Bachelor,0,1,0
20,1,25000.0,2.8,81.8,31.2,1,1,3.3,3.63,2,Arts,Bachelor,0,1,0
17,1,44629.0,6.91,96.5,32.2,1,0,4.7,4.0,3,Business,Bachelor,0,1,3
21,1,51448.0,4.72,86.8,37.6,1,1,2.7,3.96,2,CS,Master,0,2,2
19,0,52781.0,4.85,63.0,30.5,1,1,3.6,2.44,2,Arts,High School,0,0,0
22,1,25000.0,4.09,74.1,35.8,1,0,5.5,1.45,2,Arts,Bachelor,0,1,0
21,1,35909.0,1.93,88.8,42.2,0,0,8.0,0.68,2,Science,Bachelor,0,1,4
21,1,25000.0,4.02,74.7,17.4,0,1,5.6,0.32,2,Business,Bachelor,1,1,3
18,0,25000.0,4.51,71.1,14.2,0,1,3.2,1.79,4,Business,Bachelor,0,1,3
19,1,25000.0,3.26,92.3,37.3,0,1,1.7,4.0,4,Business,High School,0,0,3
20,1,25000.0,3.9,69.3,28.2,0,0,6.7,1.35,1,Arts,Bachelor,0,1,0
22,1,51661.0,4.82,88.2,40.4,0,0,4.3,3.57,2,Science,Master,0,2,4
24,1,40451.0,4.14,79.1,43.1,0,0,4.6,3.96,3,CS,PhD,0,3,2
19,1,25000.0,4.35,87.6,7.8,0,0,7.4,0.0,1,Engineering,High School,1,0,1
23,1,25000.0,4.68,84.1,20.0,1,0,5.3,1.16,3,CS,High School,0,0,2
17,1,25000.0,5.61,65.4,28.5,0,1,5.0,2.23,3,Engineering,High School,1,0,1
18,1,28469.0,2.92,79.5,17.7,1,1,5.8,1.61,4,Engineering,Master,1,2,1
18,1,54384.0,6.52,80.0,24.3,1,0,8.2,2.71,2,CS,Master,0,2,2
18,0,45002.0,6.52,85.3,14.7,0,0,6.0,3.53,4,Business,Bachelor,0,1,3
17,0,30664.0,3.28,84.5,24.7,0,1,1.6,3.26,4,Arts,High School,0,0,0
21,0,25428.0,4.87,80.0,18.4,1,0,4.0,2.19,1,Science,Bachelor,0,1,4
20,0,25000.0,6.37,72.9,34.1,1,1,5.0,3.99,2,Arts,Master,0,2,0
21,0,64550.0,5.87,85.8,40.8,0,0,7.1,0.29,3,CS,Master,0,2,2
22,0,25000.0,1.77,89.0,34.9,0,1,3.3,3.05,4,Business,Bachelor,0,1,3
21,1,75577.0,3.8,84.6,61.2,0,0,5.8,3.57,3,CS,Bachelor,0,1,2
22,0,33445.0,3.35,80.2,41.3,1,1,5.4,3.91,2,CS,High School,0,0,2
20,0,100225.0,5.11,79.0,40.8,1,0,7.3,3.36,4,Business,Bachelor,0,1,3
18,1,42779.0,5.23,74.7,29.0,1,0,3.7,3.2,3,Business,Master,0,2,3
23,1,25000.0,2.46,84.0,26.3,1,0,5.8,2.0,3,Science,Master,1,2,4
19,1,25000.0,3.08,83.5,45.3,1,0,8.3,0.97,2,Arts,Bachelor,1,1,0
18,1,30885.0,4.38,88.7,27.0,0,1,5.5,3.97,4,Engineering,High School,0,0,1
20,0,25000.0,3.89,77.0,30.4,1,0,6.6,1.85,4,Science,High School,0,0,4
19,0,25000.0,3.63,83.0,27.9,0,1,4.9,3.7,1,CS,Bachelor,0,1,2
20,0,29803.0,3.7,71.5,36.5,0,0,5.5,3.9,3,Science,Master,0,2,4
21,0,29835.0,6.35,79.3,40.7,0,0,5.3,3.85,1,Business,Bachelor,0,1,3
21,0,34284.0,4.35,77.5,42.8,1,1,7.0,0.17,2,CS,Bachelor,1,1,2
19,1,25000.0,3.61,90.5,26.4,1,1,6.4,2.14,2,Science,Bachelor,0,1,4
19,0,95240.0,5.05,95.7,32.2,1,1,4.4,3.62,4,Science,Bachelor,0,1,4
23,0,29718.0,3.79,57.6,34.0,0,1,5.5,2.84,4,Business,Bachelor,1,1,3
22,0,25000.0,3.77,89.3,47.6,0,0,7.7,2.51,2,CS,Bachelor,0,1,2
25,1,25000.0,4.23,87.4,8.6,0,0,3.9,3.31,3,Science,High School,0,0,4
23,0,30821.0,2.45,77.6,30.1,0,0,4.9,2.46,2,CS,Bachelor,1,1,2
23,0,25431.0,3.6,76.0,22.3,1,0,5.2,3.44,3,Business,Master,0,2,3
17,0,47564.0,2.96,75.9,23.6,0,0,7.0,2.22,4,Business,Bachelor,1,1,3
22,0,27282.0,5.05,79.0,19.8,1,0,4.0,3.54,2,Arts,High School,0,0,0
20,0,25000.0,2.66,79.1,36.5,1,1,4.3,2.56,4,CS,Bachelor,0,1,2
19,1,81018.0,2.78,80.8,5.0,0,1,7.1,1.94,3,Business,Master,1,2,3
21,0,38614.0,3.08,77.9,28.3,1,1,6.5,1.27,1,CS,Bachelor,0,1,2
23,1,25528.0,2.98,88.4,8.1,0,0,2.0,3.26,3,CS,Bachelor,0,1,2
22,1,32820.0,6.18,86.1,21.7,1,0,6.7,3.74,4,CS,High School,0,0,2
19,1,39515.0,5.41,80.6,27.4,1,0,2.8,1.67,3,CS,High School,0,0,2
22,0,25000.0,4.64,77.7,25.1,1,1,4.4,0.29,3,Engineering,Bachelor,1,1,1
19,0,32683.0,3.47,77.5,38.2,0,1,4.8,3.41,4,Business,High School,0,0,3
21,0,25000.0,3.92,85.5,45.0,1,1,4.7,2.29,4,Science,Master,0,2,4
20,1,40311.0,6.05,82.4,53.5,1,1,4.3,2.9,2,Science,High School,1,0,4
20,1,25000.0,3.6,83.6,29.9,1,1,3.6,1.0,3,Arts,High School,0,0,0
22,0,25000.0,2.6,88.9,43.9,1,1,6.4,3.23,1,Business,Bachelor,0,1,3
18,1,80638.0,5.06,81.6,47.6,0,1,2.6,3.61,3,Arts,Bachelor,0,1,0
25,1,62227.0,3.69,93.0,24.3,1,1,4.5,2.6,2,Business,Bachelor,0,1,3
17,1,25000.0,3.77,66.0,44.8,1,1,6.9,1.46,1,Engineering,Bachelor,1,1,1
19,0,59519.0,3.71,71.5,5.0,1,0,6.2,1.36,4,Arts,Bachelor,0,1,0
21,1,28447.0,3.8,96.5,33.6,0,0,3.0,4.0,1,Business,Bachelor,0,1,3
22,0,25000.0,4.65,78.8,49.3,0,0,2.0,3.24,3,CS,Master,0,2,2
20,1,25000.0,3.6,84.4,31.2,1,0,3.5,3.2,3,Business,Bachelor,0,1,3
20,0,25000.0,4.4,92.0,27.7,0,0,1.6,4.0,3,Business,Bachelor,0,1,3
21,0,25000.0,5.36,84.7,27.7,1,1,5.7,3.6,4,Engineering,High School,0,0,1
20,1,25000.0,5.92,89.3,47.6,0,1,4.7,3.99,4,Arts,High School,0,0,0
24,1,25000.0,2.83,86.9,10.9,0,0,4.8,0.38,3,CS,High School,0,0,2
22,0,25000.0,5.33,89.9,25.3,0,1,6.4,3.58,2,Engineering,Master,1,2,1
22,0,36100.0,5.47,85.9,40.1,1,0,7.1,3.19,1,Business,High School,0,0,3
18,1,30640.0,5.64,87.8,33.8,0,0,5.9,1.33,3,Engineering,Bachelor,0,1,1
20,1,41503.0,4.06,77.4,44.2,0,0,5.1,1.72,4,Science,High School,0,0,4
20,1,28572.0,3.69,86.2,38.2,0,0,4.2,2.89,3,Science,Bachelor,0,1,4
18,1,25000.0,1.99,81.7,24.3,0,0,4.9,2.4,3,Science,Master,0,2,4
21,0,40001.0,4.13,81.3,37.0,1,0,5.9,2.01,4,Science,Bachelor,1,1,4
19,1,25000.0,6.32,68.6,14.2,0,0,7.2,3.37,3,CS,High School,0,0,2
22,1,43825.0,4.41,78.6,5.8,0,0,3.0,3.04,1,Science,Master,0,2,4
18,1,25000.0,3.72,80.9,22.7,0,1,3.5,2.91,4,Business,Bachelor,0,1,3
24,0,25000.0,4.75,94.4,31.0,1,1,5.5,2.37,4,Business,High School,0,0,3
19,1,25000.0,2.46,79.8,20.3,0,0,1.7,1.69,2,Business,Master,1,2,3
21,1,44562.0,3.65,84.3,32.1,1,1,6.0,2.18,4,CS,Master,0,2,2
22,1,33044.0,5.06,93.0,30.7,0,0,7.4,2.08,1,Engineering,High School,1,0,1
19,1,30092.0,4.73,72.1,7.7,0,1,9.7,0.81,4,Engineering,Master,1,2,1
22,1,92171.0,3.35,78.9,23.5,1,1,5.6,0.01,4,CS,High School,1,0,2
18,1,25000.0,6.32,89.0,41.3,1,0,7.0,2.32,4,Business,High School,1,0,3
24,0,25000.0,2.1,100.0,35.8,0,0,5.5,2.44,1,Business,High School,0,0,3
21,0,25000.0,4.41,66.1,21.6,1,0,8.4,0.0,1,Arts,Master,1,2,0
19,1,25000.0,5.1,81.1,37.4,1,1,4.7,2.76,2,Science,Bachelor,0,1,4
20,1,25000.0,5.61,87.0,51.1,1,0,6.1,2.38,1,Science,Master,0,2,4
22,0,44921.0,4.16,88.7,24.9,1,0,6.6,1.16,1,CS,Bachelor,0,1,2
19,1,25000.0,5.0,100.0,38.9,1,0,6.2,3.28,2,Business,Master,0,2,3
19,0,25000.0,4.01,76.8,37.0,1,0,4.1,1.5,3,CS,High School,1,0,2
20,0,29684.0,3.87,80.1,24.3,1,0,5.5,2.27,2,Arts,Bachelor,0,1,0
18,0,25000.0,4.42,69.0,16.4,1,1,7.3,0.0,3,Arts,Bachelor,1,1,0
25,1,25000.0,5.51,83.0,49.8,1,1,6.0,2.01,2,Arts,Bachelor,1,1,0
19,0,43715.0,2.5,86.1,43.1,1,0,5.6,1.97,3,Business,Bachelor,1,1,3
22,1,25000.0,3.85,98.7,26.7,0,1,7.1,3.75,1,Engineering,Bachelor,0,1,1
21,1,25000.0,4.7,95.6,44.6,1,1,7.0,3.23,2,CS,Bachelor,0,1,2
18,1,57073.0,4.69,94.1,36.7,1,0,6.1,3.83,1,Engineering,Bachelor,0,1,1
21,0,25000.0,3.26,76.4,44.5,0,0,6.6,0.0,1,Engineering,Master,0,2,1
22,1,25000.0,1.58,85.4,8.5,1,0,4.6,3.07,4,Arts,Bachelor,1,1,0
20,0,64056.0,1.71,85.1,25.1,1,1,6.5,1.85,1,CS,High School,0,0,2
23,0,46209.0,2.77,85.7,48.9,0,1,2.7,3.24,2,Science,High School,0,0,4
23,1,50093.0,7.62,81.7,61.8,1,0,5.5,3.6,3,CS,Bachelor,0,1,2
23,1,25000.0,0.5,91.0,25.3,0,1,6.8,1.04,2,Engineering,High School,0,0,1
20,0,73679.0,3.78,79.2,25.1,1,0,4.2,1.9,1,Engineering,Bachelor,1,1,1
18,1,25000.0,3.62,84.6,38.2,1,0,5.8,2.59,3,Business,Master,0,2,3
19,1,25000.0,4.05,93.6,34.1,1,0,6.0,3.21,3,Arts,Master,0,2,0
21,1,25000.0,3.89,99.2,36.4,1,0,3.9,3.08,1,Business,Bachelor,0,1,3
22,1,52479.0,2.73,75.4,5.0,1,0,7.5,1.32,1,Engineering,Bachelor,1,1,1
17,0,26692.0,5.32,86.4,27.1,1,0,6.1,2.9,2,Science,Master,0,2,4
21,1,39698.0,1.88,85.6,39.7,1,0,2.5,3.7,1,Business,PhD,0,3,3
21,0,31118.0,6.43,91.8,5.0,1,0,5.7,3.17,2,Science,Bachelor,0,1,4
20,1,28085.0,4.59,95.1,10.6,1,0,8.1,3.52,2,Science,PhD,0,3,4
23,0,25000.0,2.82,79.3,8.7,0,1,5.5,1.5,2,CS,Bachelor,1,1,2
21,0,88193.0,3.1,81.4,37.8,0,1,4.3,2.85,2,Arts,High School,0,0,0
23,1,25000.0,5.49,82.6,18.8,1,0,4.5,3.7,1,Business,High School,0,0,3
20,0,38076.0,2.25,85.8,15.6,1,0,5.2,1.51,4,CS,Bachelor,0,1,2
23,0,37272.0,4.06,88.6,30.7,1,0,3.3,1.12,1,Arts,High School,1,0,0
24,0,59434.0,3.96,79.0,15.1,0,0,8.0,2.82,3,CS,Master,0,2,2
23,1,68381.0,3.92,96.9,35.4,1,1,7.2,0.59,3,Arts,Bachelor,1,1,0
18,1,27380.0,4.71,67.4,59.0,1,1,7.4,0.94,4,Science,Master,1,2,4
20,0,40873.0,4.84,72.4,25.6,1,0,2.8,2.24,4,Business,High School,0,0,3
20,0,85727.0,4.54,86.9,6.7,1,0,5.7,4.0,4,Engineering,Bachelor,0,1,1
22,0,28592.0,5.46,80.7,24.6,0,0,7.4,2.98,1,Science,High School,0,0,4
22,1,25000.0,4.33,77.5,35.9,1,0,3.8,3.66,4,Engineering,Master,0,2,1
19,1,25000.0,3.35,89.7,34.7,1,0,5.4,1.69,2,Engineering,Master,1,2,1
21,0,25000.0,2.53,88.5,40.1,1,1,3.5,1.88,2,Engineering,High School,1,0,1
17,0,37164.0,4.08,92.0,22.9,1,0,7.0,2.84,1,Engineering,High School,0,0,1
24,0,56313.0,4.51,73.7,26.6,1,1,5.1,1.31,3,Science,High School,1,0,4
19,0,29803.5,3.7,88.5,5.0,0,0,5.5,1.39,3,Science,High School,0,0,4
21,0,25000.0,4.58,88.4,37.4,1,1,3.5,2.93,3,Arts,Bachelor,0,1,0
20,1,54885.0,2.87,73.9,14.3,0,1,8.3,1.5,1,CS,Bachelor,1,1,2
23,0,25000.0,2.83,82.3,32.4,0,0,5.6,0.93,4,Business,Bachelor,1,1,3
17,0,25000.0,4.2,89.8,19.5,1,1,6.9,2.47,3,Arts,High School,1,0,0
21,1,26715.0,1.27,92.7,29.0,1,1,6.2,1.66,4,Science,Bachelor,1,1,4
20,0,34581.0,5.88,80.8,41.5,1,0,3.9,2.44,3,Arts,Master,0,2,0
20,1,38305.0,5.19,73.2,24.8,1,0,2.5,3.97,4,CS,Master,0,2,2
24,1,28576.0,2.45,94.3,21.1,1,1,5.2,2.05,2,Engineering,High School,0,0,1
19,0,85479.0,3.75,82.3,30.0,0,1,7.5,1.72,4,Engineering,Bachelor,1,1,1
22,1,30918.0,4.2,66.9,22.3,1,1,2.0,3.92,1,Science,High School,0,0,4
21,0,55315.0,3.03,80.1,18.7,1,1,9.0,0.86,2,Science,PhD,1,3,4
23,1,28160.0,3.9,76.1,52.4,1,0,5.5,1.95,1,Arts,Master,1,2,0
19,1,25000.0,3.84,72.2,7.7,0,1,5.8,0.08,4,CS,Master,1,2,2
19,1,26854.0,3.99,82.9,37.8,1,0,5.3,0.82,4,Engineering,Master,0,2,1
23,1,106297.0,3.83,79.4,28.4,0,1,7.0,2.89,3,Arts,High School,0,0,0
21,1,25000.0,4.07,81.7,20.1,1,1,3.3,2.54,4,Engineering,Bachelor,0,1,1
17,1,30604.5,4.26,78.5,34.2,0,0,5.5,1.54,2,CS,Bachelor,0,1,2
19,1,29590.0,4.03,86.0,30.4,1,1,5.5,2.25,1,Arts,Bachelor,1,1,0
21,0,25000.0,4.56,80.2,45.8,0,1,8.7,3.17,2,Science,Bachelor,0,1,4
22,1,25000.0,5.52,87.3,16.4,0,0,4.8,1.62,3,Business,Bachelor,0,1,3
19,0,25000.0,4.59,79.1,23.8,0,0,5.6,2.4,4,CS,High School,0,0,2
17,0,70207.0,6.26,90.9,42.1,0,1,5.4,3.37,1,Engineering,Bachelor,0,1,1
22,1,27393.0,2.18,82.1,27.5,1,0,4.6,0.83,1,Business,Bachelor,1,1,3
18,0,25000.0,3.24,72.3,36.6,0,1,8.2,2.22,4,CS,High School,0,0,2
17,0,25000.0,4.47,75.2,44.6,1,0,3.7,3.5,1,Engineering,Master,0,2,1
17,1,111757.0,4.32,72.7,36.7,1,0,2.8,3.96,4,Business,High School,1,0,3
22,0,29718.0,4.13,58.2,22.7,0,0,5.5,3.0,4,Engineering,Bachelor,0,1,1
21,0,38590.0,4.8,71.5,25.8,0,0,4.2,1.75,4,Engineering,Bachelor,0,1,1
20,1,25000.0,4.27,73.3,44.7,1,0,6.0,2.28,3,Business,High School,0,0,3
24,1,36047.0,5.53,82.0,31.9,1,1,6.6,0.5,1,Arts,Bachelor,0,1,0
22,1,71367.0,2.62,87.9,27.6,1,0,5.8,0.0,1,CS,Bachelor,1,1,2
24,0,25000.0,4.07,71.2,34.6,1,1,5.5,1.69,3,Arts,Bachelor,0,1,0
17,0,39150.0,3.42,75.6,14.6,1,0,1.8,3.29,2,Engineering,Bachelor,0,1,1
20,1,25000.0,5.11,88.4,27.2,1,0,6.5,2.0,4,Business,Master,0,2,3
17,0,100079.0,4.71,80.7,29.1,1,1,5.9,3.29,4,CS,Bachelor,0,1,2
20,1,34931.0,3.37,68.3,28.9,1,1,8.9,0.12,2,Science,Bachelor,1,1,4
20,1,25000.0,5.3,82.3,25.3,0,1,7.5,3.3,2,CS,Bachelor,1,1,2
22,0,25000.0,3.97,84.9,26.3,1,0,2.8,4.0,1,Arts,Master,0,2,0
21,0,25000.0,2.38,84.5,28.6,0,1,7.4,1.55,1,Business,Bachelor,0,1,3
22,0,25000.0,3.67,100.0,47.5,1,0,3.2,2.19,4,Arts,PhD,0,3,0
22,1,25000.0,7.01,76.0,5.0,1,0,7.0,1.83,3,Engineering,Bachelor,0,1,1
25,0,28035.0,3.75,90.8,38.4,1,0,8.1,1.45,4,CS,High School,0,0,2
20,0,27339.0,4.31,81.8,29.0,1,0,8.9,2.31,3,Arts,Bachelor,0,1,0
18,1,39863.0,4.37,85.7,29.3,0,1,4.8,0.39,4,Science,High School,0,0,4
21,1,25000.0,3.94,76.8,25.1,1,0,6.8,0.56,2,Arts,Bachelor,1,1,0
19,0,25000.0,5.99,76.6,36.0,0,0,7.3,0.01,2,Engineering,High School,1,0,1
24,1,29594.0,4.95,72.0,41.4,0,1,6.3,2.09,3,Arts,High School,0,0,0
20,0,25000.0,4.85,70.3,7.2,1,0,2.5,3.97,4,CS,Master,0,2,2
19,1,32405.0,3.65,87.4,55.1,1,0,5.8,3.32,1,CS,High School,0,0,2
20,1,25000.0,4.9,77.7,31.7,1,0,6.5,2.09,2,Business,Bachelor,1,1,3
22,0,58250.0,3.6,100.0,31.3,1,0,5.5,3.35,1,Engineering,Bachelor,0,1,1
20,1,44827.0,4.56,78.2,13.3,1,0,4.0,0.71,4,Business,High School,0,0,3
19,0,25000.0,6.68,87.4,23.1,0,1,5.1,3.29,4,CS,High School,0,0,2
24,1,44209.0,6.03,82.4,46.3,1,1,7.1,2.46,2,Arts,High School,0,0,0
19,0,31790.0,3.85,67.4,30.8,0,0,6.2,1.07,3,Arts,Bachelor,0,1,0
21,0,25000.0,4.29,71.2,35.0,1,1,6.3,2.05,2,Science,Master,0,2,4
22,0,25000.0,2.57,69.9,24.5,0,0,5.1,1.84,2,Engineering,High School,0,0,1
17,0,35949.0,3.68,93.8,53.6,0,0,6.3,3.43,3,CS,Master,0,2,2
22,1,25000.0,1.11,92.4,28.2,1,0,1.7,2.93,1,Business,Bachelor,0,1,3
18,1,57353.0,5.19,97.4,43.6,1,1,5.4,2.67,1,CS,High School,1,0,2
22,1,29984.0,3.03,64.2,28.2,1,0,4.8,2.61,1,Science,High School,0,0,4
18,0,25000.0,3.87,71.0,34.2,0,1,5.5,1.93,3,CS,Master,0,2,2
22,0,87440.0,3.41,86.8,34.2,0,1,3.4,3.86,4,Business,PhD,0,3,3
23,1,42019.0,5.34,75.9,41.1,1,1,6.2,0.57,1,Arts,Master,0,2,0
22,0,25000.0,5.78,87.6,38.9,1,1,9.0,2.36,3,Business,Bachelor,0,1,3
21,1,25000.0,5.83,78.4,24.3,1,0,5.6,2.69,3,Engineering,High School,0,0,1
20,1,25000.0,2.34,77.6,43.9,1,0,5.6,2.77,2,Science,Bachelor,0,1,4
19,0,25000.0,4.85,67.5,18.1,1,0,10.0,0.69,3,Business,Bachelor,1,1,3
24,1,27260.0,2.87,77.4,15.8,1,1,3.8,0.79,1,Arts,Bachelor,0,1,0
19,1,36770.0,4.19,85.0,26.5,1,0,6.4,1.46,1,Engineering,Master,0,2,1
18,1,30885.0,4.02,59.1,34.7,0,1,5.5,3.02,4,Business,High School,0,0,3
22,0,56768.0,3.66,82.5,17.7,1,1,4.8,1.85,2,Science,Bachelor,0,1,4
19,0,43563.0,4.29,73.6,29.1,0,0,7.0,2.02,4,Arts,High School,0,0,0
18,0,41976.0,3.2,75.8,13.4,1,0,5.8,3.81,1,Science,Bachelor,0,1,4
17,0,33553.0,5.42,76.4,26.8,1,0,3.6,0.95,4,CS,Bachelor,0,1,2
19,0,64349.0,3.72,85.7,41.7,0,0,5.2,1.77,3,Business,Bachelor,0,1,3
20,1,25000.0,3.31,88.9,19.9,1,0,5.4,2.93,2,Engineering,High School,0,0,1
21,1,25000.0,4.44,96.7,15.3,0,1,4.4,1.98,3,Science,PhD,0,3,4
23,1,25000.0,5.2,88.2,34.5,1,0,2.6,3.42,1,Science,Master,0,2,4
22,0,56033.0,2.19,84.9,20.5,0,0,4.8,1.43,3,Business,Master,0,2,3
20,1,28391.0,4.6,96.2,59.1,1,0,2.8,3.55,3,Business,High School,0,0,3
20,0,29590.0,4.17,69.2,32.3,1,1,5.5,1.18,3,Arts,Bachelor,0,1,0
22,1,25000.0,4.87,86.9,42.3,0,0,6.5,1.91,2,Business,Bachelor,1,1,3
23,1,31356.0,3.33,89.7,14.2,0,1,3.2,0.07,2,Business,Master,1,2,3
21,1,41270.0,2.88,83.4,35.5,0,0,5.6,1.75,4,Engineering,High School,0,0,1
20,1,25000.0,3.08,81.5,17.9,0,1,3.1,2.88,1,CS,Bachelor,1,1,2
18,1,36869.0,4.22,80.7,27.9,0,1,4.8,1.53,1,Science,High School,0,0,4
17,0,30357.0,4.7,77.4,21.0,0,0,4.3,3.69,1,Business,Bachelor,0,1,3
22,0,25000.0,3.19,78.0,42.5,0,0,6.4,1.39,2,Business,High School,0,0,3
22,0,60088.0,4.07,90.5,33.9,1,0,2.6,2.75,4,Business,Master,0,2,3
22,0,25000.0,3.16,73.2,31.4,0,0,7.3,2.34,2,Business,High School,1,0,3
20,1,35064.0,3.51,83.1,46.3,1,1,7.7,0.94,2,Engineering,Master,1,2,1
24,0,71168.0,3.36,81.8,30.2,0,1,5.2,2.75,2,CS,High School,0,0,2
19,1,25000.0,3.08,70.6,42.4,1,0,3.1,1.62,2,CS,High School,0,0,2
23,0,25000.0,2.41,88.7,51.6,1,0,1.7,1.44,1,Business,Bachelor,0,1,3
20,0,121441.0,3.9,71.3,31.7,1,1,7.5,1.96,1,CS,Bachelor,0,1,2
19,1,39523.0,5.47,76.0,33.1,0,1,9.1,0.99,4,Arts,PhD,0,3,0
22,0,25000.0,4.11,81.3,41.5,1,0,5.6,2.83,2,Business,Master,0,2,3
21,1,48126.0,3.61,93.9,47.2,0,0,3.4,3.32,2,Arts,Bachelor,0,1,0
21,1,25000.0,5.05,86.2,31.5,1,0,3.5,3.7,4,Business,PhD,0,3,3
21,0,25000.0,3.36,84.5,22.4,1,0,7.6,1.9,2,Arts,Bachelor,1,1,0
20,0,67739.0,4.25,92.8,40.4,1,0,5.8,1.84,2,CS,PhD,0,3,2
26,0,25000.0,1.98,79.9,36.9,1,1,3.8,0.49,4,Business,Bachelor,0,1,3
23,1,129447.0,3.99,98.0,40.3,1,1,9.6,1.47,4,Science,Bachelor,1,1,4
22,1,25000.0,3.57,86.0,38.4,0,1,7.4,1.57,3,Business,Master,1,2,3
21,0,106933.0,1.58,83.1,32.5,1,0,6.5,1.48,4,Arts,High School,0,0,0
23,1,25000.0,3.42,67.6,33.2,0,0,4.5,2.12,4,CS,Bachelor,0,1,2
22,0,31202.0,4.265000000000001,89.8,38.4,1,1,5.5,1.6,4,Science,High School,0,0,4
21,1,40128.0,3.23,86.3,12.6,0,0,7.1,3.87,3,Business,Bachelor,0,1,3
20,1,49151.0,4.64,80.2,46.0,0,1,5.3,3.71,3,Arts,Bachelor,0,1,0
20,1,53147.0,2.82,78.0,35.4,1,0,7.5,1.34,2,Arts,Bachelor,0,1,0
17,1,25000.0,3.08,98.1,19.8,0,0,7.4,3.85,1,Engineering,Master,0,2,1
21,0,25000.0,2.02,75.6,32.2,1,0,6.0,2.46,3,Arts,High School,0,0,0
19,1,28838.0,4.38,84.8,45.8,1,1,3.4,2.95,2,CS,PhD,0,3,2
24,0,33990.0,3.42,82.3,33.5,1,0,3.7,2.35,3,Arts,High School,1,0,0
21,1,25000.0,3.95,87.5,21.2,0,0,2.6,3.94,2,Arts,Bachelor,0,1,0
18,0,35120.0,5.49,66.6,14.7,1,1,7.9,2.24,2,CS,High School,1,0,2
20,1,29684.0,4.265000000000001,87.4,59.6,1,0,5.5,3.98,4,Engineering,Bachelor,0,1,1
18,1,25000.0,5.64,94.8,9.1,0,0,5.6,3.41,1,Arts,Bachelor,0,1,0
22,1,37684.0,3.67,66.8,34.0,1,1,2.6,2.86,1,CS,Bachelor,0,1,2
21,0,25328.0,5.37,74.4,23.0,0,0,8.5,0.78,2,Engineering,High School,1,0,1
23,1,25000.0,3.85,86.5,42.5,0,0,3.4,3.07,3,CS,High School,0,0,2
19,1,47688.0,1.88,80.9,15.4,0,1,6.1,2.85,2,Arts,Bachelor,0,1,0
21,1,25000.0,2.39,87.4,49.3,1,0,2.7,2.6,1,Engineering,Bachelor,0,1,1
18,0,25000.0,3.66,88.0,28.5,0,0,7.1,1.56,3,Science,PhD,1,3,4
22,0,31046.0,1.84,83.8,27.4,0,1,7.5,2.2,3,CS,Bachelor,1,1,2
22,0,67818.0,4.69,96.1,26.2,1,0,5.5,2.07,2,CS,Bachelor,0,1,2
22,0,33379.0,5.07,88.0,22.9,0,0,5.4,1.78,2,Engineering,High School,0,0,1
21,0,29684.0,3.73,56.400000000000006,25.6,1,0,5.5,0.99,2,CS,Bachelor,1,1,2
21,0,25000.0,3.63,87.6,38.6,0,1,4.4,2.81,1,Engineering,Bachelor,1,1,1
24,0,28365.0,3.88,81.7,9.3,0,0,7.5,2.36,1,Business,Bachelor,0,1,3
20,0,28873.0,4.9,86.4,21.0,1,0,6.0,2.36,3,CS,Master,0,2,2
21,0,35454.0,4.53,91.3,47.9,1,0,2.7,2.59,2,CS,High School,0,0,2
18,1,30258.0,3.95,79.9,28.9,1,0,5.5,2.55,2,Arts,PhD,0,3,0
19,1,66436.0,2.16,82.7,23.1,1,1,5.8,1.86,4,Arts,High School,0,0,0
21,0,25000.0,4.0,88.7,14.7,1,1,4.9,2.86,2,CS,High School,0,0,2
23,1,25000.0,3.83,73.4,16.0,0,0,5.8,1.61,2,CS,Bachelor,1,1,2
20,1,29590.0,4.390000000000001,78.3,41.8,1,1,5.5,0.47,1,CS,Bachelor,1,1,2
20,1,25000.0,6.75,77.5,20.1,1,0,5.2,3.35,1,CS,Bachelor,0,1,2
20,0,65375.0,4.22,90.3,39.7,1,1,6.9,2.26,2,CS,Bachelor,0,1,2
19,0,69070.0,3.16,95.8,18.2,1,1,6.7,2.63,4,Arts,High School,0,0,0
21,1,52424.0,3.27,100.0,28.5,1,0,6.6,1.37,2,Arts,Bachelor,0,1,0
17,0,26402.0,5.08,88.9,29.2,0,0,4.4,0.69,4,Business,Bachelor,0,1,3
23,0,35313.0,5.55,91.0,21.0,1,1,4.0,3.66,4,CS,Master,0,2,2
19,0,25000.0,4.8,68.2,30.9,0,0,6.2,3.71,3,CS,High School,0,0,2
22,0,98134.0,5.32,67.7,5.0,0,1,6.9,2.56,4,Science,Bachelor,1,1,4
18,1,25000.0,2.39,75.0,28.9,1,1,4.2,1.76,2,Science,Bachelor,0,1,4
22,0,25531.0,3.94,72.0,35.3,0,0,5.1,1.45,3,CS,Bachelor,0,1,2
22,1,31552.0,2.5,86.1,20.0,0,0,6.2,3.12,4,Science,Bachelor,0,1,4
21,1,27876.0,5.04,95.9,32.6,1,1,5.3,2.07,2,Business,High School,0,0,3
18,1,25000.0,5.17,82.1,31.8,0,0,7.6,3.1,2,CS,Bachelor,0,1,2
21,0,68638.0,2.71,76.8,32.3,1,1,3.1,3.95,1,Arts,Bachelor,0,1,0
18,0,52584.0,3.22,84.4,13.9,0,0,2.9,3.35,4,Science,Bachelor,0,1,4
20,0,36070.0,2.75,76.2,31.1,0,1,7.5,1.81,1,Business,High School,0,0,3
23,0,25000.0,4.29,77.7,9.3,0,0,6.6,0.59,4,CS,High School,0,0,2
22,1,56307.0,3.87,80.4,22.4,1,1,5.7,2.78,3,Arts,Master,0,2,0
21,0,25000.0,4.05,85.1,30.0,0,0,4.9,2.04,4,Science,Master,0,2,4
18,1,76285.0,3.58,68.7,32.5,1,0,6.3,3.35,3,CS,Bachelor,1,1,2
22,1,31784.0,6.38,65.8,15.5,1,1,5.8,1.79,3,Arts,Bachelor,0,1,0
21,1,29590.0,4.33,75.1,26.6,1,1,5.5,1.09,2,Arts,Bachelor,1,1,0
17,1,27770.0,3.81,86.2,39.5,0,0,5.4,3.41,1,Engineering,Master,0,2,1
22,0,31037.0,2.01,71.9,18.2,0,1,6.5,1.66,4,Engineering,Master,1,2,1
20,0,62023.0,1.8,96.7,5.0,1,0,7.2,0.24,1,Engineering,Master,0,2,1
23,0,110897.0,1.9,88.8,36.4,1,0,7.1,1.61,3,Science,Bachelor,0,1,4
18,0,75828.0,4.57,87.4,18.7,1,1,6.3,1.37,1,Engineering,PhD,0,3,1
17,1,50326.0,3.79,88.8,22.3,1,0,5.5,2.88,3,Business,PhD,0,3,3
21,0,42343.0,5.6,85.4,31.6,1,1,6.3,3.81,3,CS,Bachelor,0,1,2
21,0,25000.0,4.93,86.1,30.9,0,0,7.7,0.88,4,Business,Bachelor,1,1,3
17,1,35495.0,1.1,91.9,42.3,0,1,5.2,2.26,4,Science,PhD,0,3,4
18,0,25000.0,2.93,90.0,27.1,1,0,5.0,3.35,2,Business,Bachelor,0,1,3
27,1,37252.0,1.82,84.4,30.8,0,1,6.4,1.9,3,Science,Bachelor,1,1,4
20,0,38717.0,3.48,97.4,9.7,1,0,6.8,2.01,4,Arts,Bachelor,0,1,0
22,0,25000.0,4.4,82.6,37.5,1,1,5.3,3.94,4,CS,High School,0,0,2
19,1,30432.0,4.1,78.4,21.7,0,1,6.3,1.88,3,Science,Bachelor,1,1,4
17,1,38136.0,3.98,70.1,68.8,0,1,4.0,3.34,2,CS,Master,0,2,2
20,0,28276.0,2.47,76.2,27.4,1,0,5.5,2.3,1,Business,Master,0,2,3
20,0,36858.0,7.0,91.6,35.1,1,0,8.3,1.82,3,Science,PhD,0,3,4
20,0,25000.0,4.2,81.7,37.7,1,0,6.6,3.02,3,Science,Bachelor,0,1,4
20,0,25000.0,6.04,85.8,28.9,1,0,4.3,1.83,3,CS,Master,0,2,2
21,0,55324.0,5.06,82.6,35.2,1,1,4.6,2.94,4,Engineering,Bachelor,0,1,1
20,1,29743.0,4.79,72.4,57.1,0,0,3.3,2.86,1,Science,Master,0,2,4
18,0,36458.0,4.79,79.7,21.0,0,0,8.4,1.13,2,CS,Bachelor,1,1,2
22,0,25000.0,3.28,75.3,5.0,1,1,3.7,1.88,4,CS,Master,0,2,2
17,1,30082.0,3.23,78.5,14.4,1,1,1.0,2.88,4,Arts,Bachelor,0,1,0
17,0,25000.0,3.87,74.9,42.0,1,0,3.0,1.75,2,Engineering,Bachelor,0,1,1
22,0,49395.0,3.79,85.9,24.3,1,1,5.6,2.81,2,Science,Bachelor,0,1,4
22,1,87971.0,0.81,88.5,58.0,1,0,4.2,1.06,2,Business,Bachelor,0,1,3
20,0,25000.0,3.98,82.3,38.7,1,0,5.7,3.75,4,CS,High School,0,0,2
17,1,25000.0,4.74,66.1,22.2,0,1,6.1,2.16,4,Science,Master,1,2,4
19,0,38736.0,2.31,71.2,20.7,1,1,4.4,2.37,3,Arts,Master,0,2,0
20,0,71993.0,2.61,87.2,24.6,1,1,3.8,3.69,2,Arts,Bachelor,0,1,0
17,0,29695.0,4.08,76.0,5.2,0,0,7.1,1.1,3,Arts,PhD,0,3,0
19,0,25000.0,4.53,76.0,33.3,1,1,6.0,2.74,1,CS,High School,0,0,2
22,0,26234.0,3.78,82.6,38.3,0,0,1.0,3.68,4,Arts,Master,0,2,0
24,0,25000.0,4.45,75.7,18.4,1,0,2.7,3.23,3,Science,Bachelor,0,1,4
20,1,25000.0,4.17,65.0,11.4,1,0,2.3,3.65,1,Science,Bachelor,0,1,4
22,1,25000.0,3.5,74.6,19.1,0,0,5.2,2.44,1,Arts,Bachelor,0,1,0
17,0,25000.0,3.95,78.8,42.0,1,1,5.9,0.75,2,Business,High School,1,0,3
22,1,29219.0,3.88,77.6,39.6,1,0,5.5,2.45,2,Engineering,High School,0,0,1
19,1,29219.0,3.955,87.6,32.6,1,0,5.5,0.96,1,Engineering,High School,0,0,1
21,1,33827.0,3.81,82.7,49.7,1,0,7.3,3.01,4,CS,Bachelor,0,1,2
20,0,25000.0,4.44,82.1,9.7,1,0,6.1,1.67,3,Arts,Bachelor,0,1,0
23,1,37716.0,5.23,91.3,27.5,0,0,3.9,2.59,2,Arts,Bachelor,0,1,0
19,0,25000.0,4.57,69.5,36.7,1,1,4.0,3.8,3,Arts,Master,0,2,0
22,0,45805.0,1.0,94.5,39.5,1,1,4.1,1.55,3,Science,Bachelor,0,1,4
20,1,28160.0,3.95,80.2,39.6,1,0,5.5,1.75,3,Engineering,Master,0,2,1
20,1,25000.0,4.77,81.1,38.7,0,0,5.6,2.87,2,Engineering,High School,0,0,1
20,1,42980.0,2.94,78.9,45.8,1,0,6.2,1.56,4,Science,Bachelor,1,1,4
19,1,28377.0,3.9699999999999998,92.7,39.1,0,1,5.5,2.99,4,Science,Bachelor,0,1,4
21,0,65792.0,2.08,79.9,16.1,0,0,3.1,1.24,1,Engineering,High School,1,0,1
20,1,25000.0,5.07,84.8,24.5,1,0,6.2,2.42,4,Engineering,Bachelor,0,1,1
21,0,36741.0,2.86,84.2,9.7,1,1,7.0,0.43,1,Science,Bachelor,1,1,4
21,0,26567.0,5.46,85.9,42.0,1,0,8.6,1.79,1,Engineering,High School,1,0,1
22,1,29219.0,4.125,73.2,44.3,1,0,5.5,2.53,1,CS,High School,1,0,2
23,0,51049.0,2.74,85.5,15.4,0,0,4.2,3.12,3,Arts,Master,0,2,0
18,1,25000.0,4.1,74.9,25.4,1,0,6.6,0.17,2,CS,High School,1,0,2
22,0,25000.0,2.09,77.2,8.9,0,0,5.2,2.59,4,Arts,Master,0,2,0
18,1,25000.0,2.77,89.4,28.5,1,1,3.1,2.0,4,Business,Bachelor,0,1,3
22,0,25000.0,5.13,78.0,20.1,1,0,5.4,2.53,1,Business,Bachelor,1,1,3
22,0,67883.0,5.89,76.9,16.0,0,1,6.0,2.83,3,CS,Bachelor,0,1,2
17,1,63237.0,3.7,83.6,29.7,0,1,8.1,2.41,4,Arts,Master,0,2,0
21,0,25000.0,3.36,92.8,52.6,1,0,5.6,2.84,3,Engineering,Bachelor,1,1,1
20,1,25000.0,2.02,100.0,39.5,1,1,4.0,3.45,4,Engineering,Bachelor,0,1,1
19,1,25000.0,4.82,91.1,27.0,1,1,2.1,3.52,2,Engineering,High School,0,0,1
24,0,25000.0,3.43,91.0,29.4,0,0,3.3,2.83,3,Business,Master,0,2,3
19,1,25000.0,2.43,81.8,52.5,1,0,3.8,0.64,3,Arts,Bachelor,0,1,0
19,0,53567.0,4.36,100.0,45.1,0,0,8.5,1.69,1,Arts,High School,1,0,0
21,1,40229.0,2.29,83.6,26.3,1,1,5.2,0.93,2,Engineering,High School,0,0,1
22,0,35026.0,4.2,81.7,36.0,0,0,5.3,2.07,2,Arts,Bachelor,0,1,0
20,0,25000.0,3.49,85.1,18.0,0,0,7.5,2.05,4,Business,Bachelor,0,1,3
23,0,31585.0,4.25,84.1,30.3,1,1,6.6,0.12,3,Arts,Bachelor,0,1,0
22,1,25000.0,2.11,71.5,39.2,0,1,5.0,1.76,4,Business,Bachelor,0,1,3
17,1,49300.0,4.26,76.4,42.2,1,1,7.6,2.77,4,Science,PhD,0,3,4
19,1,34723.0,1.69,85.0,22.3,1,0,4.3,2.96,1,Science,Bachelor,0,1,4
19,1,25000.0,4.35,75.7,42.0,1,0,6.0,3.83,2,Engineering,Master,0,2,1
22,1,78422.0,3.88,87.2,31.8,0,0,3.2,2.55,1,CS,PhD,0,3,2
17,1,25000.0,1.56,82.3,26.5,0,0,6.0,2.29,1,CS,High School,0,0,2
26,0,29794.5,4.279999999999999,89.5,52.9,1,1,5.5,1.68,3,CS,Master,0,2,2
22,1,41486.0,4.91,81.0,25.7,0,0,7.1,1.9,2,Science,High School,0,0,4
21,1,25000.0,3.42,85.9,16.7,1,0,7.1,2.01,4,Arts,Bachelor,0,1,0
23,0,29065.0,2.31,67.5,21.9,1,1,10.0,0.19,3,Science,Bachelor,1,1,4
26,1,25000.0,3.44,69.1,38.7,1,0,5.0,0.68,1,Arts,Bachelor,0,1,0
22,0,25000.0,1.05,75.6,18.2,0,0,3.9,2.43,3,CS,High School,0,0,2
23,1,25000.0,4.41,84.5,40.0,1,1,6.3,3.33,1,Arts,Bachelor,0,1,0
21,1,25000.0,4.98,75.8,19.8,1,1,3.9,1.11,1,CS,High School,1,0,2
20,1,43763.0,3.39,87.8,29.1,1,1,3.5,2.12,3,Science,High School,1,0,4
20,1,30960.0,3.66,85.1,56.5,0,0,5.0,3.5,4,Science,Master,0,2,4
19,0,31449.0,5.45,78.3,19.4,1,1,9.1,1.04,4,Engineering,High School,0,0,1
19,1,25000.0,6.0,83.8,5.8,1,0,6.7,1.74,4,Arts,High School,0,0,0
18,0,25000.0,4.95,78.4,46.4,1,1,6.2,2.02,1,Engineering,Bachelor,0,1,1
20,0,25000.0,2.68,84.5,13.2,0,1,2.5,0.66,2,Science,Bachelor,1,1,4
17,1,25000.0,5.61,77.9,20.3,1,1,4.4,1.85,4,Engineering,High School,0,0,1
21,1,25000.0,4.8,85.2,38.7,0,0,8.1,0.0,2,Business,Bachelor,1,1,3
20,1,31092.0,4.31,92.9,38.3,1,1,5.0,1.45,1,Business,Bachelor,0,1,3
21,0,25000.0,4.4,72.1,5.0,1,0,9.5,1.11,1,CS,High School,1,0,2
19,1,25000.0,5.39,76.4,25.9,1,1,6.3,1.66,1,Arts,Bachelor,0,1,0
27,1,45114.0,1.58,76.8,40.2,1,0,5.2,0.04,4,Business,High School,1,0,3
24,0,25000.0,3.8,84.5,54.3,0,0,4.9,3.83,1,CS,High School,0,0,2
18,1,25000.0,2.52,88.7,15.1,1,1,5.4,1.97,4,Engineering,Bachelor,0,1,1
21,1,41692.0,4.53,68.1,42.8,0,0,2.9,2.55,4,Engineering,High School,1,0,1
19,1,34874.0,2.94,80.5,22.1,0,0,7.3,3.22,3,Business,Bachelor,0,1,3
18,1,36214.0,8.01,82.2,42.5,0,0,6.3,2.84,1,Engineering,PhD,0,3,1
18,0,43282.0,4.98,89.1,17.5,1,0,5.0,2.11,4,Business,Bachelor,0,1,3
22,1,39104.0,2.49,74.8,27.2,0,0,5.3,0.0,4,Engineering,Bachelor,0,1,1
19,1,30250.0,5.25,87.8,34.6,1,0,7.0,2.38,4,Arts,High School,0,0,0
23,0,124850.0,3.47,84.3,41.5,0,1,9.2,1.78,3,Arts,Master,0,2,0
23,1,25000.0,4.12,96.2,36.8,1,1,8.3,2.97,3,Science,Bachelor,0,1,4
24,1,25000.0,3.82,99.6,24.8,1,1,5.8,4.0,4,Business,High School,0,0,3
19,0,53125.0,1.63,88.4,24.0,0,0,4.0,3.31,2,Science,Bachelor,0,1,4
22,0,32388.0,3.21,79.9,51.3,1,1,2.7,3.34,1,Business,Master,0,2,3
22,0,46852.0,2.53,85.9,33.3,1,1,5.7,1.75,1,CS,High School,1,0,2
20,1,32921.0,0.86,86.7,24.3,0,0,4.1,2.07,3,Engineering,Master,0,2,1
19,1,67808.0,3.31,86.2,36.5,1,1,5.8,0.44,2,Business,Bachelor,0,1,3
24,0,25000.0,3.66,85.4,37.5,0,1,6.0,3.01,3,Business,Bachelor,0,1,3
21,0,66535.0,2.09,86.3,13.8,0,0,6.8,1.7,4,CS,Master,0,2,2
22,0,60030.0,5.4,90.4,35.8,1,0,3.4,3.51,2,Science,Bachelor,0,1,4
19,1,25000.0,4.48,99.6,11.9,0,1,3.9,3.67,1,CS,High School,0,0,2
18,1,43408.0,4.13,67.5,22.3,0,1,4.9,2.25,4,Science,High School,1,0,4
19,1,28975.0,4.67,92.4,18.2,1,1,6.0,2.01,1,Arts,Bachelor,0,1,0
20,1,25000.0,4.71,83.1,28.4,1,0,5.9,2.63,2,Business,Bachelor,0,1,3
18,1,25000.0,4.35,75.7,24.8,1,0,10.0,2.42,3,Engineering,Bachelor,0,1,1
21,0,25000.0,6.01,71.2,27.6,1,1,1.4,2.78,4,Arts,Master,0,2,0
17,1,45473.0,1.28,84.4,7.3,1,0,7.5,0.52,4,Science,Master,0,2,4
18,1,48451.0,4.69,82.3,29.1,0,1,7.4,0.72,4,Arts,Bachelor,0,1,0
22,1,26202.0,3.51,73.4,16.8,1,1,3.9,1.03,4,Engineering,Bachelor,1,1,1
22,1,48542.0,5.82,81.8,57.4,0,1,4.6,2.72,4,CS,Bachelor,0,1,2
20,1,52426.0,4.48,90.3,25.2,1,1,8.7,0.0,2,CS,High School,1,0,2
18,1,32623.0,3.85,94.4,26.9,1,0,4.4,3.41,4,Science,Master,0,2,4
18,1,25000.0,5.87,83.0,38.3,1,0,4.4,3.2,1,CS,Bachelor,0,1,2
20,1,28160.0,3.88,68.0,45.9,1,0,5.5,0.52,2,Engineering,Master,1,2,1
22,1,39823.0,4.54,87.0,15.9,1,0,6.4,0.0,4,CS,Bachelor,1,1,2
23,0,44550.0,3.18,91.3,36.9,1,0,7.3,1.6,3,Business,Bachelor,1,1,3
19,0,49973.0,4.17,83.5,41.6,1,0,7.4,1.87,3,Engineering,High School,0,0,1
18,1,25000.0,6.68,84.8,32.2,1,0,6.9,3.62,4,Science,High School,0,0,4
21,0,31048.5,4.4,78.8,32.0,0,1,5.5,3.42,2,Science,Master,0,2,4
19,0,25000.0,4.55,80.7,23.9,1,0,5.4,2.43,2,Science,High School,0,0,4
19,0,46546.0,2.21,76.9,26.1,0,0,6.7,2.6,4,Engineering,High School,0,0,1
23,1,26176.0,7.07,73.7,28.7,1,0,6.7,1.85,2,Arts,High School,0,0,0
22,0,38503.0,2.41,72.4,24.9,0,0,4.2,1.22,3,Engineering,Bachelor,0,1,1
21,0,25000.0,4.09,75.1,40.7,1,1,3.7,2.78,4,CS,Master,0,2,2
18,0,68912.0,4.6,74.6,19.5,1,0,3.5,2.6,1,Arts,High School,0,0,0
21,1,25000.0,4.82,84.4,40.3,0,0,6.3,2.34,1,Engineering,Master,0,2,1
23,0,47322.0,3.08,85.6,45.9,1,0,7.3,1.88,4,CS,Bachelor,0,1,2
20,0,31913.0,4.87,78.6,34.4,0,1,5.8,2.59,2,Science,PhD,0,3,4
24,1,26538.0,2.4,75.3,8.5,1,0,3.6,1.59,4,CS,Bachelor,0,1,2
23,1,29718.0,3.87,99.2,37.3,1,1,5.5,3.24,4,Arts,Bachelor,0,1,0
24,0,25000.0,2.33,78.5,22.3,0,0,3.8,1.92,3,Business,Bachelor,0,1,3
21,1,64674.0,3.33,77.3,23.7,1,0,4.2,3.86,4,Science,High School,0,0,4
22,0,29958.0,4.74,69.4,34.3,1,0,4.8,3.26,3,Business,Bachelor,0,1,3
24,1,25000.0,3.78,86.1,43.3,1,0,4.1,3.39,2,Arts,High School,0,0,0
22,0,25000.0,5.97,96.6,10.1,0,0,3.5,4.0,3,Science,High School,0,0,4
19,0,32113.0,5.64,80.5,30.7,0,0,8.3,0.67,1,Engineering,Master,0,2,1
20,1,50954.0,4.64,79.2,53.9,1,0,2.1,3.96,2,Engineering,Master,0,2,1
21,1,25000.0,3.07,84.2,16.8,1,0,4.4,3.03,2,Engineering,Bachelor,0,1,1
18,0,25000.0,3.84,84.5,27.6,1,1,5.1,2.76,2,CS,High School,0,0,2
20,0,29803.0,3.86,62.0,22.6,0,0,5.5,0.41,2,Business,Master,1,2,3
23,1,50214.0,2.91,87.2,38.4,1,1,6.0,0.32,2,CS,High School,0,0,2
17,1,25000.0,3.68,97.0,15.0,1,0,5.0,4.0,1,Engineering,Bachelor,0,1,1
24,0,40264.0,5.14,82.4,11.2,0,0,4.2,1.43,4,Science,High School,1,0,4
23,1,25000.0,4.55,81.1,40.0,0,1,7.6,3.18,3,Business,Bachelor,0,1,3
20,0,25000.0,3.65,88.4,32.9,1,0,4.0,1.65,3,Arts,Bachelor,0,1,0
22,0,98809.0,3.01,87.4,15.8,0,1,5.9,1.87,2,Science,High School,0,0,4
21,0,26426.0,4.99,83.4,29.2,1,1,5.2,3.53,3,CS,Bachelor,0,1,2
23,0,46762.0,3.25,88.2,14.6,0,0,6.4,1.46,1,Arts,High School,1,0,0
23,0,45768.0,4.88,88.6,41.1,0,1,8.3,2.26,4,Arts,Bachelor,0,1,0
17,0,25000.0,4.67,72.6,33.3,1,1,6.8,1.74,1,Science,Bachelor,0,1,4
22,0,25000.0,5.39,72.8,21.4,0,0,5.3,2.38,4,Business,Bachelor,0,1,3
20,0,48659.0,2.89,71.7,23.0,1,1,8.5,0.69,2,Engineering,PhD,0,3,1
21,0,29219.0,3.73,69.9,24.5,1,0,5.5,0.0,2,CS,High School,1,0,2
19,0,25000.0,4.0,88.5,17.1,1,1,7.6,0.0,1,CS,Bachelor,1,1,2
24,1,55033.0,3.6,88.5,46.1,1,0,6.0,2.23,1,Engineering,Master,0,2,1
23,0,25000.0,3.12,85.6,44.0,0,0,4.1,2.22,3,CS,Bachelor,0,1,2
19,1,25000.0,3.11,95.3,25.2,1,0,1.2,3.7,3,Engineering,Master,0,2,1
18,0,29590.0,3.85,64.5,26.2,1,1,5.5,1.1,1,Arts,Bachelor,0,1,0
20,0,25000.0,3.0,76.5,16.5,0,1,6.9,1.18,4,Science,High School,1,0,4
22,1,29803.5,3.675,68.0,28.1,0,0,5.5,2.6,1,Engineering,High School,0,0,1
21,1,25000.0,5.16,91.1,35.9,0,0,6.2,2.16,1,CS,High School,0,0,2
23,0,25741.0,4.38,77.3,44.2,0,0,4.7,3.23,3,Arts,Master,0,2,0
22,0,25000.0,3.68,97.5,19.2,1,0,6.4,3.33,4,CS,High School,0,0,2
23,1,25000.0,3.86,81.4,9.8,1,1,4.4,3.49,1,CS,Master,0,2,2
21,1,73570.0,5.83,86.1,17.9,1,0,4.2,4.0,2,Engineering,High School,0,0,1
17,1,29590.0,4.17,83.3,36.7,1,1,5.5,2.96,4,Business,Bachelor,0,1,3
20,0,42239.0,0.6,78.8,29.5,1,0,3.4,1.88,1,Engineering,High School,0,0,1
23,0,27383.0,2.89,89.3,41.9,0,1,7.2,2.07,2,CS,Bachelor,0,1,2
20,1,35372.0,3.32,54.2,30.5,1,1,5.5,1.33,1,Business,Master,0,2,3
22,1,52039.0,5.99,79.3,49.4,0,0,3.4,2.62,4,Arts,Bachelor,1,1,0
20,1,25000.0,4.82,88.4,11.0,0,0,4.4,2.1,2,Engineering,Bachelor,0,1,1
18,1,34853.0,2.13,70.4,5.0,1,0,6.6,1.99,3,CS,Bachelor,0,1,2
20,1,45145.0,4.9,76.4,46.2,0,0,5.0,1.39,4,Engineering,High School,0,0,1
21,0,75123.0,7.73,78.1,20.5,0,0,6.8,3.12,2,Business,Master,0,2,3
19,0,95677.0,5.07,79.4,31.7,0,0,3.7,3.35,1,CS,Bachelor,0,1,2
20,1,31005.0,2.87,77.2,31.6,0,0,5.0,0.67,2,Arts,Bachelor,0,1,0
18,0,58876.0,5.95,73.9,33.9,1,0,5.4,3.4,3,Science,High School,0,0,4
23,0,25000.0,4.44,81.4,24.3,0,1,9.5,1.39,3,CS,High School,1,0,2
20,0,75461.0,3.12,88.4,18.6,0,0,4.2,1.03,3,Science,Bachelor,1,1,4
24,0,25000.0,4.06,85.1,17.6,0,0,6.6,2.71,1,Arts,High School,0,0,0
24,0,25728.0,3.69,90.2,37.2,0,0,6.3,0.66,4,CS,Bachelor,0,1,2
20,1,38741.0,3.09,80.4,39.3,1,0,8.6,1.5,2,Science,High School,1,0,4
18,0,27118.0,2.42,92.1,27.0,0,0,7.9,2.6,4,Science,High School,1,0,4
17,1,33452.0,3.22,71.8,22.8,0,0,4.7,3.04,2,Arts,Master,0,2,0
17,0,77081.0,3.93,92.5,36.8,1,0,3.6,2.88,2,Science,High School,0,0,4
18,0,25000.0,5.03,90.7,12.2,0,1,3.0,2.53,3,Science,High School,0,0,4
24,1,25000.0,2.34,69.4,53.4,1,0,5.9,2.48,2,Engineering,High School,0,0,1
21,1,88263.0,2.21,85.7,35.4,0,0,7.3,2.31,3,Business,Bachelor,1,1,3
21,0,40785.0,4.14,81.0,28.1,1,0,7.6,0.63,1,Science,Bachelor,1,1,4
17,1,94216.0,3.57,81.2,40.0,1,0,5.0,3.16,2,Engineering,High School,0,0,1
18,0,49920.0,3.49,82.5,37.6,1,0,5.6,3.55,4,Science,High School,0,0,4
23,1,25000.0,2.81,77.0,32.8,1,1,8.1,1.76,2,CS,Master,1,2,2
21,0,43793.0,2.87,89.5,7.3,1,1,4.1,1.94,3,Business,High School,1,0,3
20,0,29219.0,3.935,82.0,34.9,1,0,5.5,3.67,3,CS,High School,0,0,2
22,1,29865.0,1.67,73.0,47.5,1,0,7.6,1.0,1,Business,High School,1,0,3
24,1,28412.0,4.44,81.7,23.3,0,0,3.4,2.58,4,Arts,Master,0,2,0
20,0,25000.0,4.64,78.2,41.5,0,0,5.0,1.82,1,Business,Bachelor,0,1,3
21,1,25000.0,6.16,86.9,40.2,0,0,6.3,3.18,2,Engineering,Bachelor,0,1,1
21,0,111649.0,4.77,71.5,33.5,1,0,4.7,3.82,1,Science,Bachelor,0,1,4
26,1,34304.0,3.95,98.0,32.0,0,0,7.4,2.97,2,Arts,High School,0,0,0
17,0,26759.0,4.62,83.0,36.7,1,0,10.0,2.84,3,CS,Bachelor,0,1,2
22,1,88233.0,3.51,72.1,35.0,0,0,4.0,2.94,1,Science,High School,1,0,4
20,0,25000.0,2.89,80.4,52.7,1,0,5.7,3.52,2,Business,Bachelor,0,1,3
22,0,29684.0,4.09,63.1,41.6,1,0,5.5,1.85,3,Science,Bachelor,0,1,4
19,1,53878.0,4.41,75.6,38.5,1,0,6.1,2.86,3,Business,Bachelor,0,1,3
20,1,25000.0,2.34,85.4,42.7,1,0,4.4,1.63,3,Science,Bachelor,0,1,4
22,1,25000.0,3.95,99.8,38.5,1,1,4.3,4.0,1,Business,High School,0,0,3
27,0,25000.0,2.92,97.0,5.0,0,1,4.4,2.94,2,CS,Master,0,2,2
22,0,25000.0,5.2,83.6,28.6,0,1,4.7,3.98,1,Business,Bachelor,0,1,3
19,1,25000.0,3.44,75.8,22.6,1,0,4.7,2.8,2,Arts,High School,0,0,0
20,1,32700.0,6.22,84.2,33.9,1,0,1.0,3.73,1,Science,Master,0,2,4
20,1,25000.0,5.53,87.9,23.3,1,1,5.7,1.42,1,Science,Master,0,2,4
17,0,108533.0,2.58,83.6,37.1,0,1,5.0,1.37,3,Science,Master,1,2,4
20,1,25000.0,3.13,88.0,24.9,0,0,4.2,2.8,2,CS,Master,0,2,2
22,1,68898.0,4.87,85.6,50.4,0,1,5.7,2.58,2,Engineering,High School,0,0,1
18,0,33923.0,4.07,84.3,49.8,1,0,5.5,3.09,4,Science,Bachelor,0,1,4
23,1,48246.0,3.64,72.3,12.6,0,0,4.8,1.98,2,Business,High School,0,0,3
22,1,46519.0,4.07,81.0,33.9,1,0,5.5,3.24,4,Science,Master,0,2,4
19,1,25000.0,3.84,97.3,24.5,1,0,4.5,3.93,4,Business,High School,0,0,3
20,0,29527.0,5.31,85.9,33.0,0,1,3.4,3.1,2,CS,Bachelor,0,1,2
24,1,25404.0,3.63,91.3,37.0,0,0,9.0,1.79,1,CS,Master,1,2,2
22,0,25000.0,4.61,98.1,14.7,0,0,4.6,2.47,4,Science,Bachelor,0,1,4
21,0,39174.0,4.6,72.6,18.3,1,1,6.0,2.04,4,CS,Bachelor,0,1,2
20,1,83277.0,5.62,100.0,19.8,0,0,10.0,1.99,2,CS,High School,1,0,2
21,1,25000.0,3.91,89.8,23.4,0,0,4.8,3.06,3,CS,Bachelor,0,1,2
19,0,25000.0,4.2,91.3,23.7,0,0,6.3,1.82,1,Arts,Bachelor,0,1,0
17,1,25000.0,4.49,76.6,39.6,0,1,9.7,0.54,3,Engineering,High School,1,0,1
25,1,31041.0,3.16,87.8,32.7,0,0,2.5,2.94,4,Engineering,Bachelor,0,1,1
21,0,25000.0,3.79,75.6,19.5,0,1,7.9,1.25,1,Business,Bachelor,1,1,3
21,1,30604.5,4.17,68.2,26.2,0,0,5.5,1.68,1,Science,Bachelor,0,1,4
20,1,44968.0,4.89,84.7,5.0,1,0,4.6,3.08,2,Science,Bachelor,0,1,4
19,1,79357.0,6.04,80.1,54.2,0,1,5.6,4.0,1,Business,High School,0,0,3
20,0,146795.0,1.52,91.2,30.2,1,0,4.8,2.13,4,Science,High School,1,0,4
17,0,25000.0,5.3,77.8,41.9,1,0,8.3,0.75,2,Arts,Bachelor,1,1,0
26,1,25000.0,3.94,65.9,39.5,1,0,5.5,2.58,2,CS,Master,0,2,2
18,0,41586.0,5.64,80.0,29.6,0,0,6.8,3.12,4,Science,Bachelor,0,1,4
18,0,29803.0,4.12,92.0,5.0,0,0,5.5,4.0,3,Arts,Master,0,2,0
20,1,48446.0,5.26,100.0,23.3,1,1,6.0,1.39,4,Arts,PhD,0,3,0
23,0,77949.0,3.86,92.5,34.2,1,0,4.8,2.84,1,Engineering,High School,0,0,1
21,1,25970.0,4.06,90.5,30.7,0,1,2.9,2.73,3,Arts,Bachelor,0,1,0
18,1,25000.0,5.25,79.0,42.5,0,0,7.9,2.25,2,Business,PhD,0,3,3
23,1,31865.0,7.19,100.0,30.0,1,1,6.1,3.78,1,Engineering,Master,0,2,1
22,1,25000.0,3.31,87.5,52.1,0,0,6.9,1.81,4,Science,Bachelor,1,1,4
22,0,44261.0,4.15,87.8,17.3,1,0,4.2,2.6,3,Arts,Bachelor,0,1,0
22,0,53203.0,3.06,87.0,36.2,1,0,7.6,3.64,3,Arts,PhD,0,3,0
26,1,55762.0,3.69,72.7,17.7,0,1,6.3,3.21,2,Engineering,Bachelor,0,1,1
25,0,40391.0,3.33,85.1,41.0,1,1,5.8,3.13,3,Arts,Bachelor,0,1,0
19,1,34458.0,2.7,70.4,21.0,1,0,7.4,2.64,3,Science,High School,1,0,4
24,1,47890.0,4.66,88.6,8.9,1,1,4.9,2.6,4,CS,High School,0,0,2
21,0,25000.0,4.26,84.7,12.2,1,0,7.8,2.23,4,CS,Bachelor,0,1,2
22,1,33737.0,2.84,76.9,24.3,0,1,4.3,1.6,4,Engineering,Bachelor,0,1,1
17,0,30684.0,2.49,91.0,48.7,1,0,5.6,2.16,2,Business,High School,0,0,3
20,0,33788.0,5.13,79.1,38.9,0,0,3.8,2.86,3,Business,Bachelor,0,1,3
19,1,28210.0,3.36,79.3,35.4,1,1,3.4,1.82,2,Engineering,Bachelor,1,1,1
22,1,38527.0,6.92,86.3,29.2,1,0,4.7,2.65,2,CS,Bachelor,0,1,2
23,1,25000.0,3.89,81.9,16.5,0,0,5.2,2.2,2,CS,Bachelor,0,1,2
17,0,58555.0,4.06,83.9,18.8,0,0,6.5,2.93,4,Science,PhD,0,3,4
21,0,39505.0,3.71,90.3,23.4,1,0,4.3,2.37,3,Business,High School,0,0,3
23,0,32546.0,2.17,76.1,22.3,0,0,6.6,2.98,2,CS,Master,0,2,2
20,0,25000.0,2.16,75.4,22.1,1,0,4.9,0.8,4,Science,Bachelor,1,1,4
22,0,29718.0,3.79,80.1,18.6,0,1,5.5,2.43,4,Business,Bachelor,0,1,3
21,1,33658.0,5.74,81.5,30.1,1,0,6.6,2.26,2,Engineering,Master,0,2,1
21,1,25000.0,2.72,87.1,21.0,1,1,4.5,1.64,3,Science,High School,0,0,4
20,0,28739.0,4.65,97.5,43.6,0,1,8.8,3.39,1,CS,Bachelor,0,1,2
18,0,43367.0,5.73,81.7,43.5,0,0,6.3,2.47,1,Arts,Master,0,2,0
18,1,41396.0,2.28,82.3,37.2,1,0,3.0,3.03,3,Arts,Bachelor,0,1,0
22,1,39823.0,3.99,76.8,35.8,1,0,5.3,1.34,4,Engineering,High School,1,0,1
21,1,31430.0,3.32,75.8,11.4,1,0,4.3,2.62,3,Engineering,PhD,0,3,1
20,0,55022.0,4.21,87.4,57.5,1,1,2.5,2.8,3,Engineering,Bachelor,0,1,1
20,0,62485.0,5.6,82.3,26.6,1,0,7.4,3.86,2,CS,Master,0,2,2
20,1,46277.0,4.52,92.0,39.5,1,0,7.4,2.51,2,Arts,Master,0,2,0
23,1,25000.0,4.77,91.1,40.0,1,1,4.2,2.57,4,Business,High School,0,0,3
20,0,25000.0,1.12,89.0,17.5,1,0,6.8,1.75,2,Science,High School,0,0,4
18,1,25000.0,4.91,70.3,22.5,0,1,7.1,2.29,4,CS,Master,0,2,2
22,0,96009.0,3.95,87.5,34.8,1,0,5.5,2.49,4,Business,High School,0,0,3
20,0,35208.0,6.81,74.5,11.4,1,0,7.2,1.67,3,Engineering,Bachelor,0,1,1
21,1,106496.0,4.78,66.9,28.9,0,0,6.0,2.32,3,CS,High School,0,0,2
24,0,27664.0,3.58,83.8,5.0,1,1,7.6,1.24,1,CS,Bachelor,1,1,2
21,1,25456.0,6.45,92.9,30.1,0,1,3.4,3.28,1,Business,Master,0,2,3
21,0,28440.0,3.91,87.7,46.5,1,1,5.8,2.0,2,Arts,Bachelor,1,1,0
18,0,28133.0,4.36,74.9,30.0,1,0,5.9,2.28,3,Business,High School,0,0,3
20,0,25000.0,2.2,100.0,12.4,0,1,3.4,3.99,4,Arts,Bachelor,0,1,0
22,0,25000.0,3.18,88.5,23.4,1,1,3.6,3.8,1,Science,Master,0,2,4
17,0,40167.0,3.07,75.3,37.4,0,0,2.6,1.61,3,Science,High School,0,0,4
21,1,55991.0,3.76,65.6,32.0,1,1,5.6,3.16,4,Arts,Master,0,2,0
21,1,128925.0,2.42,80.4,35.4,1,0,4.7,2.32,3,Science,Master,0,2,4
21,0,25000.0,1.76,66.3,27.9,0,0,3.2,2.43,3,Arts,Bachelor,0,1,0
23,0,25000.0,4.14,73.8,20.8,1,1,7.7,1.79,2,Arts,Bachelor,0,1,0
21,1,25000.0,2.09,68.4,31.5,1,0,6.2,0.89,3,Business,High School,0,0,3
24,0,58421.0,4.95,76.0,30.8,0,1,4.2,2.78,4,Engineering,High School,0,0,1
18,0,48484.0,6.56,77.7,42.3,0,0,5.9,2.17,2,Science,High School,1,0,4
21,0,25000.0,4.3,75.0,24.4,1,1,5.1,3.26,3,Business,High School,0,0,3
21,1,25000.0,4.34,100.0,30.6,1,1,2.7,3.73,2,Business,High School,0,0,3
18,0,52655.0,1.11,80.5,28.3,1,0,6.0,0.67,4,CS,High School,1,0,2
23,1,37418.0,4.81,92.6,57.3,0,1,8.5,1.21,3,Science,Master,1,2,4
26,0,46865.0,3.9,86.6,21.0,1,0,8.0,3.4,3,Science,Bachelor,0,1,4
21,0,25000.0,4.62,80.3,25.4,1,0,5.7,3.54,1,Engineering,Bachelor,0,1,1
22,0,25000.0,2.48,78.2,18.5,0,1,4.7,3.13,3,Science,Bachelor,0,1,4
21,1,25000.0,3.65,92.8,45.6,1,0,6.5,2.2,2,Business,High School,0,0,3
19,1,44921.0,5.6,73.7,46.5,0,1,6.0,2.87,3,Business,PhD,0,3,3
17,0,105518.0,3.01,77.0,27.4,1,1,5.3,1.67,2,CS,Bachelor,0,1,2
19,0,25000.0,3.58,76.9,44.2,1,0,8.8,3.42,4,Arts,Bachelor,1,1,0
17,1,116485.0,5.17,82.6,33.9,1,0,4.8,2.59,3,Engineering,Bachelor,0,1,1
24,1,48918.0,4.91,74.7,38.4,1,0,7.2,2.2,1,Engineering,High School,1,0,1
20,0,25000.0,5.37,89.5,18.1,1,1,5.8,2.27,3,Arts,Master,0,2,0
20,1,33807.0,3.07,90.6,31.9,0,0,5.8,1.78,3,Business,PhD,0,3,3
23,0,49930.0,3.8,76.3,52.5,1,1,2.5,1.02,2,Engineering,Master,1,2,1
18,0,25000.0,2.83,86.2,47.7,1,1,7.5,1.03,3,Science,Master,0,2,4
19,0,43769.0,2.75,75.3,39.7,1,0,7.0,0.38,1,Science,Master,0,2,4
21,1,60092.0,2.76,83.4,41.4,1,0,5.8,0.67,1,CS,Bachelor,1,1,2
23,0,31202.0,3.98,91.4,59.2,1,1,5.5,1.43,1,CS,High School,1,0,2
22,1,28652.0,6.06,82.8,39.4,1,0,6.2,4.0,4,Engineering,High School,0,0,1
21,1,26802.0,5.65,81.2,22.1,1,0,3.2,3.88,2,Arts,Master,0,2,0
21,1,25880.0,4.7,100.0,44.6,0,0,3.8,3.97,3,Business,Master,0,2,3
21,0,25000.0,2.81,84.9,29.1,1,0,5.4,3.05,2,Arts,High School,0,0,0
21,0,25000.0,2.67,75.3,35.9,1,0,2.5,3.15,1,Business,Bachelor,0,1,3
18,1,25000.0,3.62,74.6,31.4,1,0,7.5,3.07,2,Arts,Bachelor,1,1,0
21,1,31828.0,4.53,100.0,21.5,1,1,5.1,3.51,1,Arts,High School,0,0,0
18,1,25000.0,4.73,76.1,33.7,1,1,5.7,4.0,3,Business,Bachelor,0,1,3
21,0,25000.0,4.31,76.4,41.6,1,0,3.7,3.26,2,Arts,High School,0,0,0
19,0,46904.0,3.88,82.2,38.9,1,0,6.7,1.65,3,CS,High School,0,0,2
26,1,37137.0,4.28,87.9,35.8,1,0,5.2,2.75,3,CS,Bachelor,0,1,2
20,0,25000.0,3.28,72.1,27.6,1,0,4.9,1.45,3,Science,Master,1,2,4
17,1,40286.0,2.13,79.8,10.1,1,0,8.0,1.4,3,CS,Bachelor,1,1,2
20,0,25000.0,3.62,71.3,29.4,0,0,7.9,0.61,3,Engineering,High School,1,0,1
22,0,30879.0,4.24,80.8,36.7,1,0,6.8,1.42,4,Business,Bachelor,0,1,3
24,0,53371.0,3.83,88.6,5.0,0,1,5.9,2.63,2,Business,High School,0,0,3
19,0,25000.0,2.02,80.0,29.2,0,0,4.6,3.36,1,Engineering,High School,0,0,1
17,0,25000.0,3.72,97.8,28.9,0,0,5.0,2.39,4,Business,Bachelor,0,1,3
22,1,27253.0,3.2,75.2,19.0,1,1,4.9,3.1,1,Arts,Bachelor,0,1,0
18,0,25000.0,5.74,83.7,39.1,0,1,6.2,2.09,4,CS,Bachelor,0,1,2
20,0,25173.0,4.73,92.5,41.3,1,0,5.4,2.99,4,CS,Bachelor,0,1,2
20,1,25125.0,0.5,90.1,51.8,0,1,5.5,1.5,1,Business,Bachelor,0,1,3
20,0,25000.0,4.07,100.0,29.7,1,1,8.3,2.88,1,Business,Bachelor,1,1,3
22,0,40879.0,2.52,84.6,45.5,0,0,7.6,1.45,2,CS,High School,1,0,2
19,1,26646.0,2.11,74.8,20.2,0,0,4.1,2.66,3,CS,High School,0,0,2
20,1,60424.0,1.02,82.7,25.5,1,0,6.0,3.27,4,Science,Bachelor,0,1,4
21,0,33837.0,5.14,75.3,38.2,0,0,4.1,3.25,4,Arts,Master,0,2,0
21,0,46229.0,5.32,83.0,22.1,0,0,6.6,3.03,4,Business,Bachelor,1,1,3
21,1,60720.0,2.05,91.9,28.1,1,0,9.0,0.33,4,Science,Bachelor,0,1,4
22,0,27473.0,5.45,87.6,40.1,0,0,4.9,3.82,1,CS,Master,0,2,2
22,1,29718.0,6.73,81.2,29.9,0,0,6.9,0.94,1,Arts,Master,1,2,0
21,1,25000.0,3.73,76.5,19.0,0,1,8.4,0.0,3,Engineering,Bachelor,1,1,1
22,1,62550.0,2.83,84.6,22.9,0,1,5.3,2.74,3,Science,Bachelor,0,1,4
17,0,27244.0,3.91,86.2,26.7,0,0,6.4,1.07,1,Engineering,Master,1,2,1
21,0,25000.0,5.52,72.0,37.1,1,1,8.6,1.0,3,Science,Bachelor,1,1,4
22,1,46343.0,5.71,73.8,26.1,0,0,3.8,3.98,3,CS,High School,1,0,2
22,0,25000.0,3.95,79.7,5.0,0,1,3.6,2.14,3,Science,High School,0,0,4
19,0,25000.0,2.81,71.3,39.4,1,1,3.3,1.49,4,Science,Bachelor,0,1,4
19,1,51276.0,4.32,67.5,37.7,1,0,6.9,1.08,2,Arts,High School,1,0,0
19,0,25000.0,3.87,73.8,17.2,0,0,3.7,2.44,2,Science,High School,1,0,4
22,0,25000.0,4.15,85.1,16.4,1,0,6.5,2.58,1,Engineering,High School,0,0,1
23,1,25000.0,3.5,82.8,46.2,0,0,7.9,1.72,1,Business,Master,1,2,3
20,0,25000.0,4.25,78.4,27.1,1,0,4.3,2.55,4,CS,High School,0,0,2
23,0,45674.0,1.58,74.5,39.0,1,1,4.1,2.95,4,Engineering,High School,0,0,1
21,0,27619.0,4.47,85.0,21.7,1,0,6.7,3.41,2,Science,Master,0,2,4
20,1,25251.0,5.48,84.5,37.9,0,0,5.6,2.28,1,Engineering,Master,0,2,1
20,0,25306.0,3.75,91.9,18.9,1,1,1.2,2.73,3,Arts,PhD,0,3,0
22,0,29985.0,4.16,61.9,35.1,0,1,8.3,0.3,1,CS,Master,1,2,2
21,1,44005.0,1.91,68.0,34.3,1,0,6.5,0.78,4,Arts,Master,1,2,0
26,1,28818.0,4.68,89.5,5.2,0,0,4.8,3.99,3,Business,Bachelor,0,1,3
19,0,25000.0,5.21,85.8,31.5,1,0,4.7,2.62,1,Engineering,Bachelor,0,1,1
22,1,41995.0,6.13,89.5,21.4,1,0,6.8,1.52,1,Science,Bachelor,0,1,4
19,0,40100.0,0.91,74.9,43.1,1,1,5.4,0.75,4,Arts,High School,1,0,0
19,1,33635.0,4.69,78.9,32.8,1,0,5.6,3.46,1,CS,High School,1,0,2
21,0,56678.0,1.74,71.8,27.0,1,0,5.8,3.53,3,Science,High School,0,0,4
21,0,29803.5,4.105,63.3,48.2,0,0,5.5,3.74,1,CS,High School,0,0,2
27,1,57920.0,3.28,83.1,7.2,1,1,4.9,3.81,2,CS,High School,0,0,2
20,0,69170.0,4.65,93.3,53.1,1,1,5.2,1.44,1,CS,Master,0,2,2
18,0,42167.0,4.56,80.7,52.5,0,1,4.1,2.71,2,Science,High School,0,0,4
21,0,25000.0,4.11,76.3,25.3,1,0,6.0,1.18,3,Science,Master,0,2,4
17,1,27489.0,3.41,73.0,40.7,0,1,6.4,2.49,4,Science,Bachelor,0,1,4
20,0,62524.0,4.21,90.9,35.8,0,0,8.5,1.57,3,CS,Master,0,2,2
21,0,25000.0,5.22,82.6,5.0,0,0,4.1,3.77,4,Science,Master,0,2,4
22,0,25000.0,4.35,83.0,28.7,1,0,7.1,1.56,2,CS,Bachelor,0,1,2
23,0,25000.0,5.03,70.4,14.8,0,1,8.1,2.76,1,Science,High School,1,0,4
19,0,25000.0,2.19,74.7,13.7,0,1,7.2,0.55,2,Engineering,Bachelor,0,1,1
20,0,50198.0,4.08,87.9,26.6,1,0,4.6,2.13,3,Arts,Master,0,2,0
19,0,37275.0,3.37,77.8,27.0,1,0,4.9,2.46,3,Engineering,Bachelor,0,1,1
18,0,25000.0,5.01,76.8,44.6,1,0,8.2,0.5,1,Business,Bachelor,1,1,3
21,1,28377.0,4.645,100.0,21.0,0,1,5.5,3.47,2,Engineering,Bachelor,0,1,1
18,1,27037.0,3.33,82.6,25.3,1,0,5.4,3.08,3,Arts,Master,0,2,0
20,1,25000.0,4.2,80.6,46.4,0,0,4.6,3.66,3,Business,Master,0,2,3
18,0,25000.0,3.82,80.9,27.8,1,1,6.9,1.66,2,Arts,Bachelor,0,1,0
22,1,38624.0,4.51,76.6,23.8,1,0,1.1,3.91,3,Science,High School,0,0,4
25,0,52230.0,4.45,81.4,40.3,1,0,4.0,1.44,4,CS,Master,0,2,2
18,1,25000.0,4.09,97.5,36.4,1,0,3.7,2.47,3,Science,Bachelor,0,1,4
17,0,41219.0,2.26,85.3,31.2,1,1,8.4,0.97,3,Arts,High School,1,0,0
20,0,76807.0,5.93,69.2,41.1,1,0,5.9,0.59,3,Arts,High School,1,0,0
21,0,25000.0,5.37,78.5,15.0,1,0,5.1,3.98,2,Business,High School,0,0,3
21,0,36805.0,4.12,82.8,23.0,0,1,5.1,2.53,3,Business,Master,0,2,3
20,1,48942.0,4.67,69.9,54.0,1,1,3.0,3.75,1,Engineering,Bachelor,0,1,1
20,1,28083.0,4.78,78.3,5.0,0,1,7.9,1.96,3,CS,Master,0,2,2
21,1,29590.0,4.1850000000000005,74.3,21.9,1,1,5.5,1.65,4,Science,Bachelor,0,1,4
23,1,111224.0,5.61,78.8,15.8,0,1,6.6,1.44,4,CS,High School,0,0,2
17,0,36535.0,1.36,82.6,30.9,1,0,4.3,0.74,3,Engineering,Master,0,2,1
20,0,25844.0,1.78,87.6,37.3,1,0,5.4,2.13,3,Arts,High School,1,0,0
21,1,53433.0,3.07,72.8,43.3,0,0,3.8,2.42,2,Science,Bachelor,0,1,4
19,1,49278.0,4.44,81.3,25.1,1,0,5.1,3.95,4,Science,Bachelor,0,1,4
24,1,25000.0,4.17,79.4,18.9,0,1,7.4,2.25,1,CS,Bachelor,0,1,2
19,0,29684.0,4.09,80.2,12.6,0,0,5.7,2.21,2,Arts,Master,0,2,0
20,1,25000.0,3.91,75.4,30.6,1,0,6.2,1.27,3,CS,High School,1,0,2
22,1,37723.0,3.58,81.6,55.5,0,0,5.6,1.87,4,CS,Bachelor,0,1,2
19,0,26471.0,2.34,85.9,22.9,0,0,8.4,2.55,2,Science,Master,0,2,4
17,0,28251.0,2.21,70.9,29.1,1,1,4.0,2.68,1,Arts,Master,0,2,0
20,0,25000.0,2.33,95.8,31.6,1,0,5.3,2.54,2,Arts,Bachelor,0,1,0
23,1,28377.0,4.285,89.5,24.9,0,1,5.5,0.23,1,Science,Bachelor,0,1,4
20,0,80260.0,2.16,69.4,47.1,0,0,3.7,1.04,2,Arts,Bachelor,0,1,0
19,0,29803.0,4.01,93.6,44.5,0,0,5.5,2.53,2,CS,Master,0,2,2
23,0,25000.0,3.64,94.1,39.8,0,0,5.6,3.23,4,CS,Bachelor,0,1,2
20,1,30092.0,5.37,78.0,41.5,0,0,5.7,1.77,1,Engineering,High School,1,0,1
19,0,29226.0,4.57,83.6,21.8,1,1,5.7,0.76,4,Arts,Bachelor,1,1,0
21,0,29803.5,3.9,67.7,16.2,0,0,5.5,2.25,2,Arts,High School,0,0,0
22,1,25000.0,3.1,71.0,21.9,1,0,2.6,1.03,4,CS,Bachelor,1,1,2
26,1,25000.0,6.47,90.2,33.4,1,1,5.8,2.99,3,CS,Bachelor,0,1,2
22,0,25000.0,3.35,67.0,26.1,1,0,3.9,1.17,2,Arts,High School,1,0,0
23,1,67846.0,2.59,84.3,36.8,0,0,5.3,1.47,2,Arts,High School,1,0,0
19,1,34556.0,3.63,94.5,31.3,1,1,4.2,3.91,1,Arts,Bachelor,1,1,0
18,0,25000.0,3.26,68.5,13.9,1,1,2.8,2.08,4,Science,Master,0,2,4
21,0,25000.0,2.89,79.7,44.9,0,0,6.1,1.83,2,Arts,High School,0,0,0
21,0,25000.0,4.05,91.1,23.9,0,1,6.8,3.94,3,CS,High School,0,0,2
18,0,38123.0,5.65,85.2,39.4,0,1,7.5,0.77,4,Engineering,Master,1,2,1
20,0,25000.0,2.28,88.7,19.8,1,0,4.7,3.97,3,CS,High School,0,0,2
21,1,31647.0,4.5,76.5,19.4,0,0,5.6,1.94,3,Business,Master,0,2,3
21,0,101292.0,5.28,74.5,18.9,1,0,6.1,1.36,2,Arts,High School,1,0,0
22,1,25000.0,4.59,80.4,12.8,1,0,7.3,0.35,1,Science,High School,0,0,4
21,0,25000.0,5.35,84.1,13.1,1,0,2.3,2.73,1,Business,High School,0,0,3
19,1,37392.0,4.7,86.8,34.6,1,0,2.9,1.08,1,Business,Bachelor,1,1,3
19,0,25000.0,3.09,85.6,18.9,0,0,8.0,1.3,1,Science,Master,0,2,4
18,1,83449.0,6.33,89.8,34.2,1,1,2.5,3.96,2,Science,Bachelor,0,1,4
24,1,69021.0,4.68,82.9,31.2,1,0,7.2,0.64,2,CS,Bachelor,0,1,2
21,1,26943.0,6.97,73.6,40.6,1,0,7.9,2.74,3,Arts,Bachelor,0,1,0
20,0,25000.0,1.58,71.2,17.8,0,1,6.9,0.39,2,Business,Bachelor,1,1,3
19,1,25000.0,7.11,88.1,42.7,1,1,3.7,1.11,2,Arts,Bachelor,0,1,0
27,1,25000.0,5.12,90.0,19.1,1,0,3.9,4.0,2,CS,Bachelor,0,1,2
18,1,37427.0,4.61,97.8,5.0,1,0,5.4,3.48,4,Arts,Bachelor,0,1,0
20,0,55480.0,2.8,100.0,32.3,0,1,8.7,2.53,1,Business,Bachelor,0,1,3
21,1,25000.0,4.96,89.8,19.5,0,0,8.6,1.83,2,Arts,Master,1,2,0
22,0,54532.0,5.56,84.9,48.0,1,0,6.0,2.26,4,Arts,Bachelor,0,1,0
23,1,43071.0,1.72,78.6,33.6,1,1,2.6,4.0,1,CS,Bachelor,0,1,2
25,1,25000.0,4.74,75.0,29.0,1,0,5.8,2.85,2,Business,High School,0,0,3
22,0,25000.0,3.16,82.5,32.4,1,1,5.1,2.6,2,Science,Master,0,2,4
18,0,31880.0,4.75,81.2,24.0,0,0,5.5,2.39,1,Engineering,Bachelor,1,1,1
20,0,25000.0,2.66,97.2,50.2,0,1,2.5,3.98,2,Science,High School,0,0,4
21,1,54952.0,5.65,86.7,23.4,1,1,5.9,1.31,3,Science,High School,1,0,4
25,0,25000.0,3.9,80.2,35.6,1,0,2.8,2.05,2,Engineering,High School,0,0,1
17,0,41300.0,4.97,74.9,20.2,1,0,1.0,2.15,4,Science,Bachelor,0,1,4
23,1,28329.0,5.26,86.3,30.0,1,0,5.9,3.36,3,Science,Bachelor,0,1,4
21,0,25000.0,4.39,83.1,15.2,1,1,9.0,2.27,2,Arts,High School,1,0,0
22,0,27954.0,2.87,78.4,32.7,0,1,4.0,3.03,1,CS,High School,0,0,2
20,1,56840.0,4.82,76.5,30.8,1,0,4.6,2.21,3,Engineering,Bachelor,0,1,1
19,0,25000.0,3.88,86.4,36.6,1,0,7.1,2.49,2,Arts,High School,0,0,0
22,0,25000.0,4.25,78.7,35.6,0,0,7.6,0.0,1,Business,High School,1,0,3
22,0,25000.0,3.53,79.4,30.3,1,1,5.7,1.76,1,Science,Master,0,2,4
23,1,29052.0,1.67,78.1,54.5,1,0,4.2,3.05,4,Engineering,Bachelor,0,1,1
21,1,25000.0,4.08,100.0,29.8,1,0,7.9,2.33,3,CS,Master,0,2,2
19,0,25000.0,3.22,83.3,30.5,1,1,3.3,3.36,1,Science,High School,0,0,4
17,0,25000.0,4.39,75.4,29.0,0,0,4.6,3.95,4,Science,Master,0,2,4
22,0,79432.0,3.95,61.4,32.4,0,0,6.6,1.07,2,Engineering,Master,0,2,1
21,1,34477.0,3.32,68.9,26.6,0,1,2.7,2.01,3,Science,High School,0,0,4
18,0,33773.0,6.77,79.7,25.6,0,0,6.2,2.05,2,CS,High School,1,0,2
19,1,25095.0,3.59,95.6,39.0,0,0,7.5,3.03,4,Arts,Bachelor,0,1,0
20,0,28826.0,4.1,100.0,29.4,1,0,8.5,3.92,3,Business,Bachelor,0,1,3
17,1,25000.0,6.44,80.1,42.6,1,0,4.8,3.48,1,Engineering,Bachelor,0,1,1
19,1,40789.0,2.69,84.9,7.3,1,0,4.7,3.33,3,Arts,Bachelor,0,1,0
18,1,31587.0,5.09,80.7,48.3,1,1,6.8,2.33,1,CS,Bachelor,0,1,2
20,0,25000.0,3.03,85.6,40.7,0,0,4.4,2.1,4,Arts,High School,0,0,0
19,1,34622.0,3.7,80.1,29.4,1,1,4.9,4.0,3,Science,Bachelor,0,1,4
17,0,25000.0,4.52,77.5,29.1,0,1,6.1,2.87,3,Science,Bachelor,0,1,4
25,0,38113.0,5.49,76.7,37.7,0,1,6.2,2.64,2,Science,Bachelor,0,1,4
23,0,25000.0,2.67,87.7,17.7,0,0,2.1,3.94,2,Science,High School,0,0,4
19,1,28067.0,4.33,92.4,30.5,1,0,3.4,3.82,3,Arts,Bachelor,0,1,0
21,1,25000.0,3.03,78.4,31.9,0,0,2.2,0.59,1,Business,High School,0,0,3
21,1,29783.0,4.84,87.8,5.5,0,0,2.5,4.0,4,Science,Bachelor,0,1,4
23,1,42065.0,5.26,83.3,34.2,1,0,3.5,2.05,1,Business,Bachelor,0,1,3
19,0,73255.0,4.87,78.9,13.8,1,1,5.1,2.66,4,Engineering,Master,0,2,1
23,1,29803.5,3.94,87.4,43.0,0,0,5.5,3.22,4,CS,High School,0,0,2
19,1,53385.0,2.57,92.8,46.1,0,1,1.6,3.02,2,Science,Bachelor,0,1,4
18,1,32167.0,3.78,75.4,48.1,1,0,3.8,0.6,2,Science,Bachelor,0,1,4
22,0,28377.0,3.79,79.4,26.1,0,1,5.5,4.0,1,Business,Bachelor,0,1,3
23,1,46907.0,4.67,93.7,26.0,1,0,5.1,0.61,3,Arts,Bachelor,1,1,0
26,1,25808.0,5.84,81.7,6.3,0,0,4.3,3.84,2,Business,Bachelor,0,1,3
18,1,29684.0,4.13,60.6,38.2,1,0,5.5,1.98,3,Business,Bachelor,0,1,3
22,0,25000.0,4.68,83.4,11.9,1,1,5.2,3.64,2,CS,Master,0,2,2
20,1,25000.0,2.97,82.1,12.6,1,0,4.4,1.06,3,Engineering,High School,0,0,1
22,1,52374.0,5.63,90.4,26.4,0,0,5.0,3.94,2,Engineering,Bachelor,0,1,1
17,0,72493.0,5.32,81.7,16.7,0,1,4.3,3.0,4,Science,Master,0,2,4
18,0,29114.0,3.9,81.9,18.5,1,1,7.9,3.27,4,Engineering,Bachelor,0,1,1
19,0,25000.0,4.99,81.6,30.6,1,1,4.9,3.65,3,Engineering,High School,0,0,1
21,1,26386.0,5.09,83.3,40.6,1,0,6.3,2.0,3,CS,High School,0,0,2
19,0,30317.0,2.45,94.1,36.5,1,1,6.9,1.75,3,Business,Bachelor,1,1,3
22,0,25857.0,4.64,87.8,32.3,1,1,4.3,2.76,2,Arts,Master,0,2,0
23,1,36381.0,3.19,73.7,43.8,1,1,2.3,0.64,1,Arts,Bachelor,0,1,0
22,1,25000.0,4.16,84.3,31.5,1,0,4.6,4.0,2,Arts,Bachelor,0,1,0
24,0,49184.0,3.55,84.8,23.7,1,1,6.6,1.86,1,Arts,Master,0,2,0
21,0,25000.0,4.04,85.0,20.8,1,0,2.4,3.81,3,Engineering,High School,0,0,1
18,1,62449.0,5.2,70.2,36.6,1,1,6.0,1.24,4,CS,Master,0,2,2
24,1,75361.0,2.51,83.2,16.8,1,1,7.0,0.55,4,Engineering,Bachelor,1,1,1
19,0,25000.0,1.73,77.5,34.2,1,0,8.0,0.91,4,CS,Bachelor,1,1,2
23,1,25000.0,3.42,70.0,24.9,1,0,6.7,1.37,2,Business,Bachelor,1,1,3
24,0,38041.0,5.44,91.7,19.9,1,0,6.0,2.09,2,Business,High School,1,0,3
22,1,25000.0,2.83,79.7,19.7,1,1,5.8,1.99,1,Arts,High School,0,0,0
17,0,25000.0,3.33,79.9,41.6,0,1,3.3,3.65,3,Business,Bachelor,0,1,3
19,0,57614.0,5.52,89.1,19.7,0,0,3.8,3.46,1,CS,Bachelor,0,1,2
23,0,46285.0,5.8,90.2,26.6,0,1,2.4,3.89,1,Arts,Master,0,2,0
20,0,97550.0,4.9,80.0,24.4,1,0,5.6,3.98,3,Engineering,PhD,0,3,1
21,1,32941.0,4.53,82.2,42.7,1,0,6.3,0.12,2,CS,Bachelor,1,1,2
22,1,25000.0,5.3,73.9,48.5,1,0,5.7,1.86,2,CS,High School,1,0,2
22,1,30661.0,3.46,74.5,40.9,1,0,6.0,2.1,1,Engineering,Bachelor,1,1,1
21,0,27164.0,4.9,92.4,25.5,0,1,6.9,2.55,3,Arts,Master,0,2,0
20,0,27394.0,2.96,82.4,34.1,1,0,3.1,2.27,3,Science,High School,0,0,4
20,0,29311.0,6.1,89.8,19.1,0,0,5.6,3.11,2,CS,Bachelor,0,1,2
22,0,25000.0,5.36,80.7,32.5,0,0,5.9,2.47,4,Science,Master,0,2,4
22,1,35219.0,4.86,85.4,8.9,1,0,4.7,0.17,4,CS,Bachelor,0,1,2
20,0,25000.0,3.56,68.1,32.8,0,0,1.7,2.94,4,Science,Master,0,2,4
23,1,25000.0,4.9,88.9,29.3,0,0,3.7,3.34,3,Arts,Master,0,2,0
20,1,27686.0,3.98,81.8,35.3,0,0,4.6,1.63,1,Science,High School,0,0,4
19,0,25000.0,3.28,78.2,29.9,1,0,5.8,2.2,1,Business,Bachelor,0,1,3
19,1,47164.0,4.76,87.0,40.0,1,0,5.6,2.83,2,Business,Master,0,2,3
18,0,29803.0,4.24,89.9,20.8,0,0,5.5,1.94,4,Business,Master,1,2,3
20,0,44434.0,5.15,78.8,39.1,0,1,7.2,0.81,4,CS,Bachelor,0,1,2
23,1,25000.0,2.66,72.4,35.7,0,0,5.5,2.9,1,Business,Master,1,2,3
19,0,25000.0,4.95,95.3,43.1,0,0,5.7,3.97,4,Engineering,Bachelor,0,1,1
21,0,40598.0,2.06,80.3,43.9,1,0,7.8,2.67,4,Science,Bachelor,1,1,4
19,1,111178.0,3.46,66.6,18.6,1,1,7.9,0.54,2,Science,Master,1,2,4
20,0,31884.0,4.59,78.6,36.2,1,0,6.1,1.7,4,Business,Bachelor,0,1,3
17,1,25000.0,5.13,85.6,16.0,1,0,8.6,0.07,1,Science,High School,1,0,4
20,0,52692.0,3.1,81.3,43.9,1,1,3.9,2.68,4,Arts,High School,0,0,0
20,0,25870.0,2.8,81.0,19.8,1,0,5.4,0.89,2,Arts,Master,0,2,0
22,1,31006.0,5.33,79.2,25.4,1,0,10.0,2.92,4,Business,Bachelor,0,1,3
21,1,41553.0,6.47,78.6,32.6,1,0,6.8,1.21,2,Science,Bachelor,0,1,4
18,0,25000.0,2.82,71.8,38.9,1,1,5.2,1.85,3,Business,Master,1,2,3
23,0,29849.0,0.6,71.6,34.5,0,1,5.7,0.96,2,CS,Master,0,2,2
21,1,29590.0,3.975,69.9,39.2,1,1,5.5,3.6,3,Science,Bachelor,0,1,4
21,0,61889.0,3.81,91.8,30.1,1,0,8.5,0.92,4,Engineering,Bachelor,0,1,1
21,1,45994.0,2.82,79.8,32.9,1,0,6.9,3.0,3,Engineering,Bachelor,0,1,1
19,1,25000.0,4.08,93.1,8.8,1,0,5.4,2.06,4,Science,Master,0,2,4
21,1,63423.0,6.53,90.8,42.3,1,1,2.5,2.54,4,Science,High School,0,0,4
22,1,38938.0,4.85,80.9,26.5,0,0,4.2,0.63,1,Engineering,Bachelor,0,1,1
17,1,25000.0,5.01,87.1,24.8,0,0,5.6,2.46,1,Arts,Bachelor,0,1,0
19,1,30744.0,4.21,85.9,53.2,1,0,5.3,2.96,1,Engineering,Bachelor,0,1,1
20,1,55320.0,4.62,78.0,5.0,1,0,7.5,0.99,3,Arts,Bachelor,0,1,0
21,1,25000.0,6.21,64.7,31.1,0,0,5.1,1.05,1,Arts,High School,1,0,0
23,0,67951.0,2.83,83.1,5.0,1,1,7.0,2.46,2,Business,Bachelor,0,1,3
19,0,25000.0,4.99,87.6,34.1,0,0,2.9,4.0,4,Arts,Bachelor,0,1,0
19,1,25000.0,3.95,77.6,21.6,1,0,4.6,0.72,2,Business,Bachelor,0,1,3
19,1,25000.0,3.92,98.1,5.0,0,0,6.8,3.14,4,Engineering,Bachelor,0,1,1
19,0,67925.0,2.51,90.3,43.1,1,0,9.2,3.5,4,CS,Bachelor,0,1,2
20,0,25000.0,4.55,70.2,14.5,1,0,5.2,1.74,2,Science,Bachelor,0,1,4
22,1,25000.0,4.76,80.4,41.4,1,0,7.0,1.92,3,CS,PhD,1,3,2
18,1,38837.0,3.76,75.3,18.3,1,1,7.9,1.46,3,Engineering,Master,1,2,1
21,0,44210.0,5.88,79.1,24.4,1,0,7.2,1.66,3,Arts,Bachelor,1,1,0
17,1,44379.0,4.11,87.2,5.0,1,0,6.8,2.49,4,Engineering,PhD,0,3,1
19,1,25266.0,1.24,80.0,35.1,1,0,4.9,0.0,2,CS,Bachelor,1,1,2
20,1,34638.0,4.71,77.4,23.1,1,0,8.2,1.35,2,CS,Bachelor,0,1,2
24,1,25000.0,2.49,82.8,25.6,1,0,3.1,1.54,4,Business,Bachelor,0,1,3
20,0,81217.0,5.86,88.1,28.9,1,0,3.2,3.51,4,Engineering,Master,0,2,1
17,1,59073.0,6.44,88.0,10.2,0,0,8.9,2.21,2,Engineering,High School,0,0,1
17,1,56941.0,5.31,86.9,38.3,0,0,6.2,2.21,2,Business,Bachelor,0,1,3
21,1,47881.0,4.0,93.0,23.2,1,0,3.3,3.98,1,Business,Bachelor,0,1,3
22,0,40613.0,4.78,81.3,57.5,0,0,2.9,3.2,1,CS,Bachelor,0,1,2
21,0,25000.0,3.03,79.1,24.2,1,0,2.8,2.59,4,CS,Bachelor,0,1,2
21,0,43477.0,4.8,80.8,25.3,0,0,9.2,0.08,4,Engineering,High School,1,0,1
23,0,31843.0,2.97,75.5,13.7,1,0,5.4,3.97,2,Arts,High School,0,0,0
19,1,63451.0,6.44,75.3,10.6,0,0,4.6,2.45,3,Engineering,Master,0,2,1
23,1,48264.0,2.72,87.9,40.5,1,0,8.4,3.14,2,Science,High School,1,0,4
17,1,41367.0,1.87,88.6,42.7,1,0,6.0,1.03,2,CS,Bachelor,0,1,2
19,1,25000.0,3.79,60.8,23.2,1,0,4.9,1.74,1,Science,Bachelor,1,1,4
17,0,28187.0,4.77,89.5,31.5,1,0,7.4,3.96,4,Science,Master,0,2,4
20,1,28160.0,4.13,63.7,44.9,1,0,5.5,3.41,2,Business,Master,0,2,3
20,1,34593.0,3.06,76.9,33.5,1,1,6.6,0.9,4,Arts,Bachelor,1,1,0
21,1,25000.0,4.08,79.4,35.8,1,0,5.0,2.61,2,CS,Master,0,2,2
21,0,25196.0,4.0,71.9,31.0,0,1,3.9,2.62,3,Business,Master,0,2,3
19,1,39160.0,2.63,80.7,22.2,1,0,3.7,1.33,1,Engineering,Bachelor,0,1,1
20,1,25000.0,2.7,97.3,34.6,0,0,5.7,2.65,3,Arts,Master,0,2,0
17,0,31983.0,1.55,69.6,52.4,1,0,5.5,2.58,1,CS,Bachelor,0,1,2
24,1,25000.0,5.99,86.9,23.8,1,0,6.4,2.71,1,Business,PhD,0,3,3
20,1,25000.0,2.97,89.8,40.4,1,1,4.7,1.41,2,Arts,Bachelor,1,1,0
19,0,44074.0,1.29,86.7,32.2,0,0,7.8,0.97,1,CS,Bachelor,0,1,2
24,1,25000.0,3.5,94.3,22.9,1,0,3.1,2.47,2,CS,High School,0,0,2
18,1,62783.0,5.58,89.9,40.7,1,0,6.3,2.6,2,Arts,PhD,1,3,0
18,1,53351.0,4.67,87.4,39.3,0,1,3.9,2.7,2,CS,PhD,0,3,2
18,1,25313.0,4.66,90.3,37.0,1,1,5.1,3.09,3,Engineering,Master,0,2,1
20,1,179735.0,6.1,89.9,51.0,1,0,3.8,1.99,2,Science,Bachelor,0,1,4
21,0,62684.0,5.35,79.2,52.0,1,1,4.8,3.52,1,Business,Bachelor,0,1,3
22,0,25000.0,0.6,87.0,30.6,1,1,3.6,1.05,4,CS,Bachelor,0,1,2
26,1,46523.0,3.38,79.8,28.7,0,0,3.7,0.64,2,CS,High School,0,0,2
17,1,30931.0,4.56,71.3,12.9,1,0,7.2,1.03,4,Business,High School,1,0,3
22,1,25000.0,4.25,96.7,48.4,1,1,3.0,4.0,4,Business,Bachelor,0,1,3
19,0,25000.0,4.72,77.6,29.1,1,1,6.7,1.92,4,Science,Bachelor,0,1,4
19,0,54011.0,7.49,90.8,22.7,1,0,7.0,3.14,4,Engineering,PhD,0,3,1
19,1,29718.0,4.205,86.3,18.8,1,1,5.5,1.65,1,Engineering,Bachelor,0,1,1
19,0,27970.0,1.08,74.8,18.7,1,0,5.5,1.12,2,Science,High School,0,0,4
24,1,25000.0,0.84,75.8,51.1,1,0,3.5,0.71,2,Science,High School,0,0,4
22,1,25000.0,5.2,85.2,40.8,0,0,2.7,2.82,4,Engineering,High School,1,0,1
21,1,27552.0,3.79,85.2,12.1,0,1,3.4,2.59,3,Science,High School,0,0,4
24,0,37531.0,2.06,79.0,12.6,1,1,3.4,3.76,4,Business,Bachelor,0,1,3
17,1,25000.0,3.69,69.3,31.5,1,0,6.0,1.35,3,Arts,Master,0,2,0
18,1,30036.0,3.38,88.4,17.8,1,0,3.0,4.0,3,Science,Bachelor,0,1,4
17,0,25000.0,3.54,58.6,27.0,0,0,5.1,1.32,4,Arts,Bachelor,1,1,0
19,0,68969.0,1.51,84.8,48.6,0,0,5.6,0.42,3,Arts,Master,1,2,0
21,0,173798.0,4.77,91.1,42.8,1,0,5.0,2.94,3,Science,Bachelor,0,1,4
21,0,25000.0,4.93,67.2,9.5,1,1,5.0,2.27,4,Engineering,High School,0,0,1
21,1,25000.0,4.17,83.3,17.9,0,0,7.8,1.65,4,Engineering,High School,1,0,1
17,1,31893.0,3.9,78.9,32.9,0,0,6.4,3.11,3,Business,Bachelor,0,1,3
22,1,26285.0,4.23,83.6,43.6,1,1,6.8,1.27,1,Business,High School,1,0,3
21,1,97033.0,4.06,89.8,20.1,0,0,4.8,3.81,3,CS,High School,0,0,2
22,1,80818.0,1.69,71.2,34.4,0,1,6.9,2.4,3,Arts,High School,0,0,0
17,0,49972.0,2.91,80.2,24.5,0,0,6.0,1.5,4,Science,Master,0,2,4
21,1,25000.0,4.28,80.7,51.0,1,0,5.9,3.13,1,Arts,Bachelor,0,1,0
18,1,44652.0,3.04,66.4,37.5,1,0,4.8,0.89,1,Arts,Bachelor,1,1,0
20,1,34857.0,5.15,86.6,27.7,1,1,5.9,2.47,1,Science,High School,0,0,4
22,1,34365.0,2.24,95.0,12.1,1,0,9.3,1.05,2,Science,Bachelor,0,1,4
21,1,31202.0,3.915,87.4,17.3,1,1,5.5,2.04,1,Science,High School,0,0,4
19,1,56223.0,6.7,83.0,5.0,0,1,8.6,1.73,1,Engineering,Bachelor,0,1,1
21,1,31719.0,3.63,89.1,33.3,1,1,2.1,3.01,1,Business,High School,0,0,3
17,0,27987.0,2.05,77.2,38.0,1,1,5.6,1.68,1,Arts,Bachelor,0,1,0
23,1,25000.0,3.3,74.9,38.6,0,1,7.0,2.84,1,Arts,Master,0,2,0
20,1,25000.0,5.58,86.1,22.6,1,0,6.2,3.66,2,CS,Bachelor,0,1,2
23,0,35967.0,3.56,83.8,45.4,0,0,6.4,2.79,4,CS,High School,0,0,2
19,0,25000.0,4.51,84.5,49.0,1,0,4.8,3.41,1,CS,High School,0,0,2
19,1,47748.0,4.07,75.1,22.0,1,0,7.7,0.46,3,Engineering,Bachelor,1,1,1
19,0,25000.0,4.74,70.0,44.2,1,1,2.6,1.52,4,CS,High School,0,0,2
22,0,25000.0,4.65,73.7,31.7,1,1,5.2,0.89,1,CS,Bachelor,1,1,2
19,1,29684.0,4.13,75.2,23.7,1,0,5.5,1.46,3,Business,Bachelor,0,1,3
22,1,25000.0,5.89,65.7,44.8,1,0,4.5,1.35,3,Engineering,Master,0,2,1
20,1,25000.0,4.66,85.8,15.5,1,0,5.6,3.89,2,Engineering,Bachelor,0,1,1
17,0,58731.0,5.54,71.7,12.2,0,0,2.0,1.65,2,Science,Bachelor,0,1,4
19,0,90460.0,3.68,71.2,25.2,0,1,3.2,2.97,3,Science,Master,0,2,4
18,0,25000.0,3.78,79.9,27.3,0,0,7.8,1.62,3,CS,Master,1,2,2
21,0,25000.0,7.48,74.8,10.3,0,0,5.9,3.17,2,Business,Bachelor,0,1,3
18,0,29803.0,3.555,54.400000000000006,35.9,0,0,5.5,4.0,3,Engineering,Master,0,2,1
23,1,52098.0,5.63,70.3,20.6,1,1,7.3,1.54,1,Business,High School,1,0,3
20,1,79497.0,2.11,86.3,14.3,1,1,8.0,0.8,2,CS,High School,0,0,2
20,0,25000.0,4.46,79.3,37.8,1,0,8.8,2.02,1,Business,Bachelor,0,1,3
22,0,69484.0,3.47,69.9,24.8,0,0,2.1,3.19,3,Arts,PhD,0,3,0
23,1,25000.0,6.0,93.6,42.7,1,0,8.0,1.62,4,CS,Master,0,2,2
21,1,36376.0,3.12,76.3,35.5,1,1,3.4,3.86,3,CS,Bachelor,0,1,2
19,0,25000.0,3.44,86.2,27.6,0,0,6.0,2.07,3,Engineering,High School,0,0,1
17,1,27635.0,4.75,81.1,43.2,1,0,6.6,3.04,1,Business,High School,0,0,3
19,0,27815.0,2.63,82.8,35.0,0,1,8.4,0.48,3,Business,Master,1,2,3
19,0,25000.0,4.17,82.2,29.8,1,0,6.3,1.54,3,Arts,Master,1,2,0
21,0,37458.0,3.22,71.0,36.1,0,0,6.0,1.39,1,Science,PhD,0,3,4
20,1,25000.0,4.18,100.0,36.5,1,1,4.0,4.0,2,Engineering,Master,0,2,1
22,0,25000.0,3.88,75.9,16.9,1,1,2.5,0.9,2,Engineering,High School,0,0,1
19,0,38666.0,6.39,88.6,58.3,1,0,3.9,1.44,4,Arts,High School,0,0,0
20,0,66518.0,4.6,75.7,30.8,1,0,8.0,2.37,3,Business,High School,1,0,3
23,1,29328.0,2.3,73.2,31.1,1,1,5.6,1.83,3,Science,High School,1,0,4
21,0,40223.0,2.81,93.0,8.9,0,0,8.5,1.28,1,Science,Bachelor,0,1,4
20,0,46857.0,3.43,94.5,31.5,0,0,4.2,1.33,2,Engineering,High School,0,0,1
19,0,30604.5,4.08,85.6,32.1,0,0,5.5,1.86,4,Science,Bachelor,1,1,4
19,0,25000.0,5.85,88.5,16.2,0,0,5.8,2.65,4,Arts,Master,1,2,0
19,0,25000.0,3.27,72.0,17.5,1,1,7.8,1.52,3,Arts,Master,0,2,0
19,0,25000.0,3.95,87.3,19.2,1,0,5.1,4.0,1,Arts,Bachelor,0,1,0
22,0,94578.0,4.78,87.2,26.5,0,1,5.3,2.11,4,Business,High School,0,0,3
20,1,40333.0,7.63,85.5,32.6,1,0,7.7,0.75,1,Science,Master,0,2,4
18,0,39261.0,3.81,95.2,27.3,0,1,1.7,2.63,1,Engineering,Bachelor,0,1,1
24,0,37040.0,6.16,63.8,33.6,0,0,5.2,2.96,1,Arts,Bachelor,0,1,0
21,0,25000.0,3.44,80.6,38.1,1,0,2.5,2.58,1,Engineering,Master,0,2,1
17,1,95122.0,5.27,93.9,36.5,0,0,5.4,3.95,2,Business,Master,0,2,3
20,1,39637.0,2.91,73.1,34.4,0,0,4.7,2.73,1,Engineering,Bachelor,0,1,1
21,1,45885.0,5.04,87.2,33.4,1,0,6.6,0.71,1,Science,PhD,0,3,4
24,1,25000.0,3.52,78.1,33.5,1,1,6.3,4.0,1,Arts,PhD,0,3,0
18,1,47467.0,5.19,82.7,28.2,1,1,5.0,2.32,4,CS,High School,0,0,2
23,1,25000.0,5.05,73.5,22.1,0,0,3.8,4.0,2,Engineering,Master,0,2,1
24,1,25000.0,4.81,100.0,28.9,0,0,5.6,2.12,1,Science,Bachelor,0,1,4
19,0,25000.0,4.56,72.8,37.8,1,0,7.8,1.9,4,Arts,Bachelor,0,1,0
20,0,25000.0,3.38,81.0,37.8,1,0,3.7,2.53,2,CS,PhD,0,3,2
18,1,25000.0,4.94,79.9,36.1,1,1,2.8,1.18,4,Arts,Master,0,2,0
20,1,29590.0,4.17,90.6,24.3,1,1,5.5,1.61,4,Business,Bachelor,0,1,3
20,0,25000.0,7.32,82.6,27.4,1,1,2.7,3.87,3,Engineering,High School,0,0,1
22,1,36332.0,4.84,69.4,27.4,1,1,5.5,2.67,3,Science,High School,1,0,4
23,0,81274.0,4.7,76.9,22.7,1,0,3.0,4.0,2,Engineering,High School,0,0,1
19,0,27510.0,4.61,64.7,40.7,1,0,4.8,2.03,3,Arts,Bachelor,1,1,0
17,0,25000.0,3.03,82.6,7.9,1,0,6.3,0.28,3,Science,Bachelor,0,1,4
21,0,25715.0,3.22,96.2,54.3,0,1,1.7,3.4,1,CS,Master,0,2,2
21,0,60842.0,4.31,80.4,54.9,1,1,7.3,1.95,3,Arts,Master,0,2,0
21,1,28238.0,3.37,84.7,30.6,0,0,8.1,3.46,3,Science,High School,1,0,4
20,1,74429.0,2.46,90.8,34.9,1,0,8.9,1.38,3,Arts,PhD,1,3,0
21,1,39017.0,3.9,76.5,40.2,0,1,8.2,2.24,3,Business,High School,1,0,3
24,0,25000.0,4.46,90.8,20.9,1,0,9.8,1.3,2,CS,Master,1,2,2
21,1,31753.0,3.98,97.3,36.8,0,1,5.9,1.2,4,Science,Bachelor,1,1,4
20,0,35532.0,5.37,67.8,45.8,1,1,7.0,2.7,4,Business,High School,0,0,3
19,0,56852.0,4.21,91.1,8.4,0,0,5.0,1.74,2,CS,High School,0,0,2
20,1,88591.0,6.06,70.1,12.7,1,1,6.7,3.49,1,Arts,Bachelor,0,1,0
24,0,51258.0,7.0,75.8,39.0,0,0,5.7,3.65,4,Business,Bachelor,0,1,3
20,0,38727.0,3.83,91.1,26.8,1,0,2.5,2.55,3,Science,Bachelor,0,1,4
21,0,44610.0,2.55,84.6,25.4,0,0,2.8,3.73,2,Arts,Bachelor,0,1,0
19,1,26882.0,2.51,78.3,26.1,1,0,8.8,0.19,1,CS,Master,1,2,2
23,0,25000.0,3.94,99.9,16.5,1,0,5.8,1.46,3,CS,High School,0,0,2
25,1,30482.0,5.04,79.4,25.1,1,0,8.1,1.68,2,Business,Bachelor,0,1,3
22,1,30604.5,3.675,90.8,14.2,0,0,5.5,3.9,1,Engineering,Bachelor,0,1,1
21,1,25000.0,4.03,79.6,45.7,1,1,3.9,1.51,4,Business,Bachelor,1,1,3
21,1,65905.0,3.32,85.7,31.6,1,1,5.3,1.71,3,Business,Bachelor,1,1,3
17,0,54353.0,3.59,85.9,31.3,1,1,6.9,1.79,4,Business,Master,0,2,3
22,0,25000.0,4.14,82.6,38.0,0,1,8.0,1.44,1,CS,High School,1,0,2
21,0,67474.0,5.27,70.7,63.5,0,1,5.8,2.1,3,CS,Bachelor,0,1,2
21,0,25000.0,5.21,84.2,17.4,1,0,6.7,2.03,1,Business,PhD,1,3,3
19,1,25000.0,1.09,77.4,7.9,0,0,5.2,2.86,4,Science,Bachelor,0,1,4
20,0,56816.0,4.88,78.3,29.6,1,0,8.1,1.15,2,Science,High School,1,0,4
20,0,28836.0,4.84,86.7,8.1,1,1,8.1,4.0,2,CS,High School,0,0,2
23,1,92922.0,3.89,86.2,25.9,0,1,4.1,3.57,1,Business,Bachelor,0,1,3
20,1,25000.0,3.56,76.0,40.5,1,0,6.2,3.84,2,Arts,Bachelor,0,1,0
25,1,25000.0,4.79,83.7,48.3,1,0,3.7,2.19,3,Arts,High School,0,0,0
21,1,25128.0,4.17,82.2,11.2,0,0,7.0,1.89,1,Science,Master,0,2,4
18,1,47740.0,3.7,75.1,18.7,0,0,4.8,1.89,4,Arts,High School,1,0,0
20,1,25000.0,6.82,75.6,34.4,1,0,4.1,3.12,3,Science,Master,0,2,4
19,0,25000.0,4.66,75.7,39.0,0,0,1.8,3.64,4,Science,High School,0,0,4
17,1,34110.0,3.31,81.9,39.7,1,0,7.4,0.1,4,CS,High School,1,0,2
24,1,25000.0,4.97,79.6,47.7,1,1,5.8,2.79,1,CS,High School,0,0,2
22,0,35740.0,4.57,83.7,38.7,1,0,6.0,0.01,3,Engineering,High School,1,0,1
22,0,25000.0,4.49,75.0,28.6,1,0,7.0,2.25,3,Business,High School,0,0,3
21,1,40002.0,5.13,80.6,42.7,1,1,4.1,3.81,3,Engineering,PhD,0,3,1
18,1,25000.0,3.39,81.2,30.8,1,0,3.8,3.46,1,Business,Bachelor,0,1,3
19,0,64789.0,4.34,84.6,33.3,0,0,6.5,3.0,4,Arts,PhD,0,3,0
22,0,26640.0,2.9,93.8,24.1,0,1,7.6,2.68,1,Science,Master,0,2,4
18,1,47010.0,5.05,90.6,31.9,0,0,6.5,2.28,1,Engineering,High School,0,0,1
17,1,52888.0,4.02,81.4,10.4,1,0,8.4,1.77,4,Business,Bachelor,1,1,3
20,0,25000.0,2.95,69.2,42.4,1,0,6.5,1.39,1,Engineering,Bachelor,1,1,1
20,0,50481.0,3.94,77.9,17.9,1,0,6.4,0.83,2,Business,Bachelor,0,1,3
21,1,25000.0,4.3,89.4,19.3,1,1,7.0,0.96,3,Business,High School,1,0,3
22,0,25000.0,5.17,81.6,5.0,1,0,5.1,3.2,2,Science,Bachelor,0,1,4
22,1,96606.0,5.59,71.9,20.1,0,0,3.3,2.39,2,Arts,Master,0,2,0
21,0,57937.0,5.21,80.4,18.5,1,0,5.5,2.32,3,Engineering,High School,0,0,1
23,0,103177.0,4.7,78.2,32.6,1,1,6.8,2.65,2,Business,Bachelor,0,1,3
17,0,25000.0,4.96,92.1,14.5,1,0,4.0,4.0,3,Business,High School,0,0,3
22,0,31617.0,3.66,77.3,24.7,1,0,3.0,1.91,1,Business,Bachelor,0,1,3
22,0,40799.0,2.58,85.3,21.8,1,0,4.2,2.29,1,Arts,High School,1,0,0
18,0,29516.0,3.14,87.5,8.9,1,1,7.9,1.83,3,Engineering,High School,1,0,1
17,1,25000.0,4.06,72.1,32.9,1,1,6.4,2.83,1,Business,PhD,0,3,3
19,0,25000.0,3.74,76.0,27.4,1,0,5.3,2.51,3,Arts,Master,0,2,0
19,1,33803.0,3.68,78.6,30.5,1,1,3.8,0.54,2,Business,Master,0,2,3
22,0,25000.0,4.35,83.1,40.0,1,0,6.0,2.9,1,Arts,Bachelor,0,1,0
19,1,25000.0,5.29,77.2,30.1,1,0,5.8,1.69,4,Arts,High School,0,0,0
19,0,37652.0,4.37,71.0,26.0,0,1,6.3,2.35,3,Engineering,High School,0,0,1
19,0,28083.0,3.37,73.9,41.1,0,0,10.0,0.0,3,Engineering,Bachelor,1,1,1
23,1,52173.0,2.42,89.5,26.1,0,0,6.4,3.1,1,Engineering,High School,0,0,1
21,1,30885.0,4.285,83.6,23.9,0,1,5.5,3.71,1,Science,High School,0,0,4
20,1,25000.0,1.34,84.4,38.0,1,1,3.0,2.38,1,Science,Bachelor,0,1,4
20,1,38336.0,5.42,90.6,20.6,1,0,4.5,3.77,3,CS,High School,0,0,2
23,1,25000.0,4.13,84.8,44.0,1,1,4.7,1.92,3,Engineering,Bachelor,0,1,1
19,0,25000.0,6.3,87.6,31.9,0,0,7.0,2.15,2,Science,Master,0,2,4
23,1,25000.0,5.74,87.9,48.8,0,1,4.4,1.59,1,Business,Bachelor,0,1,3
21,1,26217.0,4.72,87.4,29.3,1,0,3.7,1.25,4,CS,High School,0,0,2
20,1,86117.0,3.35,84.8,41.4,1,1,6.5,1.61,2,CS,Bachelor,1,1,2
26,1,25000.0,3.52,83.1,10.3,1,1,4.4,3.98,4,Arts,Bachelor,0,1,0
18,0,64686.0,6.03,78.8,45.4,1,1,6.5,1.17,3,Business,Bachelor,1,1,3
20,0,29590.0,3.96,86.2,38.3,1,1,5.5,2.57,4,Arts,Bachelor,0,1,0
18,1,76129.0,2.29,84.5,22.3,1,0,4.7,1.06,3,Science,High School,0,0,4
23,1,195245.0,3.57,74.7,40.4,1,0,4.5,0.35,1,Business,High School,0,0,3
24,1,70184.0,5.83,91.5,14.8,0,0,6.2,3.91,4,Science,Master,0,2,4
24,1,51813.0,5.43,89.9,24.0,0,0,5.2,2.07,2,Business,Bachelor,0,1,3
23,0,25000.0,4.53,83.5,19.8,0,1,3.3,2.81,2,Business,PhD,1,3,3
20,0,25000.0,5.77,91.4,41.0,0,0,3.2,2.23,4,Science,Bachelor,0,1,4
20,0,36905.0,2.38,87.8,45.0,0,0,4.9,3.8,4,CS,Master,0,2,2
17,1,25000.0,3.23,78.5,24.6,1,0,3.0,2.83,4,Arts,High School,0,0,0
25,1,43013.0,3.86,67.5,14.7,1,0,4.8,4.0,1,CS,Master,0,2,2
22,0,29590.0,4.245,52.2,18.3,1,1,5.5,1.68,3,Business,Bachelor,0,1,3
19,1,59358.0,4.97,92.1,31.1,1,1,3.4,4.0,4,Arts,High School,0,0,0
23,0,25000.0,5.04,81.8,30.4,1,1,7.0,1.99,2,CS,High School,0,0,2
18,0,32079.0,4.66,79.0,25.9,1,0,8.0,0.72,3,Science,Bachelor,0,1,4
21,1,25000.0,2.67,76.7,20.0,1,1,7.5,0.01,2,Business,Master,1,2,3
20,0,25000.0,6.3,82.5,49.5,1,0,6.7,2.25,4,CS,High School,0,0,2
22,1,62369.0,4.44,89.3,22.6,1,1,6.3,1.46,1,CS,High School,0,0,2
20,1,66265.0,1.93,75.5,20.0,1,0,5.9,1.7,3,Arts,Bachelor,1,1,0
17,1,25000.0,2.44,82.8,43.8,1,0,6.2,1.22,2,Science,Bachelor,1,1,4
21,0,44230.0,3.01,100.0,26.6,1,0,4.4,0.46,2,Science,Bachelor,0,1,4
23,0,25000.0,6.15,96.5,36.1,1,1,5.5,2.18,1,Engineering,High School,0,0,1
20,1,35351.0,2.87,64.1,19.5,1,1,5.8,2.26,1,Science,Master,1,2,4
22,1,29684.0,3.965,67.5,36.1,1,0,5.5,2.21,4,Science,Bachelor,1,1,4
18,1,41483.0,5.42,96.4,38.8,1,0,2.6,3.9,4,Arts,Bachelor,0,1,0
20,0,66475.0,5.16,89.2,16.6,1,1,5.9,3.83,1,CS,High School,0,0,2
19,0,40592.0,3.27,82.4,23.6,1,0,7.4,3.05,3,Arts,Bachelor,0,1,0
22,1,30238.0,4.66,86.2,19.1,1,1,4.4,3.98,4,Business,Bachelor,0,1,3
21,1,25000.0,3.67,79.5,23.7,1,0,5.3,1.45,2,Engineering,Bachelor,0,1,1
22,0,25000.0,4.81,76.7,49.2,1,0,2.1,3.58,4,Business,High School,0,0,3
23,0,48341.0,3.6,87.8,33.1,0,0,5.6,1.47,3,Science,Bachelor,1,1,4
22,1,25000.0,4.69,81.2,53.4,1,0,2.8,3.85,4,CS,Bachelor,0,1,2
21,0,57727.0,4.03,88.9,47.8,1,1,4.5,1.5,4,Arts,Bachelor,1,1,0
18,0,25117.0,3.23,77.6,43.6,1,0,5.4,4.0,4,CS,Bachelor,0,1,2
21,0,25000.0,5.21,87.7,47.5,0,0,4.4,3.95,2,Business,Bachelor,0,1,3
19,0,25000.0,4.09,84.5,43.9,0,0,5.2,2.05,3,CS,Bachelor,0,1,2
20,1,28160.0,4.1,71.3,50.5,1,0,5.5,2.35,3,CS,Master,0,2,2
20,0,29473.0,4.67,93.8,36.5,0,1,5.4,1.0,3,CS,Master,0,2,2
18,0,77131.0,3.95,70.7,38.2,0,1,5.8,1.41,4,Science,High School,0,0,4
17,0,25000.0,5.53,92.6,37.9,1,0,2.1,3.81,3,Engineering,Bachelor,0,1,1
19,0,25000.0,4.33,85.6,24.7,1,0,5.2,3.99,3,Business,Bachelor,0,1,3
21,1,28132.0,4.61,87.1,40.2,1,0,1.5,3.99,2,Engineering,High School,0,0,1
18,0,25000.0,3.62,78.1,45.1,1,1,4.8,0.97,4,Arts,Bachelor,1,1,0
21,1,29842.0,3.4,79.0,22.8,1,1,8.8,0.38,4,Engineering,Master,1,2,1
25,0,36015.0,4.24,82.0,19.7,1,0,7.2,0.49,2,Science,High School,0,0,4
23,0,39763.0,2.84,71.7,23.4,1,0,2.9,1.52,4,Science,High School,1,0,4
24,0,73402.0,4.2,86.6,46.3,0,0,4.5,2.02,4,Engineering,High School,0,0,1
21,0,25000.0,4.27,79.1,27.2,0,0,5.2,2.65,2,Business,Bachelor,0,1,3
23,1,36412.0,2.67,65.0,16.8,1,0,6.4,1.19,1,CS,Bachelor,1,1,2
19,0,25000.0,5.68,97.1,17.5,1,1,7.0,3.24,1,Arts,High School,0,0,0
19,1,38484.0,5.89,84.1,19.2,1,0,8.4,0.3,1,Science,Master,1,2,4
17,0,38515.0,5.78,84.6,21.4,0,1,3.8,1.79,3,Science,Bachelor,1,1,4
23,0,25000.0,3.78,76.5,13.2,1,0,5.9,3.59,4,Science,Bachelor,0,1,4
24,0,29803.5,4.05,69.7,37.3,0,0,5.5,4.0,2,Science,High School,0,0,4
19,1,40416.0,3.56,87.9,27.7,0,0,6.2,2.29,4,Engineering,Master,0,2,1
20,0,30153.0,4.97,70.4,36.4,1,0,6.4,4.0,1,CS,High School,0,0,2
19,0,26062.0,3.78,86.8,5.0,1,1,5.5,3.86,4,Arts,High School,0,0,0
21,0,44125.0,4.29,73.5,42.9,0,1,6.7,0.92,4,CS,Bachelor,1,1,2
23,0,46121.0,4.48,71.7,29.0,0,0,3.9,1.16,4,Science,High School,1,0,4
17,1,25000.0,2.58,75.0,36.0,0,0,3.1,0.66,2,Business,High School,1,0,3
21,1,25000.0,3.96,98.8,48.3,1,1,3.8,4.0,2,Science,Master,0,2,4
20,1,25000.0,5.2,88.3,34.4,1,0,6.2,4.0,1,Engineering,Master,0,2,1
21,1,30335.0,8.98,81.9,55.3,0,1,7.9,1.46,1,CS,Bachelor,1,1,2
22,1,25000.0,1.71,95.6,7.4,1,0,4.0,1.41,4,Engineering,High School,0,0,1
20,0,31560.0,3.18,74.6,26.2,0,0,4.3,0.3,2,Engineering,Bachelor,1,1,1
20,1,61704.0,3.23,73.8,8.4,0,1,5.7,3.5,2,Business,High School,0,0,3
20,0,25000.0,2.39,74.7,33.8,0,1,10.0,1.0,1,CS,Master,0,2,2
23,0,25000.0,6.55,97.0,30.9,0,0,4.7,3.17,3,Engineering,High School,0,0,1
21,1,98588.0,3.96,88.9,16.9,0,0,7.2,2.86,4,Arts,High School,0,0,0
21,1,73557.0,3.79,75.5,56.1,0,0,5.2,2.83,4,Science,Master,1,2,4
18,1,25000.0,4.82,76.5,25.7,1,1,4.5,2.82,2,Science,Master,0,2,4
20,1,32319.0,3.24,84.3,5.0,0,0,3.1,3.7,4,Engineering,Bachelor,0,1,1
23,0,36214.0,4.96,72.9,38.2,0,0,5.0,1.56,1,Arts,High School,1,0,0
21,0,33597.0,3.25,80.6,38.3,0,1,7.0,2.86,2,Business,Bachelor,0,1,3
22,0,88327.0,5.81,74.1,24.2,0,0,3.9,2.19,1,Engineering,Bachelor,0,1,1
24,1,31330.0,4.18,81.4,39.5,0,0,5.7,3.57,4,Business,High School,0,0,3
23,1,34281.0,5.81,88.5,18.6,0,1,4.0,3.44,1,Business,Bachelor,0,1,3
21,0,44945.0,4.81,95.9,25.0,1,0,4.7,2.5,4,Arts,Bachelor,0,1,0
19,0,60715.0,0.97,69.5,34.7,1,1,2.8,2.27,1,Business,Bachelor,0,1,3
17,0,52164.0,2.42,86.8,41.1,1,0,9.7,3.14,3,Arts,High School,0,0,0
20,1,41063.0,6.14,87.4,27.3,1,1,6.1,1.92,2,CS,Master,0,2,2
20,1,25000.0,3.6,80.1,24.2,1,1,4.9,3.49,1,Arts,Bachelor,0,1,0
21,0,25000.0,1.7,77.3,29.5,1,0,7.8,1.62,4,CS,Bachelor,0,1,2
20,1,48613.0,3.36,77.3,5.4,1,0,5.3,2.4,1,Engineering,Master,0,2,1
20,1,34553.0,3.54,67.2,26.6,1,0,6.3,1.82,4,Business,High School,0,0,3
17,0,48809.0,5.66,88.2,6.2,1,0,8.3,1.59,1,CS,Master,1,2,2
18,1,92254.0,2.93,75.9,19.9,0,0,8.2,1.86,1,Science,Master,0,2,4
22,0,25000.0,3.86,68.7,12.9,0,0,3.4,1.95,2,Business,Bachelor,0,1,3
24,0,58850.0,5.44,84.6,36.3,0,0,5.5,3.31,3,CS,High School,0,0,2
20,0,25000.0,3.4,84.5,21.2,1,0,7.8,1.76,1,Engineering,Bachelor,0,1,1
21,1,52115.0,2.91,88.8,44.9,1,1,3.6,3.75,1,Business,Bachelor,0,1,3
23,1,29006.0,4.5,96.5,7.8,1,0,5.0,1.62,1,Business,Bachelor,0,1,3
19,0,106532.0,5.03,82.3,27.1,1,0,5.0,2.77,1,Engineering,PhD,0,3,1
21,1,32146.0,3.92,79.6,31.0,1,0,6.4,2.55,2,Engineering,High School,1,0,1
19,0,25000.0,4.83,78.9,35.9,1,1,6.9,2.74,2,Engineering,Master,0,2,1
22,1,38251.0,3.32,79.6,55.8,1,1,7.6,0.32,4,Arts,High School,1,0,0
21,1,36111.0,1.45,76.1,6.4,1,0,5.6,0.26,1,CS,Master,1,2,2
21,0,58857.0,5.15,78.5,20.9,0,0,3.6,3.0,2,Science,Master,1,2,4
19,0,38903.0,2.7,76.2,54.0,1,0,4.9,3.08,2,Engineering,High School,0,0,1
22,1,30604.5,3.91,73.7,18.9,0,0,5.5,2.28,4,Engineering,Bachelor,0,1,1
25,0,27810.0,4.31,95.9,35.3,1,0,4.3,3.83,3,Arts,High School,0,0,0
18,1,28008.0,5.26,93.1,18.7,1,0,6.8,2.61,3,Business,PhD,1,3,3
20,0,25000.0,3.9,67.1,13.3,1,0,2.9,2.42,1,CS,Master,0,2,2
21,1,31301.0,3.35,84.5,20.2,1,1,4.5,2.46,4,CS,PhD,0,3,2
22,0,34154.0,5.93,81.5,53.7,1,0,7.1,3.91,1,Arts,Master,1,2,0
19,0,35197.0,3.6,83.2,16.0,0,0,6.7,0.78,3,CS,High School,0,0,2
17,0,30956.0,3.67,70.4,26.4,1,0,4.1,2.87,1,Engineering,Master,0,2,1
24,1,25000.0,1.95,67.2,26.9,0,1,3.9,0.46,2,Science,PhD,0,3,4
22,0,25000.0,4.15,81.6,41.0,1,0,8.3,1.51,4,Engineering,Bachelor,0,1,1
17,0,25000.0,5.88,79.0,43.5,0,0,6.2,2.17,1,Science,PhD,0,3,4
19,1,58978.0,2.11,77.6,31.3,0,0,4.0,3.57,1,Science,Bachelor,0,1,4
24,1,67109.0,3.08,80.3,5.0,1,0,5.4,3.51,3,Business,High School,0,0,3
24,0,28391.0,3.95,86.8,19.3,0,0,7.5,2.57,1,Arts,High School,0,0,0
23,1,25000.0,4.7,89.1,15.6,1,1,3.9,3.73,4,Business,Master,0,2,3
20,1,28319.0,4.39,74.2,43.9,1,0,3.9,1.17,3,Arts,Bachelor,1,1,0
21,0,104297.0,4.05,74.9,18.9,1,0,5.9,3.99,3,Arts,High School,0,0,0
20,0,54143.0,3.14,83.2,50.2,0,0,3.1,2.46,4,Science,Bachelor,0,1,4
23,1,30604.5,4.220000000000001,76.8,34.9,0,0,5.5,2.3,3,Business,Bachelor,0,1,3
19,1,52977.0,1.26,80.3,43.6,1,0,4.7,2.55,1,Arts,Bachelor,0,1,0
19,0,74932.0,5.48,83.2,57.1,1,0,1.0,3.97,3,Arts,High School,0,0,0
23,0,25000.0,6.63,71.1,18.7,1,0,5.6,2.58,4,Engineering,Bachelor,0,1,1
20,0,25000.0,4.96,64.4,10.6,1,0,6.6,1.87,4,Engineering,High School,1,0,1
24,1,25000.0,3.23,100.0,32.2,1,0,9.0,2.55,4,Business,Bachelor,0,1,3
19,0,42288.0,4.38,84.2,41.4,1,0,6.6,3.67,3,CS,High School,0,0,2
20,0,32731.0,2.49,73.9,22.0,1,0,3.7,3.28,2,CS,Master,0,2,2
19,1,46807.0,2.76,64.9,30.4,1,0,4.7,0.26,4,Arts,Bachelor,1,1,0
21,1,29684.0,3.88,93.6,44.6,1,0,5.5,1.82,2,Engineering,Bachelor,1,1,1
17,0,67722.0,4.76,74.4,43.4,1,0,6.3,1.76,2,CS,Master,0,2,2
19,0,28521.0,4.48,74.4,23.0,0,1,7.4,1.74,1,Engineering,High School,1,0,1
17,0,29590.0,4.29,76.3,33.3,1,1,5.5,1.96,3,Science,Bachelor,0,1,4
22,0,60916.0,7.06,83.1,18.8,1,0,5.1,0.62,4,Business,Bachelor,1,1,3
22,1,58051.0,4.74,87.1,12.6,0,0,5.4,2.17,4,Arts,Bachelor,1,1,0
17,1,36920.0,3.85,79.6,46.3,1,0,7.2,2.49,3,Arts,Bachelor,0,1,0
23,0,48611.0,4.11,73.6,5.0,1,0,4.7,2.36,1,Science,Bachelor,0,1,4
26,0,84541.0,3.21,100.0,32.3,1,0,6.6,1.44,4,Business,High School,0,0,3
21,1,40464.0,2.88,78.1,25.6,1,1,5.5,3.08,4,Science,Bachelor,0,1,4
19,1,25000.0,7.21,82.1,36.6,1,0,3.3,3.47,2,Science,Bachelor,0,1,4
27,0,42185.0,2.9,70.0,21.8,0,0,5.5,1.77,4,Science,Bachelor,0,1,4
18,1,28160.0,3.88,86.6,43.7,1,0,5.5,2.03,2,Engineering,Master,1,2,1
21,1,25000.0,3.57,90.7,27.3,1,0,5.5,3.38,2,Engineering,Bachelor,0,1,1
21,0,39230.0,3.08,75.1,47.4,0,0,4.9,0.0,4,Business,Master,0,2,3
24,1,31888.0,4.02,67.3,32.6,0,0,8.1,1.64,3,Arts,Bachelor,0,1,0
21,1,59507.0,3.45,78.9,17.4,0,0,6.2,3.67,1,Engineering,Master,0,2,1
19,1,25000.0,3.83,97.2,36.5,0,0,3.0,3.94,3,Arts,Bachelor,0,1,0
18,1,25000.0,3.58,76.9,35.0,1,0,5.0,2.25,3,CS,Bachelor,0,1,2
20,0,32899.0,3.7,100.0,28.7,0,0,6.0,2.18,3,CS,High School,0,0,2
18,0,37351.0,2.0,77.5,21.0,0,1,5.9,0.75,3,Business,Bachelor,1,1,3
21,1,31455.0,3.59,67.4,40.3,0,0,6.4,0.71,4,Arts,Bachelor,1,1,0
19,1,30104.0,3.84,77.9,18.4,1,0,5.2,3.35,2,Arts,Bachelor,0,1,0
17,1,25000.0,3.65,67.0,19.7,0,0,5.1,4.0,2,Engineering,Master,0,2,1
23,0,27355.0,3.66,76.2,36.3,0,1,5.5,2.84,3,Arts,High School,1,0,0
19,1,25000.0,5.2,85.1,27.5,0,1,6.9,1.92,4,Business,Master,0,2,3
18,0,56592.0,3.34,78.3,6.4,0,0,4.3,3.26,1,Science,High School,0,0,4
20,0,37332.0,5.32,90.8,18.5,0,0,5.4,3.21,3,Business,High School,0,0,3
21,0,25165.0,6.62,77.7,34.9,1,0,5.9,1.97,3,CS,Master,1,2,2
17,0,83644.0,3.16,70.1,26.8,0,0,4.5,1.37,3,Science,Master,0,2,4
21,0,25302.0,4.49,83.2,28.8,0,0,6.3,2.77,4,Business,Bachelor,0,1,3
18,1,41551.0,4.31,80.8,33.1,0,0,6.1,3.39,1,Business,Bachelor,0,1,3
24,0,26899.0,4.07,81.8,35.5,1,1,1.8,3.95,3,Engineering,High School,0,0,1
22,0,79118.0,1.9,71.8,31.4,0,0,5.6,1.09,1,Arts,High School,0,0,0
20,0,31323.0,5.15,84.1,5.0,1,0,8.1,3.24,4,Arts,Bachelor,0,1,0
19,0,31884.0,3.51,93.1,29.3,1,1,8.2,2.4,1,CS,High School,0,0,2
20,1,27339.0,5.51,71.5,23.8,1,1,6.7,0.87,4,Engineering,Master,0,2,1
22,0,33453.0,3.98,66.7,30.4,1,1,7.8,1.69,1,CS,High School,0,0,2
20,0,61067.0,5.48,69.6,42.8,1,1,5.2,2.04,4,Arts,Bachelor,0,1,0
20,1,49390.0,4.67,81.8,17.1,1,0,6.5,2.17,3,Science,High School,0,0,4
21,1,30238.0,4.99,69.1,30.8,1,0,5.8,2.89,1,CS,High School,1,0,2
19,1,29590.0,4.19,84.6,35.7,1,1,5.5,3.26,3,CS,Bachelor,0,1,2
20,1,50201.0,3.82,84.9,26.3,0,1,8.8,1.53,4,Business,Master,1,2,3
17,1,25000.0,3.53,84.9,14.3,1,1,7.3,1.56,1,CS,Bachelor,0,1,2
23,0,25000.0,4.58,100.0,15.6,1,0,4.9,2.75,2,CS,Bachelor,0,1,2
21,1,25000.0,4.91,67.1,29.6,0,0,8.3,0.32,4,Science,Bachelor,1,1,4
19,1,38102.0,3.99,68.3,22.6,1,1,5.9,0.98,4,Business,High School,1,0,3
25,1,42545.0,5.01,92.2,6.9,0,0,6.7,1.77,3,Science,Master,0,2,4
21,1,67204.0,3.04,86.3,20.4,1,0,5.1,2.67,2,Business,Master,0,2,3
18,1,25000.0,4.33,91.2,14.4,1,0,6.8,2.0,1,Arts,Bachelor,0,1,0
22,0,25000.0,5.49,65.7,39.0,1,1,6.2,2.16,3,Arts,Bachelor,1,1,0
21,0,25000.0,4.33,71.1,12.2,1,0,7.5,0.96,2,CS,Master,1,2,2
21,1,25000.0,3.85,89.8,47.0,1,0,4.6,0.77,4,Arts,High School,1,0,0
20,1,25000.0,5.18,80.7,55.9,0,0,7.2,3.32,4,Science,Bachelor,0,1,4
22,0,37048.0,6.05,92.5,21.1,1,1,1.1,2.96,4,Science,Bachelor,0,1,4
20,1,47232.0,4.78,78.7,22.6,0,0,4.4,1.47,1,Science,Bachelor,0,1,4
22,1,25000.0,1.95,80.3,41.3,1,0,3.1,2.55,2,Science,High School,1,0,4
17,0,25000.0,3.0,100.0,43.0,1,1,6.1,2.41,1,Engineering,Master,0,2,1
20,1,25000.0,5.33,73.7,24.1,0,0,7.2,2.64,4,Business,High School,0,0,3
24,1,33813.0,3.38,87.9,24.7,0,0,5.5,3.14,1,Arts,Bachelor,0,1,0
19,0,25000.0,4.11,69.5,24.8,1,1,7.9,0.24,3,Business,Bachelor,0,1,3
19,1,80646.0,3.33,75.1,19.8,0,1,4.1,1.23,4,Arts,Bachelor,0,1,0
20,0,38021.0,5.13,87.9,40.9,0,1,3.0,3.87,1,Engineering,Bachelor,0,1,1
18,0,26826.0,4.69,70.7,31.9,1,1,6.8,1.99,1,Engineering,Bachelor,1,1,1
17,0,25000.0,3.18,89.0,21.3,1,1,7.6,0.87,4,CS,High School,0,0,2
20,1,25000.0,5.12,80.2,30.8,1,0,5.7,1.57,4,Engineering,Bachelor,0,1,1
21,0,25000.0,5.19,74.2,25.5,1,0,8.8,1.15,1,Business,Master,0,2,3
20,0,25000.0,4.78,81.1,60.0,1,1,6.4,2.15,3,Business,Bachelor,0,1,3
20,1,25000.0,4.32,77.3,27.0,1,0,6.2,2.15,4,Business,Bachelor,0,1,3
21,0,25000.0,8.82,76.3,38.9,1,1,4.7,3.47,2,Science,Master,0,2,4
23,1,37282.0,2.17,78.0,35.2,0,0,3.2,2.85,3,CS,Master,0,2,2
20,1,40480.0,3.63,70.9,28.2,0,1,5.0,2.54,4,Science,Bachelor,0,1,4
19,1,25000.0,4.01,67.9,35.3,1,0,8.3,1.67,2,Arts,Master,1,2,0
20,1,94949.0,5.65,65.0,32.5,1,1,5.8,1.68,3,Arts,Bachelor,1,1,0
22,0,25000.0,3.67,86.0,59.8,1,0,4.8,3.22,1,Science,High School,0,0,4
24,0,30789.0,5.49,85.5,28.8,1,0,3.9,1.2,4,Arts,PhD,0,3,0
19,1,26078.0,3.27,75.7,5.0,1,0,6.5,1.31,4,Science,Bachelor,0,1,4
21,1,25000.0,4.62,81.0,56.3,0,0,3.5,4.0,1,Business,Master,0,2,3
21,0,25000.0,5.15,93.1,23.9,1,1,6.1,1.29,4,Arts,Master,0,2,0
18,1,29684.0,3.9,77.0,31.0,1,0,5.5,2.56,1,Arts,Bachelor,0,1,0
21,0,25970.0,5.03,79.9,23.5,1,0,5.0,3.71,2,Business,High School,0,0,3
17,1,25000.0,5.89,97.5,22.8,1,1,6.7,2.83,4,Science,Bachelor,0,1,4
17,1,25000.0,3.9,85.1,16.6,0,0,3.8,3.52,2,Business,High School,0,0,3
21,1,25000.0,2.75,89.2,6.0,1,0,5.5,3.65,4,Business,Bachelor,0,1,3
20,1,25006.0,3.63,87.7,21.4,1,1,2.8,1.73,1,Engineering,Bachelor,1,1,1
21,1,25000.0,3.92,86.0,36.2,0,0,5.3,3.33,1,Science,High School,0,0,4
21,0,26417.0,5.28,76.2,10.2,1,0,6.4,1.12,1,CS,Bachelor,0,1,2
18,1,27857.0,2.87,74.2,36.1,1,1,6.9,3.06,1,Arts,Bachelor,0,1,0
20,1,25000.0,4.87,87.4,57.8,1,1,7.5,3.25,1,CS,High School,0,0,2
18,1,26175.0,4.76,86.2,33.4,1,0,6.7,0.97,4,Science,High School,1,0,4
24,1,25000.0,4.65,83.9,13.3,1,1,4.8,3.97,4,Business,Bachelor,0,1,3
18,0,74189.0,5.61,84.3,34.8,1,0,2.2,4.0,1,Business,Master,0,2,3
20,1,25000.0,4.38,75.8,41.5,0,1,7.3,3.29,4,Business,Bachelor,1,1,3
18,1,25000.0,3.31,72.6,45.7,1,1,4.6,2.73,1,Business,High School,1,0,3
22,0,25000.0,3.95,76.1,32.3,0,1,2.9,0.0,2,Arts,Bachelor,1,1,0
20,0,25000.0,4.09,80.0,37.3,0,0,8.9,3.48,3,Science,Bachelor,1,1,4
19,1,30175.0,3.38,77.2,40.2,0,1,5.4,2.48,2,Business,High School,0,0,3
22,0,27964.0,2.13,94.5,37.2,0,1,6.4,1.92,4,CS,Bachelor,0,1,2
21,0,25000.0,4.17,93.8,33.8,0,0,5.9,2.54,2,CS,Bachelor,0,1,2
22,0,25082.0,4.33,88.8,22.3,1,1,5.5,4.0,1,Science,Bachelor,0,1,4
18,1,25000.0,3.95,91.8,41.5,0,0,4.8,2.96,4,CS,High School,0,0,2
17,1,37837.0,4.07,71.6,23.6,0,0,4.4,3.41,4,Science,Bachelor,0,1,4
21,0,102040.0,2.84,87.7,61.2,1,1,9.5,2.22,3,CS,High School,0,0,2
20,1,25000.0,0.89,81.7,22.3,1,0,2.9,1.74,2,Business,Bachelor,0,1,3
22,1,29794.5,4.04,78.3,39.6,1,1,5.5,2.1,2,Engineering,Master,0,2,1
20,0,30545.0,2.26,79.7,14.7,0,0,3.9,3.38,3,Engineering,Bachelor,0,1,1
21,0,44408.0,4.48,79.8,24.3,1,0,6.4,1.43,3,Engineering,Bachelor,0,1,1
17,1,45165.0,2.61,79.0,22.9,1,0,4.8,1.51,4,Science,Bachelor,1,1,4
25,0,33632.0,3.94,77.1,13.6,1,0,4.6,1.57,4,Arts,Bachelor,1,1,0
20,1,29031.0,3.62,71.3,23.1,0,0,6.7,0.26,4,CS,Bachelor,0,1,2
22,0,25000.0,3.04,69.4,34.3,1,0,9.0,1.74,2,Science,Bachelor,1,1,4
19,0,25000.0,5.3,85.2,27.0,1,0,4.0,1.58,1,CS,High School,0,0,2
21,1,28054.0,2.52,59.5,44.3,1,0,2.7,3.28,3,Science,Master,0,2,4
18,0,25000.0,0.94,97.6,18.8,0,1,5.6,2.55,2,Engineering,Master,0,2,1
22,1,25000.0,2.41,77.0,38.4,1,0,7.0,1.73,2,Engineering,Bachelor,1,1,1
20,0,57763.0,5.99,67.6,22.9,0,1,5.1,2.43,1,Arts,Bachelor,1,1,0
21,0,31543.0,3.65,86.2,43.6,1,1,6.6,2.41,3,Arts,Master,0,2,0
22,0,50797.0,5.41,80.9,39.4,1,0,4.5,3.92,4,Business,Master,0,2,3
18,0,71811.0,3.98,74.4,42.2,1,0,9.8,1.21,2,Science,Bachelor,0,1,4
19,0,26736.0,5.56,77.4,28.1,1,1,6.6,1.72,4,Business,Master,0,2,3
22,0,33671.0,2.93,81.3,46.0,1,1,4.6,2.79,1,Arts,High School,0,0,0
25,1,25000.0,4.37,90.7,10.1,1,1,4.1,2.72,3,Engineering,Bachelor,0,1,1
20,1,25000.0,5.04,60.8,35.4,0,1,6.0,0.68,2,Business,Bachelor,1,1,3
22,0,25000.0,2.35,84.5,31.7,1,0,6.7,0.03,3,CS,Bachelor,0,1,2
20,1,49310.0,2.66,95.2,40.0,1,1,3.1,1.49,4,CS,Master,0,2,2
25,0,33697.0,3.67,75.5,29.1,0,0,5.5,0.45,2,Arts,High School,0,0,0
17,0,90036.0,4.62,88.0,18.2,0,1,6.8,1.42,3,CS,Bachelor,1,1,2
21,1,53275.0,2.97,87.4,16.9,1,1,6.1,0.92,3,CS,High School,0,0,2
17,0,25000.0,5.48,97.1,29.9,1,0,6.6,1.56,1,Arts,High School,0,0,0
17,0,49227.0,5.24,83.9,26.9,1,0,8.2,1.5,1,Science,Master,0,2,4
21,0,25000.0,3.92,87.6,40.3,1,1,1.0,3.05,4,Business,Master,0,2,3
21,1,61705.0,4.58,90.5,41.4,1,0,5.9,2.65,2,Science,High School,0,0,4
20,1,29590.0,4.03,71.9,30.6,1,1,5.5,2.85,1,Arts,Bachelor,0,1,0
20,0,29803.0,4.13,74.9,30.3,0,0,5.5,0.74,4,Engineering,Master,0,2,1
27,0,25000.0,4.65,76.2,42.8,0,1,7.8,1.25,4,Engineering,Bachelor,1,1,1
20,1,25000.0,3.24,84.1,27.1,1,0,5.3,1.72,3,Science,High School,0,0,4
22,1,25000.0,1.86,88.9,27.6,0,1,3.8,3.04,2,Arts,Bachelor,0,1,0
19,0,25000.0,4.21,84.7,14.1,1,0,7.0,3.02,1,Engineering,Master,0,2,1
21,0,49713.0,5.62,73.7,40.5,1,0,5.8,1.16,2,Engineering,Bachelor,0,1,1
20,0,87345.0,5.73,80.0,28.9,1,1,5.8,4.0,3,Science,High School,0,0,4
20,1,25000.0,4.41,70.9,43.6,1,0,9.4,1.69,2,CS,PhD,1,3,2
25,1,63456.0,3.41,86.7,15.5,0,0,2.8,3.84,1,Engineering,Bachelor,0,1,1
23,0,25000.0,5.2,97.8,24.1,1,0,4.4,3.98,4,Science,Bachelor,0,1,4
21,0,36634.0,2.57,86.2,41.4,1,0,6.2,1.7,1,Engineering,High School,0,0,1
17,1,25000.0,3.2,66.4,33.9,0,0,7.7,1.24,1,Engineering,Bachelor,0,1,1
20,1,40718.0,2.14,82.8,15.8,1,1,3.8,2.27,1,CS,Bachelor,0,1,2
26,1,25000.0,5.3,81.9,41.1,1,0,4.8,3.97,4,CS,Bachelor,0,1,2
20,0,35895.0,1.87,77.8,14.3,1,0,5.4,3.27,3,Engineering,Master,0,2,1
23,1,34695.0,4.53,65.6,39.9,1,1,5.2,2.52,1,CS,Bachelor,0,1,2
24,1,33343.0,7.02,85.8,18.2,1,1,6.8,2.16,2,Business,Master,0,2,3
21,0,25000.0,4.52,89.6,44.5,1,0,5.4,2.32,4,CS,High School,0,0,2
19,1,41345.0,2.74,74.9,31.4,0,0,6.7,0.17,3,Business,High School,1,0,3
17,1,37596.0,3.46,74.9,34.1,0,0,3.3,1.72,2,Business,High School,1,0,3
22,1,26213.0,2.04,79.5,29.0,1,1,5.8,2.97,2,Science,Bachelor,0,1,4
19,1,44494.0,2.84,95.9,31.1,1,1,5.6,1.5,1,CS,Bachelor,0,1,2
21,0,28075.0,3.07,79.7,31.0,1,0,7.0,0.89,1,Arts,Bachelor,1,1,0
18,0,40834.0,2.92,75.9,38.5,1,1,10.0,2.62,2,Engineering,Bachelor,1,1,1
20,0,27570.0,4.18,78.8,29.2,1,0,7.2,1.37,4,Business,Bachelor,0,1,3
21,1,33861.0,0.5,86.6,47.5,0,0,4.2,0.25,4,Science,High School,0,0,4
21,0,41975.0,2.38,65.8,21.2,1,1,6.6,3.1,2,Arts,High School,0,0,0
18,1,25000.0,4.75,80.1,40.3,1,0,5.4,3.29,2,CS,High School,0,0,2
23,0,25000.0,6.73,79.2,36.8,0,0,4.9,3.39,2,Science,Bachelor,0,1,4
19,0,35089.0,4.56,81.1,44.8,1,0,4.5,1.95,2,Science,Bachelor,0,1,4
17,1,60696.0,2.91,76.4,31.5,1,0,4.5,0.43,4,Science,Bachelor,0,1,4
20,1,35578.0,5.1,71.4,34.0,0,0,3.4,3.86,2,Arts,Master,0,2,0
21,1,35986.0,5.42,89.5,33.8,1,0,3.2,4.0,1,Engineering,Bachelor,0,1,1
21,1,28990.0,3.02,67.3,15.4,1,1,6.7,0.88,1,Science,Bachelor,0,1,4
24,0,46327.0,2.88,94.5,34.7,1,0,4.9,3.18,3,Arts,Bachelor,0,1,0
20,0,26594.0,6.1,84.8,69.2,1,0,5.8,2.1,3,Business,High School,0,0,3
20,0,25000.0,2.6,87.4,49.3,1,0,3.9,2.22,4,CS,PhD,0,3,2
18,1,57710.0,6.28,82.5,20.6,0,0,6.5,1.6,4,Science,Master,0,2,4
22,0,25000.0,4.73,91.4,8.4,1,0,4.2,3.27,1,Arts,Bachelor,0,1,0
21,1,50700.0,5.67,86.3,30.6,0,0,3.1,2.19,1,CS,Bachelor,0,1,2
20,0,57732.0,5.32,92.4,43.0,1,0,8.3,0.98,4,Business,High School,0,0,3
17,1,41777.0,5.36,88.8,29.5,1,1,5.9,4.0,4,Science,PhD,0,3,4
24,1,25000.0,2.51,90.9,52.7,1,1,4.9,3.54,3,Science,High School,0,0,4
18,1,30221.0,4.94,76.3,20.6,1,0,5.2,2.01,1,Engineering,High School,0,0,1
19,1,26339.0,5.65,79.0,32.7,0,0,4.9,1.6,1,Business,Bachelor,1,1,3
21,0,25000.0,3.69,82.1,28.7,1,0,6.4,1.53,3,CS,Bachelor,1,1,2
18,0,32391.0,1.42,82.0,38.8,0,0,2.7,1.51,3,Engineering,Master,1,2,1
17,1,47170.0,2.3,86.6,39.6,0,0,2.3,4.0,3,Science,Bachelor,0,1,4
17,0,25000.0,1.95,76.0,44.3,1,0,5.7,3.83,4,CS,PhD,0,3,2
22,1,26827.0,3.5,81.9,28.5,0,0,2.4,3.87,4,CS,Bachelor,0,1,2
19,1,25729.0,2.18,87.0,45.1,0,1,2.1,1.89,4,CS,Bachelor,0,1,2
27,1,59774.0,3.18,66.7,34.1,1,0,7.1,0.78,1,Engineering,PhD,1,3,1
18,0,25482.0,6.63,90.5,46.3,1,0,5.8,0.92,1,CS,Bachelor,1,1,2
19,1,25000.0,5.1,98.4,48.0,1,0,5.8,2.75,2,Arts,Bachelor,0,1,0
19,0,25000.0,4.8,74.7,30.2,1,0,3.5,1.57,1,Arts,Bachelor,1,1,0
21,0,36962.0,5.47,93.8,21.9,0,1,8.0,1.72,2,Science,Master,0,2,4
20,0,25000.0,2.33,83.8,32.4,0,1,7.3,2.16,3,Arts,Bachelor,0,1,0
22,0,44411.0,2.77,74.9,41.9,1,1,3.1,2.65,2,Arts,Bachelor,1,1,0
18,0,28377.0,3.79,88.6,11.9,0,1,5.5,2.94,4,Business,Bachelor,0,1,3
18,0,25000.0,3.13,97.5,24.1,1,0,4.8,3.6,2,CS,Bachelor,0,1,2
17,1,25000.0,3.52,78.8,38.2,0,0,5.4,2.46,1,CS,Bachelor,0,1,2
17,0,38591.0,4.81,73.5,5.0,1,1,7.5,2.68,1,Engineering,Bachelor,0,1,1
19,1,43884.0,5.23,64.1,17.6,0,0,4.8,1.71,1,Engineering,Master,0,2,1
20,0,36431.0,4.7,80.8,22.6,0,0,7.3,3.5,4,CS,High School,0,0,2
19,0,25000.0,5.49,83.3,29.0,1,1,2.4,3.96,2,Business,High School,0,0,3
23,1,25000.0,0.54,96.5,26.1,0,1,4.4,3.96,3,Arts,Bachelor,0,1,0
23,1,29684.0,3.965,81.9,26.4,1,0,5.5,4.0,4,Science,Bachelor,0,1,4
20,0,25000.0,5.06,76.7,14.0,1,0,4.5,1.13,1,Science,Master,0,2,4
17,0,25728.0,3.54,88.5,51.2,1,0,5.5,2.81,1,Business,High School,0,0,3
19,0,73876.0,2.08,72.8,22.7,0,0,5.8,0.0,3,Business,Bachelor,1,1,3
19,0,26690.0,3.77,82.6,7.2,1,0,5.9,0.34,1,Science,Bachelor,0,1,4
19,1,25000.0,2.96,81.0,43.6,1,0,7.1,4.0,2,Engineering,High School,0,0,1
19,1,25000.0,5.57,75.0,20.7,1,0,6.8,2.69,4,Science,Master,0,2,4
19,0,25000.0,4.88,81.0,15.5,1,1,2.8,3.6,2,Arts,Bachelor,0,1,0
20,1,107386.0,3.16,88.7,38.1,1,1,5.8,3.55,2,CS,Bachelor,0,1,2
19,0,80774.0,2.18,90.8,23.8,1,1,4.4,2.84,3,Arts,High School,0,0,0
21,1,46100.0,3.68,80.8,32.0,0,1,7.0,3.79,3,Science,PhD,0,3,4
21,1,25000.0,5.3,81.3,22.4,1,1,7.8,2.59,1,Arts,High School,1,0,0
19,1,61107.0,4.71,67.3,24.4,0,0,7.0,1.01,3,Business,Master,0,2,3
23,0,25000.0,2.18,84.2,18.1,1,1,8.9,0.75,3,Engineering,Bachelor,1,1,1
18,1,56724.0,3.32,79.9,15.4,0,1,6.9,2.17,4,Business,Bachelor,0,1,3
17,0,51885.0,5.27,81.3,71.7,1,0,7.3,1.81,1,Engineering,High School,1,0,1
21,1,27152.0,3.83,78.1,20.1,1,0,4.1,3.81,2,Engineering,High School,0,0,1
19,0,58895.0,3.93,74.4,12.4,0,1,5.5,2.49,4,CS,Bachelor,1,1,2
21,0,25000.0,6.46,75.0,43.6,0,0,6.7,3.89,1,Science,High School,0,0,4
17,1,25000.0,2.61,76.6,33.2,1,0,6.0,1.67,2,Arts,Bachelor,1,1,0
24,0,53465.0,5.46,71.4,30.2,1,0,3.9,3.87,4,Arts,Bachelor,0,1,0
22,1,28250.0,3.45,84.3,24.1,0,0,3.8,0.62,1,Science,High School,0,0,4
17,1,42662.0,3.52,86.5,25.1,1,1,2.2,2.29,3,Business,High School,1,0,3
17,0,88657.0,4.24,80.9,26.4,1,0,6.2,2.84,4,CS,Master,0,2,2
24,0,28377.0,4.09,83.4,43.6,0,1,5.5,2.64,3,Science,Bachelor,1,1,4
19,0,27282.0,4.8,80.2,27.0,1,1,6.7,3.86,3,Arts,Master,0,2,0
19,1,76251.0,3.79,91.1,43.7,0,1,6.8,1.44,1,Arts,Bachelor,0,1,0
17,0,44411.0,4.88,82.4,29.4,0,0,5.9,2.55,1,Arts,Bachelor,0,1,0
20,1,25000.0,4.18,84.2,27.5,1,0,6.2,1.91,1,CS,High School,1,0,2
20,1,25000.0,3.29,88.4,17.7,1,0,7.3,1.82,3,Business,Master,0,2,3
22,1,25000.0,2.38,81.8,55.7,1,0,7.6,1.56,3,Engineering,Bachelor,1,1,1
17,1,25000.0,4.82,93.1,30.2,0,0,1.5,3.1,2,Engineering,Bachelor,0,1,1
17,1,34283.0,4.4,76.7,30.0,1,1,6.8,0.8,4,Arts,Bachelor,0,1,0
22,0,31165.0,3.14,95.8,52.3,1,1,6.4,1.17,3,Business,Master,0,2,3
23,0,35156.0,2.16,80.4,35.0,1,0,6.0,1.19,1,Business,High School,0,0,3
17,0,25000.0,3.24,76.8,36.3,1,0,6.4,1.44,2,Business,Bachelor,0,1,3
23,1,28495.0,1.46,69.4,30.7,1,1,4.9,1.23,3,CS,High School,1,0,2
21,1,25000.0,5.27,89.0,20.7,1,0,1.2,2.64,1,CS,Bachelor,0,1,2
23,1,32435.0,3.86,79.1,44.6,1,1,4.4,2.51,4,Engineering,Bachelor,0,1,1
20,1,60190.0,4.34,83.1,13.0,1,0,2.2,3.58,4,Arts,Master,0,2,0
17,0,25000.0,3.47,84.1,18.3,0,0,2.5,3.14,3,Engineering,Bachelor,0,1,1
20,0,39738.0,6.3,78.1,20.7,0,0,7.4,1.05,3,CS,Master,0,2,2
23,0,29684.0,4.22,90.6,33.0,1,0,5.5,3.42,3,Engineering,Bachelor,0,1,1
19,0,48122.0,3.52,85.6,29.8,1,0,6.0,1.39,3,Business,Bachelor,0,1,3
20,1,32702.0,3.55,75.2,7.6,1,0,5.5,1.97,2,Engineering,Bachelor,1,1,1
20,0,37904.0,3.19,71.2,57.8,0,0,7.9,0.34,4,Engineering,Master,1,2,1
17,1,30912.0,3.81,88.2,39.1,1,0,5.6,3.19,4,Science,Bachelor,0,1,4
24,1,29684.0,3.935,80.1,24.1,1,0,5.5,2.5,3,Arts,Bachelor,1,1,0
19,0,36624.0,4.45,87.6,35.2,1,0,8.2,2.21,1,Engineering,Bachelor,0,1,1
22,0,28160.0,4.19,80.0,35.4,1,0,5.5,1.63,1,CS,Master,0,2,2
20,0,31547.0,5.89,83.7,26.0,0,0,6.3,1.22,2,Business,Master,0,2,3
23,0,25000.0,1.39,88.4,34.7,1,0,6.4,3.24,2,CS,High School,0,0,2
21,1,32776.0,3.24,70.0,34.9,1,0,3.3,2.86,3,Business,High School,0,0,3
20,0,25000.0,4.9,95.5,43.1,1,0,7.2,2.46,3,Business,High School,0,0,3
19,1,25000.0,5.83,85.0,30.8,1,0,7.9,2.01,2,Business,High School,0,0,3
22,1,33509.0,4.26,65.6,33.9,1,1,3.5,2.0,2,Arts,High School,0,0,0
17,0,30745.0,5.95,92.8,27.5,0,0,5.6,1.9,1,Arts,Bachelor,0,1,0
22,1,56296.0,6.22,89.9,24.8,0,0,7.9,1.0,4,Engineering,High School,1,0,1
18,1,25000.0,3.54,80.5,20.8,1,0,2.6,3.6,4,Business,Bachelor,0,1,3
23,1,25000.0,2.9,93.2,20.4,0,0,6.6,1.87,1,Arts,Master,0,2,0
21,0,25000.0,2.88,76.9,24.4,0,0,3.3,0.29,4,Science,Bachelor,1,1,4
22,0,25000.0,2.15,81.0,27.2,1,1,4.9,3.03,1,CS,High School,1,0,2
21,0,38155.0,2.4,100.0,42.1,0,0,5.1,4.0,1,Business,Bachelor,0,1,3
17,0,25000.0,2.77,86.2,25.4,1,1,3.4,3.98,3,CS,High School,0,0,2
19,1,25000.0,2.48,90.7,26.0,1,0,3.9,0.93,4,Business,Bachelor,1,1,3
22,1,25000.0,5.33,88.5,26.5,0,0,5.4,2.56,2,Science,Bachelor,0,1,4
21,1,75085.0,3.42,70.9,29.4,0,1,8.0,1.0,1,CS,High School,1,0,2
23,0,25000.0,2.2,84.4,50.4,0,0,6.4,2.63,1,CS,High School,0,0,2
21,0,29955.0,3.49,83.7,25.5,1,1,2.5,3.76,4,Engineering,Master,0,2,1
18,1,42108.0,4.33,91.5,36.7,1,1,6.3,3.33,2,CS,High School,0,0,2
19,0,72434.0,3.66,94.0,34.2,0,1,5.6,1.54,3,Arts,High School,0,0,0
21,0,47414.0,3.72,92.3,30.7,1,0,4.4,3.73,4,Arts,High School,0,0,0
17,1,57317.0,1.62,78.2,18.5,1,0,4.7,2.69,4,CS,High School,0,0,2
24,0,49940.0,5.18,70.5,36.3,0,0,6.4,0.48,2,Engineering,Bachelor,1,1,1
22,1,25000.0,3.54,86.0,6.9,1,1,2.7,2.36,1,Science,Master,0,2,4
23,0,36894.0,2.31,81.3,17.8,1,1,4.3,3.34,3,Business,Bachelor,0,1,3
17,1,49474.0,3.86,73.6,23.5,1,0,3.4,2.17,3,CS,High School,1,0,2
23,1,29718.0,3.9,76.4,27.3,1,0,5.5,1.87,4,Arts,Bachelor,0,1,0
25,0,25000.0,4.16,81.5,31.0,0,0,6.1,2.11,1,Arts,Bachelor,1,1,0
18,1,27677.5,4.15,84.1,46.7,0,0,5.5,4.0,3,Engineering,PhD,0,3,1
22,1,47267.0,3.03,77.6,37.6,1,0,6.7,1.84,4,Arts,Master,0,2,0
21,1,28522.0,4.97,81.9,32.0,0,1,1.4,2.97,4,Engineering,Bachelor,0,1,1
17,0,25000.0,3.57,81.4,26.0,0,0,5.0,2.87,4,Engineering,High School,0,0,1
22,1,25000.0,3.49,84.2,26.1,1,1,5.3,1.92,2,Engineering,Master,1,2,1
22,0,28554.0,5.63,74.2,16.4,1,0,2.6,3.39,2,Business,Master,0,2,3
19,1,25000.0,4.24,76.4,5.0,1,0,4.3,2.65,1,CS,Master,0,2,2
23,1,34407.0,6.1,92.8,14.7,0,0,5.5,4.0,1,Science,PhD,0,3,4
17,0,25000.0,3.93,79.9,44.1,0,1,6.1,1.56,3,Arts,Master,1,2,0
17,1,33082.0,5.78,85.8,21.5,0,1,6.1,3.97,3,CS,PhD,0,3,2
21,0,25000.0,3.56,72.3,23.7,1,0,2.0,3.0,4,Science,Bachelor,0,1,4
21,0,25000.0,3.11,91.5,42.3,1,0,4.4,1.17,3,Engineering,High School,1,0,1
19,1,25000.0,4.57,91.2,5.0,1,0,2.7,3.96,2,CS,High School,0,0,2
22,1,25000.0,4.15,84.4,23.0,0,0,5.5,2.86,3,Engineering,High School,1,0,1
22,0,26269.0,2.26,77.1,16.8,1,1,4.7,3.74,4,Science,Master,0,2,4
22,0,31971.0,4.26,70.5,33.5,1,0,4.4,2.04,3,CS,Master,0,2,2
20,1,34958.0,3.01,100.0,36.7,1,1,10.0,2.26,3,Business,Bachelor,0,1,3
22,1,35758.0,5.06,78.8,36.9,1,0,3.6,2.92,4,Arts,Master,0,2,0
20,0,25000.0,3.14,70.5,48.1,1,0,5.5,0.29,1,Science,High School,1,0,4
25,0,56108.0,3.53,77.2,36.6,1,0,6.4,0.48,4,Business,Master,1,2,3
19,1,25000.0,2.67,85.2,33.0,0,0,6.1,2.77,4,Business,High School,0,0,3
25,1,38952.0,5.31,72.0,59.2,1,0,6.5,1.33,2,Engineering,Bachelor,1,1,1
21,1,26944.0,4.56,77.3,5.0,1,0,6.1,1.41,2,Science,High School,0,0,4
18,0,37249.0,6.96,70.5,56.4,1,0,4.9,1.73,3,Science,PhD,0,3,4
24,1,26145.0,5.64,93.5,50.9,1,1,5.5,2.38,1,CS,High School,0,0,2
21,1,37653.0,3.43,81.3,28.2,1,0,4.3,2.26,2,Engineering,Bachelor,0,1,1
22,0,29601.0,1.98,70.4,21.5,1,0,4.2,0.3,1,Business,High School,0,0,3
23,1,48451.0,3.18,74.8,22.1,0,0,3.1,2.47,1,Arts,Bachelor,0,1,0
21,1,25000.0,3.8,76.8,26.5,1,0,6.9,1.21,2,Business,Bachelor,0,1,3
19,0,25000.0,1.66,82.2,44.4,1,1,7.5,0.37,2,Business,Bachelor,1,1,3
23,1,28160.0,3.935,59.7,5.0,1,0,5.5,2.68,3,Arts,Master,0,2,0
21,1,56464.0,5.32,79.1,54.1,0,1,5.4,2.79,3,Engineering,Bachelor,0,1,1
22,1,27099.0,2.88,76.9,30.0,1,0,8.4,0.63,2,Arts,Bachelor,1,1,0
17,1,31421.0,2.86,70.5,44.1,1,0,7.5,3.59,4,CS,Master,0,2,2
22,0,25000.0,4.67,74.7,15.2,1,0,7.1,2.24,1,Business,Bachelor,0,1,3
19,0,30925.0,3.3,75.8,38.7,1,0,6.0,0.89,4,Science,Bachelor,1,1,4
24,1,25000.0,4.02,72.2,34.6,1,1,4.4,1.47,4,Arts,Bachelor,0,1,0
22,0,25000.0,4.51,70.5,36.8,1,0,4.6,2.38,4,Business,Master,1,2,3
21,0,25000.0,3.2,77.2,21.7,0,1,5.9,1.15,3,Science,Bachelor,0,1,4
22,0,38834.0,5.0,88.9,25.4,1,0,6.3,2.0,4,Arts,Bachelor,0,1,0
18,0,41403.0,4.9,80.8,15.2,1,0,3.8,3.45,3,Engineering,High School,0,0,1
24,1,42084.0,4.42,56.5,39.2,0,0,7.7,0.63,4,CS,Master,0,2,2
25,0,25000.0,5.96,90.1,46.1,1,0,8.0,4.0,3,Arts,Master,0,2,0
21,0,29614.0,5.14,76.5,33.4,1,0,6.9,0.31,1,Arts,Bachelor,1,1,0
24,1,26421.0,3.65,93.5,5.0,0,0,8.2,2.83,3,Science,High School,0,0,4
19,1,25000.0,3.01,88.5,46.3,0,0,6.6,1.41,2,Business,Bachelor,0,1,3
19,1,30019.0,4.2,79.5,31.4,1,0,6.0,2.59,1,Engineering,Bachelor,0,1,1
21,1,25585.0,3.91,80.4,5.0,1,0,5.6,2.52,1,Science,Bachelor,0,1,4
22,1,40413.0,3.92,72.9,9.6,0,0,4.9,0.34,4,Engineering,Bachelor,1,1,1
20,1,31218.0,3.27,87.2,17.4,1,0,5.5,0.46,1,CS,Bachelor,1,1,2
22,1,25000.0,4.05,94.9,30.0,1,0,3.6,3.98,2,CS,PhD,0,3,2
21,1,51816.0,6.03,76.2,17.7,1,0,5.3,3.64,3,Arts,Master,0,2,0
18,0,25000.0,4.9,77.2,19.3,0,1,3.4,3.52,2,CS,Bachelor,0,1,2
22,1,28608.0,4.18,97.8,41.0,1,0,4.1,2.6,4,Business,Bachelor,0,1,3
22,0,25000.0,5.61,82.7,44.2,1,0,7.7,3.76,2,Arts,Bachelor,0,1,0
21,1,25000.0,4.95,69.8,41.4,1,1,7.6,2.51,2,Engineering,Bachelor,0,1,1
23,0,40737.0,3.57,71.1,10.4,1,0,4.0,3.83,1,CS,Bachelor,0,1,2
18,1,25000.0,3.93,95.6,41.3,0,0,7.1,0.11,1,Business,Bachelor,0,1,3
22,1,30885.0,4.1,85.8,24.3,0,1,5.5,3.03,1,Engineering,High School,1,0,1
18,1,124140.0,4.31,73.6,53.6,1,0,4.3,2.19,2,Arts,Bachelor,0,1,0
18,1,25000.0,4.55,84.7,33.1,1,1,8.0,0.35,4,Business,High School,1,0,3
19,1,80042.0,2.37,75.3,44.6,1,0,3.5,0.83,3,Arts,Bachelor,1,1,0
18,0,26814.0,3.32,66.6,36.7,1,1,2.3,3.2,1,CS,High School,0,0,2
19,1,25000.0,3.93,79.2,35.2,0,1,4.3,2.0,1,CS,High School,0,0,2
20,0,31202.0,4.279999999999999,81.9,25.6,1,1,5.5,3.56,3,CS,High School,0,0,2
22,1,29794.5,4.17,69.5,44.5,1,1,5.5,0.48,4,Business,Master,1,2,3
20,0,25000.0,2.83,71.9,41.2,1,0,2.4,3.89,2,Science,High School,0,0,4
17,0,25000.0,3.19,74.0,26.0,1,0,6.1,1.54,1,Business,Master,0,2,3
23,1,49421.0,4.58,80.4,24.7,1,1,8.9,1.64,1,Engineering,Master,0,2,1
19,1,35341.0,6.76,83.0,21.5,1,0,6.0,1.44,2,Business,Bachelor,0,1,3
20,1,57593.0,2.7,70.5,39.8,0,1,5.1,3.6,2,Science,High School,0,0,4
22,1,40500.0,1.45,77.3,32.8,0,0,6.7,2.18,4,Science,High School,0,0,4
21,0,87986.0,4.21,78.2,33.5,0,1,5.6,2.27,3,Science,High School,0,0,4
23,1,33096.0,2.25,68.1,25.7,1,0,5.6,3.02,2,Engineering,Bachelor,0,1,1
22,1,33965.0,4.74,83.8,47.5,1,0,5.4,0.98,1,Science,Bachelor,0,1,4
19,0,36063.0,5.02,86.8,12.1,0,0,5.9,3.93,2,Arts,High School,0,0,0
25,0,27296.0,3.71,84.5,39.4,1,0,4.8,3.02,2,Engineering,Bachelor,0,1,1
21,0,49457.0,3.42,71.4,41.8,1,1,2.6,2.7,1,Science,Bachelor,0,1,4
20,1,34277.0,3.07,86.8,26.2,1,0,8.8,2.95,3,Engineering,Bachelor,0,1,1
23,0,47711.0,4.08,81.2,12.6,0,0,6.5,1.92,4,CS,Bachelor,0,1,2
21,0,52402.0,2.29,89.9,34.6,1,0,4.2,3.11,1,Engineering,Bachelor,0,1,1
21,0,38448.0,3.4,85.8,44.4,0,1,6.1,0.89,4,Science,High School,1,0,4
26,1,40176.0,3.05,84.5,51.3,0,0,3.5,3.34,4,Science,High School,0,0,4
20,1,25000.0,4.36,79.7,37.9,1,1,6.2,1.5,1,Business,Bachelor,1,1,3
20,1,25000.0,4.45,89.6,22.6,0,0,6.8,3.17,3,Engineering,High School,0,0,1
21,1,49317.0,5.83,72.9,38.3,1,1,7.4,2.75,1,Business,High School,1,0,3
23,0,69855.0,2.73,71.9,36.0,1,0,6.5,1.24,2,Engineering,Master,1,2,1
17,0,25000.0,3.55,100.0,33.9,1,1,5.2,3.77,1,Engineering,Bachelor,0,1,1
17,1,25000.0,5.22,66.5,19.4,0,0,7.3,0.88,4,Engineering,Master,1,2,1
19,0,30157.0,4.62,72.5,37.2,1,0,4.5,0.45,1,Business,Master,0,2,3
17,0,25000.0,3.14,88.4,35.6,1,0,6.0,2.21,4,Engineering,High School,0,0,1
20,1,25000.0,2.28,69.0,59.1,0,0,4.2,1.96,3,Arts,Bachelor,0,1,0
22,0,39535.0,6.41,87.9,31.1,0,0,5.9,1.92,2,Engineering,Bachelor,0,1,1
19,1,29803.5,4.26,76.8,50.3,0,0,5.5,0.47,2,CS,High School,1,0,2
17,0,25000.0,2.38,92.8,46.7,0,1,6.9,0.98,3,Engineering,Bachelor,0,1,1
21,1,26842.0,4.24,82.5,30.6,1,0,7.2,2.09,3,CS,Bachelor,0,1,2
22,0,39260.0,5.25,72.6,44.8,1,1,7.5,0.99,3,CS,PhD,0,3,2
17,0,47483.0,2.86,74.7,20.6,0,0,5.4,1.76,4,Engineering,High School,0,0,1
22,0,36007.0,4.89,92.1,27.7,0,0,3.9,2.19,4,Engineering,High School,0,0,1
22,1,29803.5,3.76,67.1,23.6,0,0,5.5,3.24,3,Science,High School,0,0,4
23,1,30253.0,5.04,88.6,28.1,1,0,3.5,2.57,2,Business,Bachelor,0,1,3
23,0,65329.0,5.06,69.1,5.9,0,1,5.7,2.35,1,CS,Bachelor,0,1,2
25,1,25000.0,2.86,81.2,51.6,0,0,1.8,4.0,1,CS,High School,0,0,2
20,1,30785.0,5.14,77.0,26.3,0,0,5.8,1.61,1,Science,High School,0,0,4
21,1,25000.0,2.72,78.5,39.4,1,0,6.4,1.37,4,Arts,Bachelor,0,1,0
20,1,51048.0,0.78,92.7,32.9,1,0,2.7,2.15,2,Engineering,Bachelor,0,1,1
21,0,27660.0,3.81,77.7,26.7,1,0,7.1,1.95,4,Science,High School,0,0,4
24,1,36853.0,4.5,90.3,14.7,1,0,4.7,3.7,4,Arts,High School,1,0,0
18,1,25000.0,4.99,76.2,19.0,0,1,2.6,4.0,1,Science,PhD,0,3,4
19,0,42271.0,5.4,84.1,27.2,1,1,2.5,3.28,1,Business,High School,0,0,3
24,0,37739.0,2.65,81.0,24.3,0,0,5.4,0.09,1,Engineering,Bachelor,0,1,1
23,1,25000.0,3.99,71.0,18.3,1,0,5.7,3.14,2,Science,High School,0,0,4
20,1,25000.0,3.43,71.2,21.8,0,0,5.5,0.93,3,CS,High School,1,0,2
22,1,29241.0,3.98,79.9,35.5,0,0,7.4,3.52,1,Engineering,Master,0,2,1
21,1,44167.0,6.99,78.9,40.5,1,1,5.6,3.99,2,CS,Bachelor,0,1,2
24,1,90920.0,3.75,87.4,16.0,0,0,4.5,1.49,4,Engineering,Bachelor,0,1,1
21,0,35660.0,2.73,67.2,19.4,0,0,4.9,1.46,1,Science,PhD,1,3,4
23,0,54422.0,3.67,75.4,32.6,0,0,7.4,1.44,1,Business,High School,1,0,3
26,0,25000.0,5.1,85.4,28.0,1,0,3.5,3.28,1,Business,Bachelor,0,1,3
22,0,99486.0,4.63,80.0,25.6,0,1,5.8,1.82,2,Arts,Bachelor,0,1,0
21,0,42762.0,5.35,70.4,41.1,1,1,5.9,1.53,2,Engineering,High School,0,0,1
22,0,28861.0,6.4,84.9,32.2,1,0,7.3,1.2,1,Arts,High School,1,0,0
20,1,26935.0,6.35,88.8,10.5,0,0,5.7,1.41,1,CS,Bachelor,0,1,2
26,1,25000.0,2.96,74.0,20.4,1,0,3.8,3.65,3,Science,Bachelor,0,1,4
21,1,25000.0,4.97,89.7,10.1,1,0,5.8,4.0,4,Science,Bachelor,0,1,4
20,1,93551.0,1.73,77.2,27.8,1,1,6.8,1.34,3,Business,Bachelor,1,1,3
19,0,25000.0,5.42,79.1,14.1,1,1,5.8,2.66,1,CS,PhD,1,3,2
23,1,25000.0,1.99,77.7,8.9,0,1,7.5,0.75,3,Science,Bachelor,1,1,4
22,0,25000.0,1.99,90.1,5.3,1,0,3.1,2.38,1,Science,Bachelor,0,1,4
19,0,25000.0,3.75,80.7,53.8,0,0,5.2,3.5,2,Science,Bachelor,1,1,4
22,1,29803.5,3.675,88.2,13.6,0,0,5.5,3.05,1,Engineering,High School,0,0,1
17,0,57145.0,2.78,78.1,26.2,0,0,6.9,2.68,3,CS,Master,0,2,2
21,0,25000.0,3.31,84.9,30.7,1,1,7.1,1.74,1,CS,Bachelor,0,1,2
22,0,25000.0,2.91,73.3,31.4,0,1,5.5,0.13,4,Engineering,Bachelor,1,1,1
24,1,35423.0,4.19,90.0,37.5,1,0,4.9,3.43,1,Engineering,Bachelor,1,1,1
19,1,28754.0,5.2,79.5,29.4,0,0,5.8,0.7,4,CS,Bachelor,1,1,2
18,0,54265.0,4.02,92.0,24.6,1,1,3.4,4.0,2,Science,Bachelor,0,1,4
19,1,29219.0,4.13,66.6,32.6,1,0,5.5,2.14,3,Business,High School,0,0,3
18,0,25436.0,5.99,82.8,32.5,0,1,6.5,2.93,4,CS,Bachelor,0,1,2
23,0,27181.0,5.32,100.0,30.6,0,0,6.1,2.07,2,Arts,Master,1,2,0
24,0,31364.0,2.98,88.0,37.7,0,0,4.3,3.42,4,Business,Bachelor,1,1,3
21,1,25000.0,2.84,83.6,22.5,0,1,4.1,3.97,3,Science,Bachelor,0,1,4
23,0,25000.0,3.47,72.2,27.6,1,0,4.1,2.42,2,Business,Bachelor,0,1,3
21,1,25000.0,5.27,76.0,14.1,1,1,4.2,1.25,1,Business,Master,1,2,3
20,0,25000.0,0.63,88.3,27.1,1,0,5.8,1.73,1,Business,High School,0,0,3
20,0,45667.0,5.7,79.3,22.3,1,1,7.7,3.2,2,CS,High School,0,0,2
20,1,49521.0,3.53,80.3,42.7,1,0,7.9,2.39,3,Business,High School,0,0,3
17,0,25000.0,2.41,73.3,12.5,1,1,3.8,1.71,2,Engineering,Master,0,2,1
21,0,64841.0,4.18,85.2,24.3,0,0,6.1,3.99,4,Arts,Bachelor,0,1,0
20,0,29225.0,4.37,82.8,23.7,1,1,6.0,2.97,1,Business,PhD,0,3,3
22,1,25000.0,5.13,87.7,38.0,1,0,5.9,0.77,4,Business,Master,0,2,3
21,1,25000.0,5.49,91.9,14.7,1,1,3.7,3.62,1,CS,Bachelor,0,1,2
20,0,61757.0,4.45,85.6,30.0,1,0,4.2,1.59,1,Business,Master,0,2,3
19,0,25000.0,4.66,72.6,30.9,1,0,6.1,2.93,3,Engineering,Bachelor,0,1,1
21,0,25000.0,4.08,69.9,41.1,1,1,4.8,1.44,3,Arts,High School,0,0,0
22,0,25000.0,4.86,87.8,19.7,1,0,5.7,0.95,3,Engineering,High School,0,0,1
18,1,25000.0,3.21,83.0,14.3,1,0,3.7,2.05,4,Arts,Bachelor,1,1,0
21,1,37905.0,3.49,96.0,35.7,1,0,4.6,1.38,4,Arts,Bachelor,0,1,0
21,1,25000.0,1.96,82.2,13.3,1,0,3.1,3.69,1,CS,Bachelor,0,1,2
19,0,25000.0,6.15,68.2,23.7,1,0,6.0,3.59,2,Business,Bachelor,0,1,3
19,1,25000.0,3.18,71.9,27.1,0,0,4.9,1.24,2,CS,Master,0,2,2
21,1,62687.0,5.4,76.0,37.4,1,0,6.0,2.82,2,CS,High School,1,0,2
18,1,25000.0,5.64,95.9,11.5,1,1,4.8,2.78,4,Arts,Bachelor,0,1,0
21,1,25000.0,1.99,91.4,26.4,0,0,5.9,2.04,2,Engineering,High School,0,0,1
19,1,61479.0,4.18,77.7,30.3,0,1,8.7,0.0,1,Engineering,Bachelor,0,1,1
23,1,39995.0,4.85,80.5,19.7,0,0,4.6,2.28,2,Science,High School,0,0,4
26,0,33106.0,3.28,71.1,25.7,1,1,6.4,2.66,1,CS,Bachelor,0,1,2
19,1,25000.0,2.22,70.8,40.7,0,0,4.3,2.81,4,Engineering,Master,0,2,1
22,0,30282.0,5.93,91.0,23.9,1,0,5.3,3.5,4,Engineering,Bachelor,0,1,1
19,1,25000.0,4.84,89.5,25.6,1,0,6.4,2.71,1,Business,Bachelor,0,1,3
23,1,25000.0,4.05,79.8,40.6,0,1,6.0,1.75,3,Science,High School,1,0,4
18,1,25000.0,2.64,96.7,27.4,0,0,6.7,1.52,1,Engineering,High School,0,0,1
22,0,47594.0,2.68,85.5,46.1,1,1,7.2,0.19,1,CS,High School,0,0,2
19,0,28674.0,4.22,83.7,10.3,1,0,6.7,3.15,3,Engineering,Master,0,2,1
20,0,35908.0,3.4,83.7,26.7,0,0,7.2,0.56,3,CS,Bachelor,0,1,2
18,1,32565.0,4.28,73.5,39.3,1,0,5.9,1.98,1,Business,Bachelor,0,1,3
22,1,38737.0,4.48,89.6,21.4,1,0,4.2,0.96,2,Engineering,Bachelor,0,1,1
19,1,25519.0,3.41,89.6,27.2,1,0,6.9,2.4,4,Business,Bachelor,0,1,3
22,0,25000.0,6.2,83.9,45.2,0,0,4.8,0.89,2,Science,High School,1,0,4
20,1,25000.0,3.02,73.1,20.7,1,0,6.7,0.27,1,Engineering,Master,1,2,1
20,1,25000.0,2.77,90.7,35.8,1,0,3.2,2.41,3,Engineering,High School,0,0,1
21,0,25000.0,4.55,67.6,39.0,0,0,4.9,1.62,1,Arts,Bachelor,0,1,0
19,1,25000.0,4.63,75.8,30.9,0,0,4.3,1.86,4,Business,Bachelor,0,1,3
21,1,25000.0,2.7,86.6,30.5,0,0,6.2,2.77,1,CS,Bachelor,0,1,2
24,1,25000.0,3.55,78.7,17.7,1,1,4.5,0.68,4,CS,Bachelor,0,1,2
19,1,55564.0,2.0,74.1,38.8,0,1,5.5,2.98,4,Engineering,High School,1,0,1
23,0,34013.0,3.27,93.1,14.9,0,0,5.2,3.0,1,Engineering,PhD,0,3,1
24,1,25000.0,5.04,91.1,34.7,1,0,7.3,1.64,3,Arts,High School,0,0,0
19,1,116186.0,2.32,90.5,23.8,1,1,6.3,3.16,1,Arts,Master,0,2,0
17,1,25000.0,2.58,84.7,25.3,0,1,6.0,1.97,2,Science,High School,0,0,4
21,1,53389.0,2.92,82.3,27.6,1,0,5.5,2.5,1,Science,Master,0,2,4
19,1,27809.0,5.48,95.9,36.0,1,1,4.1,3.98,2,Engineering,PhD,0,3,1
25,1,47621.0,5.3,93.5,48.7,1,0,3.9,2.81,4,Science,Bachelor,0,1,4
21,1,31741.0,1.27,81.3,31.3,0,0,6.0,1.6,2,Science,Bachelor,1,1,4
19,0,25000.0,1.68,100.0,21.4,0,0,3.0,3.97,2,Business,High School,0,0,3
18,0,31485.0,4.11,81.0,12.7,1,0,5.4,1.71,1,Arts,High School,0,0,0
23,0,36364.0,1.91,85.1,43.9,1,1,5.7,0.88,1,Arts,Master,1,2,0
19,1,25000.0,5.57,93.1,32.1,0,1,3.0,3.99,2,Science,Bachelor,0,1,4
21,1,95457.0,1.14,85.0,27.2,1,1,5.4,3.59,2,Science,Bachelor,0,1,4
23,0,35837.0,3.02,79.9,30.7,0,0,5.5,1.4,3,Business,Bachelor,0,1,3
19,0,44498.0,4.27,85.1,39.2,0,0,9.2,0.86,1,CS,Master,1,2,2
20,1,25000.0,5.92,82.0,25.1,0,1,5.5,1.79,3,Engineering,High School,0,0,1
21,1,44998.0,3.99,65.0,22.0,1,0,7.1,2.45,4,Business,PhD,0,3,3
22,1,57165.0,4.41,90.0,14.3,0,1,6.3,1.93,1,Arts,Bachelor,0,1,0
22,0,34618.0,4.23,77.0,17.0,0,0,6.0,1.61,2,CS,Bachelor,0,1,2
20,0,29566.0,5.22,72.8,25.9,1,1,7.0,1.22,2,Engineering,High School,0,0,1
21,0,25000.0,4.4,91.6,42.9,0,1,2.9,2.31,2,Arts,High School,1,0,0
20,0,26115.0,4.96,85.0,23.9,0,1,5.3,3.16,2,CS,Bachelor,0,1,2
17,0,25000.0,4.98,87.4,33.1,0,1,6.0,0.0,3,Arts,Bachelor,1,1,0
21,0,29684.0,4.02,81.0,43.5,1,0,5.5,1.78,4,CS,Bachelor,0,1,2
25,0,25000.0,1.17,83.8,34.6,0,0,5.4,1.41,3,CS,Bachelor,0,1,2
19,0,41722.0,2.02,79.6,53.7,1,1,5.7,1.44,3,Arts,High School,0,0,0
19,1,25000.0,4.88,75.1,30.8,0,0,5.2,0.0,1,Engineering,Master,1,2,1
19,0,25402.0,6.55,87.5,28.1,0,1,3.9,3.32,2,Arts,Bachelor,0,1,0
22,0,43029.0,4.42,83.9,25.4,1,0,4.1,3.58,3,Arts,PhD,0,3,0
22,1,25000.0,3.66,95.8,53.9,1,1,4.9,2.7,4,Engineering,Bachelor,0,1,1
20,1,43929.0,5.28,64.1,44.6,0,1,6.2,1.22,1,Science,Master,0,2,4
19,1,41431.0,5.72,91.4,12.5,1,1,5.7,0.69,4,Engineering,Bachelor,0,1,1
21,1,25271.0,4.88,78.9,55.3,0,0,5.9,1.49,3,CS,Bachelor,1,1,2
17,1,59699.0,3.95,78.1,36.0,1,0,5.1,2.29,3,Engineering,High School,0,0,1
21,1,31153.0,4.06,86.7,31.5,1,1,4.0,2.26,1,CS,High School,0,0,2
22,1,57605.0,4.34,74.9,36.2,0,1,4.9,3.08,2,Science,Master,0,2,4
18,1,87210.0,5.72,78.4,18.5,1,1,4.0,3.96,1,CS,High School,0,0,2
17,1,29219.0,4.13,86.8,32.4,1,0,5.5,3.98,3,Business,High School,0,0,3
24,0,43782.0,4.56,77.7,26.3,0,1,5.5,0.8,1,Engineering,Master,0,2,1
19,1,25000.0,5.24,76.4,25.7,0,1,5.0,2.52,1,Business,Master,0,2,3
23,1,25000.0,3.94,76.3,41.5,1,0,7.7,2.18,3,Science,Bachelor,0,1,4
20,1,26442.0,4.34,84.8,26.8,0,1,6.7,1.65,1,Science,High School,1,0,4
20,0,25000.0,6.55,72.4,31.2,1,0,6.4,2.49,2,Engineering,Bachelor,1,1,1
22,0,25000.0,3.17,88.0,33.9,1,1,3.7,4.0,1,CS,Bachelor,0,1,2
19,1,42398.0,3.26,98.9,41.3,1,1,7.3,4.0,1,Science,Bachelor,0,1,4
21,0,25000.0,2.88,82.0,45.2,1,0,5.8,2.17,3,Business,High School,0,0,3
20,1,45538.0,4.41,85.5,30.2,0,0,4.9,3.23,3,Engineering,High School,0,0,1
18,1,35584.0,4.49,84.1,25.5,1,1,4.1,2.75,1,Arts,Bachelor,0,1,0
21,1,90282.0,1.51,74.5,52.8,0,1,4.3,2.26,3,Business,High School,0,0,3
20,1,40725.0,5.25,84.5,5.0,1,0,5.0,3.28,3,Science,Bachelor,0,1,4
20,1,29718.0,4.02,83.8,40.4,0,1,5.5,2.94,4,Business,Bachelor,0,1,3
18,1,37840.0,4.59,96.2,28.3,0,0,5.6,3.02,4,Business,High School,0,0,3
24,1,35841.0,4.17,84.0,36.8,0,0,5.2,1.03,1,Business,High School,0,0,3
22,1,59805.0,0.5,91.9,30.5,0,0,6.7,3.93,2,Science,Master,0,2,4
23,1,44413.0,0.92,85.4,45.4,0,0,5.2,0.96,4,CS,High School,0,0,2
20,1,33726.0,2.54,77.9,35.0,1,0,2.2,2.57,3,Business,Master,0,2,3
17,1,33637.0,5.53,72.5,12.9,1,1,4.9,1.09,3,Business,Bachelor,1,1,3
25,0,41066.0,1.56,84.5,12.4,1,0,3.5,1.35,4,Science,Bachelor,1,1,4
20,0,25000.0,5.45,88.1,27.4,0,1,4.4,1.52,1,Engineering,High School,0,0,1
19,0,25000.0,1.7,81.3,37.3,0,0,3.8,3.98,4,Arts,Bachelor,1,1,0
21,0,69930.0,1.16,76.9,45.7,1,0,9.3,0.29,4,Science,Bachelor,1,1,4
23,1,91003.0,4.39,93.3,22.0,0,0,4.9,3.74,3,Science,High School,0,0,4
20,0,25000.0,3.95,78.5,5.0,1,0,6.8,1.63,3,Science,Master,1,2,4
23,1,25000.0,1.71,72.8,35.2,0,0,4.9,2.03,4,Arts,Bachelor,0,1,0
23,0,59013.0,2.44,81.5,30.5,1,1,5.1,0.54,4,CS,Bachelor,1,1,2
18,0,40950.0,4.4,82.6,31.7,0,0,4.6,2.91,3,Business,Bachelor,1,1,3
19,0,44616.0,3.52,76.1,16.8,0,0,4.2,1.54,4,Business,Bachelor,0,1,3
23,1,50917.0,4.81,81.3,44.3,1,1,4.3,1.82,2,Science,High School,0,0,4
17,0,25734.0,3.56,68.4,20.2,0,0,6.2,1.91,3,Business,Master,0,2,3
20,0,36242.0,5.28,85.4,33.7,1,0,5.4,1.35,1,CS,Bachelor,0,1,2
17,1,34590.0,2.51,73.6,33.3,0,0,7.9,0.99,1,Business,PhD,1,3,3
20,0,25000.0,4.76,78.9,36.6,1,1,5.1,2.43,2,Engineering,High School,0,0,1
20,0,35920.0,2.35,76.6,21.1,0,0,5.0,1.8,4,CS,Bachelor,1,1,2
20,1,62482.0,4.4,93.2,18.9,1,0,5.6,3.92,1,Science,Bachelor,0,1,4
19,0,25000.0,4.83,79.6,40.2,1,1,6.6,0.12,3,Engineering,PhD,1,3,1
18,0,32583.0,2.62,75.3,36.6,1,0,5.7,0.71,4,CS,Master,1,2,2
26,0,33659.0,4.49,98.7,34.0,1,0,7.9,2.86,2,Engineering,Bachelor,0,1,1
25,0,25064.0,4.73,96.4,43.5,1,0,10.0,2.22,2,CS,Bachelor,0,1,2
18,1,44629.0,4.65,88.7,34.1,1,0,7.0,2.05,2,Arts,High School,0,0,0
24,0,25000.0,3.03,86.5,25.6,0,0,6.2,1.76,4,Business,PhD,0,3,3
20,1,66144.0,3.53,75.1,36.2,1,1,1.9,3.52,3,Arts,Bachelor,0,1,0
21,1,43292.0,6.22,90.7,35.4,0,1,8.0,4.0,4,Science,High School,0,0,4
20,0,25000.0,2.85,84.9,35.7,0,0,7.7,1.78,4,Arts,Master,0,2,0
19,1,82356.0,4.18,76.9,19.4,1,1,8.3,1.71,3,Business,Bachelor,0,1,3
23,0,32888.0,3.73,83.1,18.3,1,0,6.9,2.37,1,CS,High School,0,0,2
21,0,25000.0,4.44,78.3,40.6,0,1,3.8,2.87,2,Engineering,Bachelor,0,1,1
20,0,57684.0,5.83,69.8,28.2,1,0,3.8,2.39,3,CS,Bachelor,0,1,2
18,0,40007.0,3.23,92.9,6.7,1,0,3.5,3.44,3,CS,Bachelor,1,1,2
19,1,25000.0,4.47,67.5,13.5,1,0,5.6,3.33,2,Engineering,High School,0,0,1
17,0,25000.0,4.92,99.3,14.2,1,0,4.2,3.76,2,Engineering,Bachelor,0,1,1
21,1,35153.0,3.57,80.3,42.8,0,0,7.0,1.72,3,Engineering,High School,1,0,1
18,1,25000.0,2.9,85.6,29.4,1,0,4.5,4.0,2,Arts,Bachelor,0,1,0
20,0,31290.0,4.13,86.3,30.4,0,1,4.9,3.13,1,Science,Bachelor,1,1,4
24,1,32689.0,4.03,74.1,25.8,1,0,6.0,2.41,4,Engineering,Master,0,2,1
23,1,25000.0,1.87,80.3,17.3,1,1,4.6,0.61,3,Engineering,Bachelor,0,1,1
20,0,34975.0,2.98,81.2,39.1,1,1,3.9,1.52,2,Arts,Master,1,2,0
20,0,29866.0,4.94,77.2,37.8,1,0,2.2,4.0,1,Business,High School,0,0,3
25,0,25000.0,3.41,90.3,21.5,1,1,7.2,0.13,4,Arts,Master,0,2,0
22,0,51624.0,4.6,72.3,46.8,1,1,3.8,3.06,2,Science,Bachelor,0,1,4
20,1,49154.0,2.63,83.6,38.9,1,1,4.8,1.29,1,Business,High School,1,0,3
17,0,25000.0,4.16,68.3,19.8,0,0,4.8,1.58,4,Science,Bachelor,1,1,4
21,1,26393.0,4.16,83.9,26.6,0,1,1.8,2.93,4,Arts,Bachelor,0,1,0
22,1,45971.0,4.39,83.4,25.6,1,1,6.0,3.17,3,Arts,High School,1,0,0
19,1,26360.0,3.51,97.3,33.7,1,0,8.0,2.67,2,Engineering,Master,1,2,1
21,0,25000.0,4.21,77.1,12.9,1,1,7.2,3.18,3,CS,High School,0,0,2
20,0,29794.5,3.8200000000000003,65.6,21.5,1,1,5.5,3.95,3,Engineering,Master,0,2,1
20,0,25000.0,4.55,80.1,39.5,0,0,7.4,3.09,1,Engineering,Bachelor,0,1,1
17,0,25000.0,5.91,95.5,11.0,1,0,2.4,2.92,1,CS,Bachelor,0,1,2
20,1,71305.0,3.78,77.4,27.6,1,0,7.0,1.29,2,Arts,Bachelor,0,1,0
23,0,27436.0,0.63,83.8,15.3,1,1,4.2,2.42,4,CS,Bachelor,0,1,2
19,0,29764.0,4.98,79.7,41.0,0,0,7.2,1.11,1,CS,Bachelor,0,1,2
21,0,40368.0,6.55,80.8,34.1,1,1,5.6,1.86,2,Science,Master,1,2,4
19,1,40263.0,4.18,82.1,12.4,1,1,3.3,2.58,2,Business,Master,0,2,3
21,1,25000.0,3.26,90.8,17.5,1,0,5.9,0.98,3,Engineering,Bachelor,0,1,1
20,1,28676.0,4.12,93.6,30.2,1,0,5.5,2.5,2,Arts,Bachelor,0,1,0
18,0,30385.0,5.52,70.9,5.0,1,0,5.9,3.29,1,Business,Master,0,2,3
23,0,35004.0,4.18,88.2,16.8,0,0,4.1,2.72,4,CS,Master,0,2,2
23,1,35367.0,3.12,92.0,20.1,1,0,3.4,1.53,4,Arts,High School,1,0,0
19,1,140430.0,2.72,84.7,45.4,0,1,6.6,2.09,2,CS,Bachelor,0,1,2
22,1,25000.0,4.93,91.5,23.1,1,1,5.4,2.37,1,CS,Bachelor,0,1,2
22,1,53533.0,8.07,72.0,37.9,0,0,6.5,4.0,2,Science,Bachelor,0,1,4
22,0,60477.0,2.48,86.1,24.3,1,1,6.5,0.86,2,Engineering,High School,0,0,1
17,0,39961.0,4.81,92.0,38.9,1,0,6.8,4.0,2,Arts,Master,0,2,0
23,1,25000.0,4.89,77.0,11.4,0,0,8.4,0.74,2,Engineering,High School,1,0,1
19,0,80725.0,2.54,71.7,21.3,1,1,5.9,0.72,3,Engineering,High School,1,0,1
20,1,25000.0,5.05,91.1,28.7,0,0,3.7,2.76,2,Science,High School,0,0,4
26,0,30604.5,3.88,63.6,32.1,0,0,5.5,3.95,4,CS,Bachelor,0,1,2
21,0,60055.0,5.24,77.4,33.9,1,0,5.0,2.04,1,Business,Bachelor,0,1,3
20,1,25000.0,3.52,67.0,32.3,1,1,5.9,2.14,3,Engineering,Master,0,2,1
17,0,77488.0,2.23,77.9,36.1,0,1,8.0,0.83,1,Arts,High School,0,0,0
24,0,25000.0,4.58,76.4,29.9,1,0,5.2,2.73,3,CS,Master,0,2,2
18,0,25000.0,3.81,67.6,32.1,1,0,8.5,1.53,4,Arts,Bachelor,1,1,0
18,1,25000.0,4.85,77.3,17.8,0,0,8.7,2.18,2,Engineering,Bachelor,0,1,1
20,0,38194.0,3.61,91.5,10.6,1,0,6.3,3.19,2,CS,Bachelor,1,1,2
24,0,26024.0,2.81,84.7,16.6,1,0,6.6,2.08,2,Business,PhD,1,3,3
22,1,29803.0,3.94,68.9,9.8,0,0,5.5,2.65,4,CS,Master,0,2,2
20,0,69720.0,5.51,85.1,32.7,1,0,8.5,2.41,4,CS,PhD,0,3,2
21,1,73723.0,5.06,87.8,41.3,1,1,4.4,3.76,3,Science,Master,0,2,4
19,0,25000.0,3.63,82.8,18.6,1,0,7.7,2.22,2,Engineering,High School,0,0,1
21,1,25000.0,2.47,81.7,42.1,1,1,3.6,3.5,1,Arts,Bachelor,0,1,0
21,0,29684.0,4.22,75.7,35.4,1,0,5.5,2.48,3,Engineering,Bachelor,0,1,1
23,1,34323.0,3.59,85.3,23.4,0,0,7.5,3.38,1,Engineering,Bachelor,0,1,1
23,1,44072.0,3.93,86.7,25.8,1,1,7.1,1.95,1,CS,Bachelor,0,1,2
22,1,30878.0,6.57,84.2,43.4,0,1,4.7,2.29,4,Arts,Bachelor,0,1,0
20,0,28494.0,3.6,96.0,5.0,1,0,5.0,3.93,3,Science,Bachelor,0,1,4
22,0,25000.0,4.17,80.4,43.3,1,0,8.3,1.58,2,CS,High School,0,0,2
20,1,44046.0,5.01,71.6,40.8,1,0,4.6,2.5,1,Science,PhD,0,3,4
18,0,81382.0,4.66,95.4,22.9,0,0,4.7,3.09,2,Arts,Master,0,2,0
20,0,25000.0,5.91,66.9,28.9,1,1,8.2,0.33,4,CS,Bachelor,1,1,2
21,1,28382.0,3.29,78.8,49.5,1,1,5.4,3.05,1,CS,High School,1,0,2
23,0,25000.0,3.14,74.6,14.3,0,0,5.4,2.53,3,Engineering,High School,0,0,1
20,1,25000.0,3.52,81.2,27.8,1,1,8.8,1.08,3,Engineering,Bachelor,1,1,1
18,0,25000.0,2.79,80.9,37.8,1,0,4.3,1.68,4,CS,High School,0,0,2
21,1,37339.0,4.07,74.3,32.5,1,1,4.2,2.03,4,CS,Bachelor,0,1,2
21,1,37910.0,4.2,90.5,30.6,1,0,5.8,1.94,3,CS,Master,0,2,2
21,0,71409.0,3.57,80.9,51.8,0,1,5.6,0.53,2,CS,Bachelor,1,1,2
23,1,29890.0,4.71,91.8,16.7,1,1,4.1,3.27,1,Arts,High School,0,0,0
23,0,25000.0,4.75,72.6,17.2,0,0,7.0,2.46,2,Science,Bachelor,0,1,4
19,1,25773.0,3.05,73.4,5.0,0,0,5.5,1.2,3,Business,Bachelor,0,1,3
19,1,25000.0,4.75,73.1,17.1,1,1,5.6,3.71,4,Science,High School,0,0,4
18,0,25000.0,2.5,86.2,22.0,1,1,5.5,3.67,4,Engineering,High School,0,0,1
22,1,42122.0,2.79,96.0,33.8,1,1,3.6,3.98,2,Science,Bachelor,0,1,4
24,0,33407.0,5.86,79.6,41.5,0,0,4.0,1.86,3,Arts,High School,0,0,0
20,1,42300.0,3.7,63.5,18.4,0,0,2.7,1.97,1,Business,High School,0,0,3
20,0,25000.0,3.74,85.8,28.3,1,1,7.6,1.64,3,Arts,Master,0,2,0
24,1,47778.0,6.17,87.3,46.8,1,1,5.5,3.81,4,Science,Master,0,2,4
22,1,29219.0,4.13,58.7,27.8,1,0,5.5,1.13,2,Business,High School,1,0,3
22,0,58105.0,3.66,86.5,36.2,1,0,4.7,3.33,4,Engineering,Master,0,2,1
18,1,36563.0,2.83,88.5,43.5,1,1,7.6,0.92,2,Science,Bachelor,0,1,4
22,0,26260.0,4.6,65.6,18.8,1,0,2.6,3.65,3,Science,Master,0,2,4
19,0,33768.0,5.88,90.9,16.4,1,0,7.2,1.85,2,Science,Master,0,2,4
18,0,29416.0,3.91,91.4,49.5,1,0,5.4,3.79,4,Business,High School,0,0,3
20,0,77471.0,5.68,79.5,37.0,1,1,3.0,2.19,4,Science,Master,0,2,4
19,0,34450.0,3.81,87.2,14.1,1,0,1.0,2.07,3,Arts,PhD,0,3,0
20,1,29704.0,3.02,97.8,17.3,0,0,6.4,1.53,2,Arts,Master,0,2,0
17,0,25768.0,3.37,76.7,27.6,1,0,7.3,1.05,3,Business,High School,1,0,3
23,0,49311.0,3.03,91.3,46.7,0,0,5.6,2.45,1,Science,Bachelor,0,1,4
23,0,45467.0,5.79,84.0,41.8,1,1,6.6,3.63,2,Science,Master,0,2,4
17,1,25228.0,5.47,72.9,42.8,1,0,6.3,0.53,2,Business,Master,1,2,3
23,1,25000.0,4.51,67.4,24.8,1,0,5.6,1.49,1,Science,PhD,1,3,4
19,0,25000.0,0.92,87.8,29.9,0,1,7.2,0.71,1,Engineering,Master,0,2,1
22,1,26622.0,5.92,71.5,20.4,0,0,2.8,2.92,3,Engineering,High School,0,0,1
20,1,66793.0,3.5,89.7,25.0,0,1,5.7,3.72,2,Engineering,High School,0,0,1
21,1,25588.0,3.19,64.5,16.5,1,0,6.7,2.37,1,Arts,Bachelor,0,1,0
20,0,25000.0,3.57,83.2,19.5,1,0,4.7,3.47,2,Science,Bachelor,0,1,4
23,0,25000.0,4.05,79.4,21.3,1,0,6.0,2.76,1,Science,Bachelor,0,1,4
18,1,73727.0,4.56,95.4,28.3,1,0,3.4,2.84,3,Engineering,Bachelor,0,1,1
22,1,41832.0,5.41,83.8,35.0,0,0,5.6,1.93,4,Science,Bachelor,0,1,4
23,0,47935.0,4.69,86.9,50.0,1,1,4.2,3.2,3,CS,Bachelor,0,1,2
22,0,52945.0,4.04,78.6,25.6,1,0,4.6,2.49,2,Business,Bachelor,0,1,3
26,1,26934.0,3.52,80.6,37.1,0,1,6.5,1.67,1,Arts,Bachelor,0,1,0
19,1,31281.0,2.86,90.4,27.8,1,1,2.3,4.0,4,Arts,High School,0,0,0
23,1,72632.0,4.49,82.1,41.6,1,0,3.5,3.15,1,Engineering,High School,0,0,1
20,0,33115.0,4.69,74.6,14.9,0,1,6.8,2.61,3,Business,High School,0,0,3
23,0,42299.0,3.01,91.1,23.6,1,0,5.2,1.91,1,CS,Bachelor,0,1,2
21,0,50128.0,2.63,95.5,38.0,1,0,4.2,3.28,4,Arts,Bachelor,0,1,0
20,0,43729.0,5.02,94.0,37.0,0,0,6.3,3.24,1,Business,Master,0,2,3
23,0,27532.0,3.45,92.3,37.2,1,0,3.5,2.65,1,CS,High School,0,0,2
19,1,29134.0,2.48,79.7,46.9,1,1,3.4,1.82,2,Arts,High School,1,0,0
17,1,47410.0,2.77,74.1,9.2,1,1,5.1,4.0,1,CS,Bachelor,0,1,2
19,1,47363.0,4.67,72.5,14.9,1,0,5.3,1.89,3,Business,PhD,0,3,3
22,0,59930.0,6.04,71.5,36.7,0,0,4.2,2.33,4,Arts,Master,1,2,0
24,0,31202.0,4.265000000000001,81.3,39.8,1,1,5.5,3.16,4,Science,High School,0,0,4
21,0,29219.0,3.87,96.2,37.9,1,0,5.5,1.02,2,Arts,High School,1,0,0
23,0,25000.0,3.87,68.8,62.5,0,0,5.4,3.1,4,Engineering,High School,1,0,1
18,1,25000.0,5.06,82.1,19.0,1,1,3.4,2.82,1,Science,Bachelor,0,1,4
20,0,47495.0,2.08,79.4,34.4,1,1,5.5,0.26,1,Arts,Master,0,2,0
20,0,25000.0,6.1,72.6,29.1,1,1,1.7,3.06,1,Engineering,High School,0,0,1
20,0,29366.0,1.66,80.0,37.5,0,0,8.4,0.02,4,Arts,High School,0,0,0
21,0,68010.0,4.79,92.3,34.5,0,0,3.4,1.76,2,Science,Bachelor,0,1,4
22,1,61842.0,3.54,83.8,23.8,1,1,5.9,0.52,4,Business,High School,1,0,3
20,0,35635.0,4.28,87.0,34.7,1,0,5.8,3.36,4,Business,High School,1,0,3
21,1,25000.0,4.11,90.6,31.0,1,0,4.1,3.87,1,Arts,Bachelor,0,1,0
20,1,27611.0,2.86,85.1,31.5,0,0,7.8,1.25,1,Engineering,High School,1,0,1
19,0,31048.5,4.09,64.1,43.6,0,1,5.5,0.42,3,Science,Master,1,2,4
20,0,29089.0,3.71,82.8,59.8,1,0,4.2,2.7,2,Arts,High School,0,0,0
20,1,25000.0,4.76,73.4,7.0,1,0,6.8,2.22,3,Science,High School,0,0,4
20,1,61665.0,3.15,82.5,45.5,1,0,3.7,2.27,3,Arts,Bachelor,0,1,0
21,0,33155.0,3.68,83.0,37.7,1,0,7.9,2.4,2,Business,Master,0,2,3
21,0,25000.0,4.72,92.5,21.1,1,0,7.8,2.51,4,CS,Bachelor,0,1,2
20,0,39631.0,3.06,79.4,25.6,1,1,7.3,0.02,4,Science,High School,1,0,4
23,0,53249.0,5.52,79.4,40.6,1,0,2.5,2.27,1,Arts,Bachelor,0,1,0
18,0,25000.0,4.38,69.9,30.6,0,0,4.5,2.3,2,Arts,Master,1,2,0
19,0,26363.0,6.58,87.2,29.4,1,0,4.5,3.9,3,Arts,Bachelor,0,1,0
27,0,25642.0,3.79,70.2,21.8,1,0,4.4,3.99,4,CS,Bachelor,0,1,2
18,0,39002.0,4.36,78.0,20.9,0,1,7.9,1.27,2,Arts,High School,1,0,0
18,0,43443.0,3.71,76.3,18.4,0,1,2.2,2.41,2,Business,High School,0,0,3
22,1,25000.0,4.01,89.1,23.9,0,0,6.2,3.99,3,Arts,Master,0,2,0
17,1,25000.0,4.72,85.9,28.5,0,0,6.8,1.64,3,Engineering,Master,1,2,1
20,1,55220.0,6.1,87.7,34.3,0,0,4.2,4.0,1,Science,High School,0,0,4
25,0,25000.0,5.86,89.6,20.1,1,0,6.4,4.0,1,Science,Master,0,2,4
17,1,34986.0,5.02,76.9,39.1,0,1,6.3,2.15,2,CS,Bachelor,0,1,2
17,0,27469.0,2.61,75.1,19.1,1,1,5.0,1.84,4,Science,Bachelor,0,1,4
17,1,32776.0,3.52,68.5,39.2,0,0,7.5,0.1,4,Business,Bachelor,1,1,3
23,0,80077.0,4.76,83.0,19.6,1,1,4.5,1.82,2,Engineering,Bachelor,0,1,1
23,0,184051.0,2.97,75.7,54.2,1,0,7.5,1.64,1,CS,Master,1,2,2
19,1,25000.0,3.98,85.6,37.8,0,0,5.7,3.28,3,Science,Master,0,2,4
22,1,29219.0,3.95,76.3,40.1,1,0,5.5,3.94,2,Arts,High School,0,0,0
24,1,27072.0,6.37,89.4,27.9,1,1,5.1,3.25,3,Science,Bachelor,0,1,4
24,0,55754.0,3.8,83.0,37.3,1,0,3.0,3.13,1,Business,High School,0,0,3
20,0,52805.0,1.95,82.6,15.0,0,0,4.8,2.74,2,Science,Master,0,2,4
17,0,69276.0,5.0,81.9,18.3,1,1,3.5,3.59,4,Science,High School,0,0,4
19,1,35277.0,5.36,99.0,26.3,1,0,6.0,2.82,4,Business,Bachelor,0,1,3
20,1,25000.0,6.96,77.3,48.2,1,1,7.1,1.96,2,Engineering,High School,0,0,1
20,1,51875.0,3.43,82.6,42.1,1,0,6.3,1.87,4,Arts,Bachelor,0,1,0
20,0,31914.0,2.22,80.6,5.0,1,0,4.2,2.89,3,Science,Bachelor,0,1,4
23,1,25840.0,4.46,75.7,18.2,1,0,5.0,3.23,3,Arts,High School,0,0,0
23,0,25000.0,4.68,79.0,29.0,1,1,6.0,2.09,4,Science,High School,0,0,4
20,0,54383.0,4.75,82.2,45.1,0,0,6.1,1.75,2,Engineering,Bachelor,0,1,1
23,1,77810.0,3.48,72.5,32.9,1,0,8.4,0.93,1,Engineering,High School,1,0,1
21,0,25000.0,4.56,95.2,5.0,1,0,6.6,2.88,1,Science,Bachelor,1,1,4
21,0,43182.0,4.14,87.8,15.9,0,1,5.8,1.42,3,Science,High School,0,0,4
23,0,25000.0,3.27,90.7,38.6,0,1,5.7,1.05,1,Arts,High School,1,0,0
21,0,25000.0,2.57,80.7,32.4,0,1,4.9,3.22,4,Engineering,High School,0,0,1
25,0,32488.0,3.58,79.5,31.6,1,1,5.5,1.58,1,Arts,Bachelor,1,1,0
17,0,25000.0,3.91,80.3,43.3,1,0,6.8,0.93,1,Business,Master,1,2,3
19,0,25000.0,4.89,76.4,25.8,1,1,4.2,2.93,1,CS,PhD,0,3,2
20,0,25000.0,3.96,92.4,38.4,1,0,6.2,2.08,3,Science,Bachelor,1,1,4
22,1,25000.0,3.33,93.2,49.7,1,0,5.3,1.65,4,Science,Bachelor,0,1,4
23,1,25000.0,4.7,86.4,32.7,1,1,8.6,1.68,4,Arts,Master,0,2,0
20,0,25000.0,3.91,95.6,19.3,0,1,6.0,1.73,3,Science,Bachelor,1,1,4
17,1,25000.0,3.1,100.0,24.9,1,1,6.1,1.41,3,Business,High School,0,0,3
22,1,25000.0,4.44,96.8,19.2,0,0,4.0,3.93,2,Engineering,Master,0,2,1
22,0,37249.0,4.87,78.2,5.0,0,0,8.1,3.96,4,Business,Master,0,2,3
17,0,42452.0,3.88,62.6,20.5,0,0,6.4,1.68,3,Science,Bachelor,0,1,4
21,1,34755.0,6.14,87.9,37.6,1,0,8.0,3.98,3,Arts,Bachelor,1,1,0
17,1,25816.0,5.61,85.4,30.1,1,1,5.2,1.37,3,Engineering,Bachelor,0,1,1
19,1,25401.0,4.68,82.9,46.3,1,0,5.5,1.14,1,Business,Master,1,2,3
19,1,25000.0,3.53,80.1,31.7,0,0,3.0,4.0,1,Business,High School,0,0,3
22,0,25000.0,1.63,92.8,40.6,1,1,8.8,1.57,1,Arts,Bachelor,0,1,0
21,0,45350.0,2.42,69.6,8.9,0,0,6.2,1.58,1,Science,High School,0,0,4
18,0,25000.0,5.16,94.3,24.7,1,0,8.8,1.36,4,Engineering,Bachelor,1,1,1
22,0,28327.0,2.8,95.9,26.8,1,0,4.9,3.64,4,Engineering,High School,0,0,1
17,0,25000.0,4.53,83.2,20.1,1,0,6.3,2.58,1,Science,Master,0,2,4
21,0,42594.0,2.84,84.3,48.3,0,0,7.3,2.39,2,Engineering,Bachelor,0,1,1
19,0,25000.0,3.76,72.5,6.8,1,0,6.1,0.51,4,CS,Master,0,2,2
20,0,29956.0,3.38,90.0,28.6,1,0,4.9,1.53,4,Engineering,Bachelor,1,1,1
22,0,36526.0,5.09,92.2,43.6,1,1,4.6,3.49,2,Arts,Master,0,2,0
22,0,25000.0,5.18,88.1,39.2,0,1,4.9,1.79,2,CS,High School,0,0,2
23,0,25000.0,1.9,72.1,25.4,1,1,10.0,0.4,1,CS,Master,1,2,2
20,0,28139.0,5.75,69.1,19.2,1,0,4.4,2.06,1,Business,Bachelor,0,1,3
21,1,40477.0,3.66,80.1,43.1,0,0,1.9,2.44,3,CS,Bachelor,0,1,2
20,1,33173.0,5.41,82.6,23.7,1,0,5.6,0.0,1,Science,Master,0,2,4
21,0,41617.0,5.71,90.1,20.0,1,0,5.5,3.89,2,Engineering,High School,0,0,1
22,0,25000.0,3.27,80.1,42.0,0,0,4.9,3.74,2,Business,Bachelor,0,1,3
20,1,25000.0,6.11,90.5,33.7,0,1,4.4,3.69,2,Business,High School,0,0,3
17,0,31279.0,1.68,91.0,25.8,1,0,5.0,3.22,2,Arts,High School,0,0,0
21,1,25000.0,2.65,85.8,33.9,0,0,3.1,1.92,1,Arts,High School,1,0,0
21,0,25000.0,3.46,89.0,35.3,0,0,8.7,1.11,1,Science,High School,0,0,4
19,1,52019.0,2.66,78.7,29.4,1,0,5.9,1.99,3,Arts,Master,1,2,0
18,1,33305.0,2.12,72.9,31.8,1,0,5.7,1.9,1,CS,Master,0,2,2
24,1,25000.0,5.33,77.4,5.0,0,0,7.4,1.66,4,Science,Master,1,2,4
22,0,25000.0,3.42,75.3,28.7,1,1,10.0,2.84,2,Engineering,Master,0,2,1
20,1,43155.0,4.1,91.7,22.3,0,1,4.8,4.0,3,Science,Master,0,2,4
18,1,33765.0,4.88,88.9,20.4,0,0,6.1,2.97,2,Engineering,Bachelor,0,1,1
19,1,25000.0,5.42,65.8,21.8,0,0,6.9,0.76,3,Arts,Bachelor,1,1,0
23,0,25000.0,6.02,83.4,24.0,0,0,6.7,1.53,2,CS,Bachelor,0,1,2
21,1,91957.0,2.87,67.7,26.4,1,1,7.1,0.31,4,Engineering,Master,1,2,1
19,0,25000.0,6.01,73.3,32.0,1,0,7.2,1.33,2,Engineering,Master,0,2,1
22,0,40807.0,4.21,88.7,21.2,1,0,4.8,2.39,1,Science,High School,0,0,4
19,1,73601.0,4.22,68.2,36.2,1,1,7.7,1.47,4,Business,Master,0,2,3
24,0,32486.0,3.64,71.1,38.8,0,1,5.3,3.35,4,CS,Bachelor,0,1,2
24,1,29684.0,4.13,73.8,38.7,1,0,5.5,3.04,3,Business,Bachelor,0,1,3
20,1,25000.0,6.01,69.3,41.2,0,0,6.6,2.69,4,Science,Bachelor,0,1,4
19,0,25000.0,4.85,70.6,23.2,0,0,4.2,1.48,2,Business,Bachelor,0,1,3
17,1,37273.0,5.43,81.6,26.8,0,1,6.3,3.15,4,CS,Master,0,2,2
17,1,71011.0,2.87,68.5,33.0,0,1,6.6,1.39,3,Business,High School,0,0,3
18,0,25000.0,3.44,80.0,24.9,1,0,2.1,3.64,1,CS,High School,0,0,2
21,1,25000.0,4.11,82.1,16.1,0,0,8.0,0.12,4,CS,High School,1,0,2
20,0,45184.0,4.66,88.0,24.0,1,1,4.0,3.15,3,CS,High School,0,0,2
18,0,25000.0,4.45,89.4,49.6,1,0,6.0,3.9,2,Engineering,PhD,0,3,1
20,0,35056.0,6.34,71.0,21.1,0,1,8.3,0.25,1,Arts,Master,1,2,0
22,0,30488.0,3.13,71.4,20.5,1,0,6.7,0.83,2,Science,Bachelor,1,1,4
22,0,25000.0,4.61,71.0,23.4,1,0,7.4,0.16,1,Science,High School,1,0,4
17,1,29457.0,4.66,88.3,36.7,1,0,7.5,2.76,2,Arts,High School,0,0,0
20,1,85639.0,3.48,84.8,34.2,0,0,4.6,3.14,4,CS,Bachelor,0,1,2
18,0,31202.0,4.09,79.2,38.5,1,1,5.5,2.52,4,CS,High School,0,0,2
23,0,57268.0,3.14,72.5,60.4,0,0,6.2,0.59,2,Engineering,Bachelor,1,1,1
22,1,25000.0,4.38,83.2,39.9,1,1,6.8,4.0,3,Engineering,Bachelor,0,1,1
19,0,57386.0,2.29,93.0,40.8,0,0,7.5,2.24,3,Engineering,Bachelor,0,1,1
19,0,43626.0,6.2,92.4,64.3,0,0,6.9,4.0,1,Science,Bachelor,0,1,4
20,0,25000.0,3.68,70.2,35.9,0,0,4.6,1.35,3,Business,Bachelor,0,1,3
17,0,41105.0,3.07,90.6,25.3,0,0,7.1,1.61,3,Science,Bachelor,0,1,4
21,0,25000.0,1.74,70.1,26.4,0,1,1.7,2.49,2,CS,High School,0,0,2
20,1,25000.0,3.54,78.8,42.7,1,1,7.8,0.99,2,Science,PhD,1,3,4
23,1,32140.0,3.69,77.8,15.0,1,1,3.9,3.29,4,CS,Bachelor,0,1,2
18,0,41086.0,4.4,84.1,6.6,1,1,3.9,1.3,4,Business,Bachelor,0,1,3
19,0,32564.0,3.73,74.0,20.1,0,1,10.0,1.61,3,Business,High School,1,0,3
17,0,27848.0,7.77,82.8,39.8,0,0,5.6,1.29,3,CS,Bachelor,1,1,2
18,1,25000.0,2.35,73.4,37.1,1,1,5.0,2.4,4,CS,Bachelor,1,1,2
18,1,130608.0,4.8,83.4,28.1,0,1,3.4,3.78,4,Engineering,High School,0,0,1
23,1,25000.0,4.53,71.5,42.8,1,0,6.3,2.95,3,Business,Bachelor,0,1,3
19,1,50199.0,2.25,78.8,37.3,1,0,6.9,2.92,4,Science,High School,0,0,4
21,0,30009.0,3.58,82.0,34.1,0,0,4.9,2.19,4,Arts,Bachelor,0,1,0
20,1,25000.0,7.05,80.0,29.8,1,1,1.6,2.41,4,Science,High School,0,0,4
18,0,28882.0,3.32,88.8,40.8,1,0,8.4,0.99,4,Arts,Bachelor,1,1,0
20,0,25000.0,6.63,63.9,39.1,1,0,5.0,3.24,2,CS,Master,0,2,2
22,1,25000.0,3.86,83.4,26.7,1,0,4.9,1.19,3,Arts,High School,0,0,0
18,0,28907.0,4.04,75.4,39.8,1,0,5.4,1.37,3,Engineering,Master,0,2,1
22,1,25000.0,3.51,86.7,22.2,1,1,4.1,0.89,1,Science,Master,0,2,4
19,0,40289.0,2.71,82.2,32.8,1,0,7.8,1.91,1,Business,Master,0,2,3
19,1,25000.0,2.42,90.7,34.8,1,0,6.8,2.13,2,Arts,Master,0,2,0
22,0,25000.0,3.21,80.1,26.0,1,0,6.4,3.02,3,Arts,Master,0,2,0
19,0,25000.0,4.98,91.9,31.6,0,1,9.7,1.89,1,CS,High School,1,0,2
21,1,109707.0,4.7,83.3,37.3,0,0,4.2,2.87,2,Engineering,Master,0,2,1
20,1,25000.0,3.52,71.7,17.0,1,0,7.8,2.77,2,Arts,Bachelor,1,1,0
21,1,30604.5,4.26,75.5,32.2,0,0,5.5,3.03,2,CS,Bachelor,0,1,2
17,1,25000.0,2.9,77.3,56.6,1,0,6.7,0.0,4,Arts,Bachelor,1,1,0
17,1,25000.0,4.6,82.9,20.1,0,0,9.6,0.0,1,Arts,Master,1,2,0
22,1,42717.0,2.3,89.2,42.4,0,0,3.6,1.92,3,Arts,Master,0,2,0
23,0,41477.0,4.39,86.9,28.9,0,0,8.5,1.55,2,Arts,Bachelor,1,1,0
19,0,25000.0,4.67,87.3,44.2,0,0,3.0,3.98,3,Science,High School,0,0,4
20,0,25000.0,3.74,76.0,21.3,1,0,9.2,0.56,2,Arts,Bachelor,1,1,0
21,1,43187.0,4.06,89.1,30.1,1,0,4.7,2.6,3,Science,Bachelor,0,1,4
22,0,41416.0,3.38,82.8,56.5,1,1,4.2,2.92,4,Engineering,Bachelor,0,1,1
17,1,25060.0,5.21,88.4,27.9,1,1,4.5,3.99,4,Arts,High School,0,0,0
19,1,38761.0,5.14,70.2,37.6,1,0,5.6,3.84,3,Arts,Bachelor,0,1,0
20,1,25000.0,4.57,85.6,37.1,1,0,5.2,2.99,4,Science,Bachelor,0,1,4
22,0,25000.0,4.91,77.1,5.7,1,1,5.4,1.74,1,CS,Bachelor,0,1,2
26,0,29803.0,4.72,71.9,35.4,0,0,6.1,1.8,2,CS,Master,1,2,2
20,1,40596.0,3.47,87.2,15.1,1,0,5.9,3.02,1,Business,High School,0,0,3
17,0,35795.0,4.46,78.6,37.6,1,0,5.5,3.89,4,Arts,High School,0,0,0
21,0,40356.0,4.98,86.2,31.4,1,1,4.7,3.42,2,Business,Bachelor,0,1,3
23,0,25000.0,3.73,74.2,16.6,1,1,6.3,1.09,3,Business,Master,0,2,3
21,0,76813.0,4.74,98.3,15.7,0,0,6.2,4.0,3,CS,Bachelor,0,1,2
19,0,25000.0,2.28,81.0,29.1,1,0,6.1,2.59,4,CS,Bachelor,0,1,2
23,1,27685.0,2.46,78.2,59.8,0,0,5.5,2.5,1,Science,Bachelor,1,1,4
22,0,25000.0,4.11,89.9,49.5,0,0,4.3,4.0,1,Science,Master,0,2,4
18,1,26468.0,3.59,81.3,34.3,1,0,5.6,2.16,4,Arts,Bachelor,0,1,0
21,0,40919.0,5.43,100.0,36.2,0,1,5.0,2.81,4,Science,Bachelor,0,1,4
23,1,46981.0,3.76,91.3,37.2,1,0,1.8,3.28,4,Arts,High School,0,0,0
23,1,75899.0,5.49,78.2,23.6,1,0,7.3,1.92,4,Science,Master,0,2,4
20,0,40625.0,3.97,82.6,21.7,1,1,6.0,3.39,1,Arts,Master,0,2,0
20,0,35107.0,4.46,82.5,40.2,1,1,5.5,1.45,3,Engineering,Bachelor,0,1,1
23,0,25000.0,3.45,73.6,22.8,1,0,6.4,2.45,4,Business,Bachelor,0,1,3
18,1,31202.0,4.1850000000000005,92.3,47.3,1,1,5.5,1.3,4,Science,High School,0,0,4
22,1,53218.0,3.05,78.6,13.8,1,0,7.9,1.95,2,Engineering,PhD,0,3,1
18,1,52609.0,2.62,80.0,19.2,1,1,7.7,0.2,4,Engineering,Bachelor,0,1,1
23,0,25000.0,5.21,83.7,47.0,1,0,3.4,3.74,2,Engineering,Bachelor,0,1,1
20,0,45883.0,5.4,74.7,26.6,0,0,4.4,2.02,3,Engineering,High School,0,0,1
23,0,43925.0,5.21,83.7,28.5,0,0,6.7,1.98,3,CS,Bachelor,0,1,2
22,0,25000.0,5.44,78.0,37.7,1,0,5.9,3.18,3,Business,Bachelor,0,1,3
18,1,41121.0,4.28,78.2,43.9,1,0,5.5,0.96,2,Arts,High School,0,0,0
24,0,25000.0,3.43,80.7,37.3,1,0,6.3,2.62,3,Arts,Master,0,2,0
24,1,25000.0,3.09,76.1,33.4,1,0,2.1,2.28,4,CS,Bachelor,0,1,2
22,1,27009.0,1.72,69.5,39.6,0,0,3.8,0.01,4,Engineering,Bachelor,1,1,1
19,1,34707.0,4.7,83.4,34.9,0,0,4.4,3.31,4,Science,Master,0,2,4
20,0,27749.0,4.17,63.7,43.0,1,0,6.9,0.94,1,Business,High School,1,0,3
21,1,166087.0,4.49,64.0,64.3,1,0,1.6,3.95,2,Business,Master,0,2,3
19,1,37321.0,4.78,82.4,36.1,1,0,5.8,4.0,4,Science,PhD,0,3,4
24,1,32477.0,5.8,80.5,19.7,1,0,4.8,1.71,3,Arts,High School,0,0,0
21,1,30258.0,4.265000000000001,69.1,42.5,1,0,5.5,3.28,4,Engineering,PhD,0,3,1
17,1,25000.0,4.62,87.3,28.2,1,1,7.0,2.39,2,CS,Master,0,2,2
21,1,51932.0,3.35,66.2,34.0,1,0,8.6,2.11,3,Engineering,Bachelor,1,1,1
20,0,36923.0,1.78,77.1,34.4,1,1,3.4,1.02,4,Science,Bachelor,1,1,4
20,1,35922.0,3.77,78.4,23.0,0,0,4.0,2.14,4,Science,Master,0,2,4
20,1,25000.0,5.9,84.5,25.6,1,0,5.6,3.46,1,CS,Bachelor,0,1,2
22,1,25000.0,3.76,83.8,5.0,0,0,8.0,3.02,3,Science,Master,0,2,4
23,1,25000.0,2.85,78.8,28.8,1,1,6.3,2.29,4,Arts,PhD,0,3,0
21,0,35227.0,4.5,82.4,36.7,1,1,5.7,2.76,4,Arts,High School,0,0,0
20,1,25000.0,5.16,79.8,30.2,1,0,7.7,1.58,3,Arts,Bachelor,1,1,0
20,1,35420.0,4.67,74.7,24.5,0,0,4.8,2.95,1,CS,Bachelor,0,1,2
21,0,25863.0,5.76,82.4,34.5,1,1,7.6,1.35,1,Arts,Master,1,2,0
19,0,38497.0,2.78,64.8,18.7,0,1,8.6,2.98,3,Arts,Bachelor,0,1,0
22,1,25000.0,5.81,84.0,17.3,0,1,5.2,3.35,2,Arts,Bachelor,0,1,0
22,0,33381.0,1.33,93.3,36.3,1,0,2.7,2.37,2,Business,High School,0,0,3
24,0,25000.0,1.36,79.2,37.0,1,0,5.8,2.89,4,CS,Bachelor,0,1,2
23,0,25000.0,2.1,98.5,36.1,0,0,8.5,2.66,4,CS,Master,1,2,2
19,1,26928.0,4.62,86.8,26.4,0,0,6.4,3.98,2,Arts,Master,0,2,0
22,0,74741.0,2.04,93.7,43.1,1,0,3.0,4.0,1,Science,Bachelor,1,1,4
18,0,25000.0,3.17,85.1,16.5,0,1,7.8,3.12,4,CS,Bachelor,1,1,2
22,1,31941.0,3.45,86.4,26.4,0,0,6.9,1.74,4,CS,Bachelor,1,1,2
19,1,47980.0,4.97,83.1,39.0,1,0,7.3,2.09,1,Science,Master,0,2,4
18,1,118186.0,5.66,69.5,40.3,1,0,7.5,1.3,3,Arts,Master,0,2,0
21,0,25000.0,5.17,66.3,20.7,1,0,4.5,1.05,2,Business,Bachelor,0,1,3
17,1,25000.0,2.14,80.1,55.7,0,0,7.4,1.16,4,Engineering,Master,1,2,1
17,0,25000.0,4.23,77.2,28.4,0,1,4.3,3.39,3,Science,Bachelor,0,1,4
20,1,58942.0,3.52,77.4,31.1,0,1,3.4,2.44,4,Engineering,High School,0,0,1
21,1,25000.0,3.79,71.9,41.7,0,0,4.0,0.05,2,Science,Bachelor,1,1,4
20,0,25000.0,3.91,90.9,48.6,0,1,6.7,1.97,1,Business,Master,0,2,3
17,0,25000.0,3.4,73.8,30.7,1,1,4.8,1.87,4,Business,High School,0,0,3
19,0,50533.0,3.06,73.2,44.1,0,1,8.2,1.78,3,Arts,Bachelor,1,1,0
21,1,59573.0,3.42,82.3,24.5,0,0,7.5,3.5,2,Engineering,High School,0,0,1
22,0,49388.0,3.1,90.7,50.0,0,1,6.7,1.75,2,Business,Bachelor,0,1,3
21,1,31202.0,3.9850000000000003,88.8,30.5,1,1,5.5,3.87,4,CS,High School,0,0,2
23,0,42800.0,3.92,76.8,33.8,0,0,3.4,3.63,4,Business,Bachelor,0,1,3
21,0,30604.5,4.11,80.3,25.8,0,0,5.5,0.49,1,Arts,Bachelor,1,1,0
19,1,30786.0,5.42,95.1,32.6,0,1,6.5,2.68,2,Business,High School,0,0,3
20,1,33626.0,5.8,90.8,21.2,1,0,3.2,3.87,2,Science,Bachelor,0,1,4
17,1,35815.0,2.36,89.0,29.3,1,1,4.2,2.16,4,Science,High School,0,0,4
20,0,40978.0,4.34,85.1,30.2,1,0,5.2,2.78,3,Engineering,PhD,0,3,1
23,0,29590.0,2.39,82.8,17.3,0,0,5.2,2.18,1,Science,High School,1,0,4
22,0,25000.0,6.39,98.1,23.1,0,1,5.4,3.5,4,Engineering,Bachelor,1,1,1
24,0,40990.0,4.77,91.0,5.0,1,0,4.4,3.5,4,Engineering,Bachelor,0,1,1
20,0,31526.0,3.39,83.0,15.1,0,0,8.2,0.0,2,Engineering,Bachelor,1,1,1
24,1,25000.0,3.59,87.8,29.8,1,0,3.3,2.75,3,CS,Master,1,2,2
20,0,25000.0,5.09,80.0,41.5,1,0,3.3,1.25,3,Engineering,High School,0,0,1
24,0,74908.0,3.52,69.2,25.7,1,1,3.8,2.15,3,Science,Bachelor,0,1,4
21,0,62242.0,2.24,73.8,29.6,1,0,4.4,3.79,3,Science,Bachelor,0,1,4
22,1,45414.0,4.58,78.3,43.9,0,0,4.2,4.0,4,Business,Bachelor,0,1,3
24,1,25000.0,5.6,77.8,40.0,1,0,8.5,1.01,2,Business,Master,0,2,3
20,0,25000.0,3.9,76.2,39.8,1,0,4.3,2.72,1,Science,Bachelor,0,1,4
21,1,47043.0,4.98,76.6,31.4,1,1,5.3,1.04,1,CS,Bachelor,0,1,2
23,0,37050.0,3.23,92.4,24.1,0,0,3.2,3.81,3,Arts,Bachelor,0,1,0
20,1,25000.0,4.16,96.7,34.7,1,0,4.7,3.94,1,Engineering,High School,0,0,1
18,1,58389.0,4.13,92.5,45.4,1,1,6.6,2.13,3,Business,Bachelor,0,1,3
25,1,49454.0,3.54,64.7,51.7,1,1,6.7,1.78,2,Science,Master,0,2,4
20,0,33046.0,2.77,90.6,58.9,1,0,7.3,2.44,3,Engineering,High School,0,0,1
21,1,30365.0,3.05,87.9,48.4,1,1,3.7,2.67,4,Business,Master,0,2,3
23,1,30656.0,3.11,81.7,30.5,1,0,4.3,2.48,3,Engineering,High School,0,0,1
19,1,44711.0,3.4,78.0,15.6,1,0,7.0,2.11,1,Engineering,Bachelor,0,1,1
18,1,25000.0,3.82,79.6,37.2,1,1,5.5,2.98,4,Arts,High School,0,0,0
21,1,38391.0,4.19,89.9,43.2,1,0,5.4,3.16,2,Engineering,High School,0,0,1
17,0,25000.0,4.19,85.1,5.0,1,0,6.6,4.0,3,Business,High School,0,0,3
20,1,66299.0,3.87,91.8,12.3,0,0,7.3,1.52,3,Engineering,Bachelor,1,1,1
21,1,40916.0,4.02,88.5,24.5,1,0,4.2,3.49,2,Engineering,Master,0,2,1
20,1,25000.0,2.89,93.5,20.8,0,0,5.3,1.85,2,CS,Master,1,2,2
17,0,31206.0,4.25,87.1,10.7,1,1,5.3,2.47,2,Arts,Bachelor,0,1,0
24,0,25000.0,1.96,72.9,34.6,1,0,3.8,4.0,3,CS,High School,0,0,2
21,0,73311.0,2.69,69.2,44.9,1,0,6.0,2.27,4,Engineering,Bachelor,0,1,1
24,0,78726.0,2.65,87.2,27.7,0,0,4.5,2.21,4,Engineering,Bachelor,0,1,1
20,0,45149.0,3.26,86.8,10.1,0,0,5.5,3.47,2,Science,Bachelor,0,1,4
19,1,75659.0,4.38,77.1,32.5,0,1,6.7,2.79,2,Business,Master,0,2,3
21,0,32568.0,4.23,84.0,16.7,1,1,6.0,1.85,4,Business,Bachelor,0,1,3
20,0,29684.0,4.11,63.400000000000006,17.9,1,0,5.5,3.53,2,Business,Bachelor,0,1,3
18,0,61997.0,5.05,78.1,41.5,1,0,5.9,0.99,2,Science,Bachelor,1,1,4
24,0,29630.0,4.23,70.5,44.4,0,1,5.7,2.98,1,Engineering,Master,0,2,1
19,1,31029.0,2.69,82.4,26.5,0,1,4.5,3.4,2,Engineering,Bachelor,0,1,1
17,0,52062.0,4.04,77.9,38.8,1,0,3.9,1.14,3,Science,High School,1,0,4
23,0,29803.5,4.15,85.0,17.1,0,0,5.5,3.29,1,Business,High School,0,0,3
19,1,25000.0,3.56,68.0,36.3,1,0,3.0,1.82,3,Arts,Master,0,2,0
19,1,25000.0,4.52,86.8,25.4,1,0,3.6,3.28,3,Science,High School,0,0,4
17,0,26761.0,3.78,77.9,14.1,1,0,3.2,2.54,1,Engineering,Bachelor,1,1,1
24,1,29794.5,4.205,73.5,19.1,1,1,5.5,3.39,1,Engineering,Master,0,2,1
18,1,25000.0,4.01,78.5,34.9,0,0,4.6,0.8,2,Business,Bachelor,1,1,3
21,1,25000.0,2.03,69.2,12.2,1,1,7.4,2.23,2,Arts,High School,0,0,0
23,0,25000.0,3.49,79.7,26.6,0,0,6.6,2.88,1,Science,Bachelor,0,1,4
21,1,31048.5,4.1,83.0,42.8,0,1,5.5,0.85,1,Engineering,Master,0,2,1
20,0,55415.0,4.59,82.6,24.1,1,1,4.4,1.83,4,CS,Master,0,2,2
17,0,40346.0,2.61,85.7,11.5,0,0,1.9,2.92,2,CS,Master,0,2,2
19,0,43456.0,3.4,77.5,26.7,1,0,4.4,2.38,4,Business,Bachelor,0,1,3
21,0,44076.0,4.27,88.2,38.1,1,0,7.5,1.89,2,Science,Bachelor,1,1,4
19,1,25000.0,3.32,84.1,14.4,0,1,4.8,3.94,2,CS,Bachelor,0,1,2
21,1,29915.0,3.56,88.5,44.2,0,0,5.5,0.77,2,Engineering,High School,0,0,1
22,0,25000.0,4.32,95.3,39.2,0,1,5.1,3.73,3,CS,High School,0,0,2
23,0,40356.0,6.38,69.6,34.2,0,0,6.8,3.11,2,CS,High School,0,0,2
18,0,25000.0,4.4,78.9,36.9,0,1,7.0,3.06,3,CS,High School,0,0,2
25,1,26682.0,4.9,75.9,31.5,1,0,2.7,2.72,4,Engineering,Master,0,2,1
22,1,41302.0,2.85,99.1,34.0,0,0,1.1,3.7,1,Science,Bachelor,0,1,4
21,1,25000.0,2.38,86.8,30.9,0,0,6.7,2.08,4,Science,High School,0,0,4
23,1,52946.0,2.86,84.3,40.6,0,0,5.1,2.33,4,Engineering,Bachelor,1,1,1
26,1,40295.0,3.77,91.6,45.5,1,1,6.7,1.81,4,Business,Bachelor,0,1,3
17,1,37365.0,4.29,82.1,20.2,1,0,5.0,3.64,3,Business,Master,0,2,3
20,0,45198.0,4.62,85.7,21.6,1,1,6.4,1.85,3,Arts,High School,0,0,0
17,1,25000.0,5.16,78.4,25.3,1,1,5.3,1.91,1,Engineering,Bachelor,1,1,1
21,1,30885.0,4.1,71.1,22.7,0,1,5.5,0.85,1,Engineering,High School,1,0,1
21,1,29912.0,1.3,89.2,43.6,0,0,4.8,2.04,2,Engineering,High School,0,0,1
20,1,29510.0,2.72,74.3,12.0,0,0,5.2,0.58,4,Arts,High School,1,0,0
19,1,25000.0,6.16,88.0,36.5,1,0,6.6,3.46,2,Science,Bachelor,0,1,4
17,1,25000.0,4.45,90.7,46.6,1,0,5.2,3.09,2,Arts,High School,0,0,0
21,1,25000.0,3.86,64.0,23.1,0,0,3.6,1.5,3,Arts,High School,1,0,0
24,0,25000.0,1.1,90.4,47.7,1,0,8.5,0.17,4,CS,Bachelor,1,1,2
19,0,25000.0,2.32,84.0,43.9,1,0,6.1,1.52,1,Business,Master,0,2,3
22,1,49575.0,5.15,74.2,25.8,1,0,7.9,2.62,3,Business,High School,0,0,3
17,0,29803.5,4.105,53.1,39.8,0,0,5.5,2.28,1,CS,High School,0,0,2
22,1,26825.0,4.71,81.4,20.1,0,1,5.0,3.05,2,Engineering,High School,0,0,1
20,1,59862.0,3.48,80.6,16.8,0,1,5.8,0.39,4,CS,Bachelor,1,1,2
19,1,51302.0,6.84,90.7,24.4,1,0,6.7,2.33,4,Engineering,Bachelor,0,1,1
19,1,61684.0,3.94,82.5,46.2,1,1,2.1,2.73,1,Business,Master,0,2,3
20,0,25000.0,2.06,73.3,24.5,1,0,2.2,2.47,1,Business,High School,0,0,3
21,1,47599.0,4.75,69.6,30.5,0,0,4.3,2.06,2,Science,Master,0,2,4
18,1,25000.0,4.1,83.2,17.9,1,0,6.5,3.01,3,CS,Bachelor,0,1,2
20,0,25197.0,3.19,82.0,40.4,1,0,4.3,4.0,2,CS,Master,0,2,2
20,0,26661.0,4.26,92.6,40.0,0,0,5.3,1.85,4,CS,Bachelor,0,1,2
18,1,25000.0,5.36,78.1,21.5,0,0,5.6,2.39,1,Business,Bachelor,1,1,3
25,1,25000.0,3.69,85.3,5.0,1,1,4.0,2.92,3,Science,Bachelor,0,1,4
19,1,25000.0,2.76,80.9,25.7,1,0,8.1,2.22,3,Arts,Bachelor,1,1,0
19,1,25000.0,4.27,60.4,35.3,1,0,4.1,2.17,1,Arts,High School,0,0,0
18,0,49704.0,3.17,87.7,29.8,1,0,1.8,3.39,2,Engineering,High School,0,0,1
25,0,26650.0,4.43,78.6,31.0,1,0,3.7,3.72,2,Business,Bachelor,0,1,3
22,0,33552.0,5.65,87.3,34.2,1,0,4.0,4.0,1,Business,Bachelor,0,1,3
18,1,32803.0,2.52,83.4,23.9,0,0,5.8,1.97,1,Science,High School,1,0,4
23,0,30725.0,1.6,74.1,14.9,1,1,5.9,0.73,4,Science,High School,0,0,4
21,1,31435.0,6.98,80.6,38.9,1,0,6.6,2.56,4,Science,High School,0,0,4
21,1,25000.0,4.17,81.7,19.4,0,1,8.9,2.95,4,Arts,High School,0,0,0
20,1,69636.0,2.38,83.5,15.6,0,1,5.6,3.59,3,Business,Bachelor,0,1,3
19,0,46932.0,2.7,86.1,36.0,1,1,7.0,3.56,2,Arts,High School,1,0,0
21,1,30062.0,3.38,82.2,16.7,1,0,4.7,2.39,3,Arts,High School,0,0,0
19,0,25000.0,4.39,96.0,20.2,0,0,6.0,0.14,4,Science,High School,1,0,4
25,0,27687.0,0.86,88.7,49.0,1,0,4.9,2.68,1,Business,High School,0,0,3
18,0,38199.0,4.91,90.0,49.1,1,1,5.2,2.97,4,Science,Bachelor,0,1,4
24,1,73128.0,3.11,88.6,44.3,1,1,5.8,2.41,3,Science,Bachelor,0,1,4
20,0,25000.0,5.93,82.6,39.1,1,0,7.3,2.38,3,Arts,Bachelor,0,1,0
21,1,44173.0,4.5,87.9,43.9,1,1,5.4,3.53,2,Business,Bachelor,0,1,3
22,0,58456.0,5.16,92.0,53.6,0,0,5.4,4.0,3,Arts,Master,0,2,0
19,0,25000.0,3.7,83.0,43.1,0,0,6.1,3.87,2,Arts,High School,0,0,0
22,0,26670.0,4.32,90.4,33.0,0,1,7.1,2.47,4,Arts,Bachelor,0,1,0
17,1,25000.0,5.8,71.6,40.5,0,0,3.0,1.92,2,CS,Bachelor,0,1,2
19,1,38496.0,2.89,90.8,24.4,0,0,5.9,1.03,4,Arts,High School,0,0,0
19,1,25000.0,4.57,75.8,31.8,0,0,3.1,2.22,4,CS,Bachelor,0,1,2
18,1,27499.0,4.7,71.6,32.3,1,0,7.9,0.96,4,Science,Bachelor,1,1,4
20,1,25000.0,5.77,79.8,28.3,1,1,6.1,2.62,2,Business,Master,0,2,3
21,0,45803.0,3.17,83.7,26.2,1,1,7.7,0.56,1,Arts,High School,1,0,0
22,1,34113.0,2.9,84.7,45.5,0,1,2.5,0.29,4,Engineering,High School,0,0,1
21,1,34151.0,5.55,92.3,18.6,0,1,5.2,3.3,1,Engineering,Bachelor,1,1,1
19,0,32741.0,3.71,77.5,31.8,0,1,7.1,1.75,3,Engineering,High School,0,0,1
21,1,41919.0,2.83,95.2,14.5,0,1,8.0,2.97,2,Arts,Bachelor,0,1,0
21,1,25408.0,3.36,95.2,5.9,0,0,6.1,1.58,2,Science,Bachelor,0,1,4
23,1,82493.0,2.2,83.8,44.3,0,0,4.7,3.9,4,Business,High School,0,0,3
22,1,25000.0,3.96,75.4,45.4,1,1,5.0,1.59,3,Business,Bachelor,0,1,3
21,0,25000.0,0.5,100.0,24.2,0,1,3.6,3.07,1,Business,Bachelor,0,1,3
19,1,25000.0,4.35,95.8,30.6,0,0,8.1,2.76,3,Arts,PhD,0,3,0
19,0,25000.0,2.0,83.5,26.5,0,0,6.7,1.52,4,CS,PhD,0,3,2
19,1,44529.0,5.65,71.1,26.5,1,0,5.2,2.95,3,Engineering,Master,0,2,1
20,1,41391.0,3.08,87.0,24.1,0,1,6.5,2.93,3,Arts,Master,0,2,0
21,1,29803.0,4.04,62.3,35.5,0,0,5.5,2.16,3,CS,Master,0,2,2
22,0,25000.0,4.05,89.0,25.4,0,1,5.0,2.91,3,Business,Bachelor,0,1,3
20,0,46503.0,4.51,83.8,35.0,1,0,4.1,3.54,3,Arts,High School,0,0,0
21,0,30764.0,4.05,69.2,50.0,1,0,4.2,2.31,3,Business,Master,0,2,3
21,0,32858.0,1.89,72.6,34.7,0,0,6.2,0.1,1,Engineering,Bachelor,1,1,1
19,1,43277.0,4.15,75.9,31.5,1,1,7.4,2.45,3,Engineering,Bachelor,0,1,1
19,1,29684.0,3.965,80.1,23.1,1,0,5.5,1.54,4,Science,Bachelor,0,1,4
17,1,140414.0,3.85,76.8,29.8,0,0,4.1,2.98,1,Engineering,Master,0,2,1
19,1,66113.0,4.75,63.8,10.0,0,1,7.2,2.0,4,Engineering,High School,1,0,1
22,0,29794.5,3.54,80.4,48.5,1,1,5.5,3.02,2,Engineering,Master,0,2,1
19,0,25000.0,2.53,79.9,18.5,1,0,1.5,3.16,3,Engineering,Master,0,2,1
20,0,28205.0,4.8,94.7,7.0,1,0,4.2,3.5,2,CS,Master,0,2,2
22,1,33168.0,1.47,94.1,28.7,0,0,6.3,3.58,4,CS,Master,0,2,2
22,1,56352.0,4.37,71.5,34.3,1,0,4.1,4.0,4,Engineering,Bachelor,0,1,1
18,1,25000.0,2.42,85.1,45.9,0,1,5.6,2.63,2,Business,Bachelor,0,1,3
23,0,35288.0,5.82,88.3,32.9,0,0,3.3,3.94,4,CS,Master,0,2,2
23,0,25000.0,2.11,81.0,41.1,1,1,4.8,2.96,3,CS,Master,0,2,2
18,1,38631.0,2.14,83.4,41.2,1,1,3.5,2.95,3,Business,High School,0,0,3
19,0,27875.0,7.03,90.8,40.0,1,1,3.3,4.0,1,Science,Master,0,2,4
23,1,95036.0,5.64,84.3,16.4,0,0,4.1,3.55,4,Science,PhD,0,3,4
20,0,25000.0,2.95,87.4,36.1,1,0,7.1,1.16,2,Engineering,Master,1,2,1
17,0,67668.0,2.39,93.3,13.4,0,1,6.3,2.44,4,Business,Master,0,2,3
17,1,25000.0,2.8,78.4,53.9,1,0,9.2,0.59,1,CS,Bachelor,1,1,2
20,0,25000.0,4.47,88.4,38.4,0,0,4.4,2.74,1,Business,High School,0,0,3
18,1,25000.0,4.37,78.4,22.5,1,1,7.3,1.05,3,Engineering,High School,0,0,1
20,1,34552.0,3.48,90.6,34.5,0,1,8.8,1.23,4,CS,Bachelor,0,1,2
21,1,25000.0,6.23,77.0,17.9,1,1,7.5,0.0,3,CS,High School,1,0,2
24,1,25000.0,2.98,85.5,11.3,1,0,7.5,2.32,4,Arts,High School,0,0,0
20,1,33579.0,1.54,80.2,40.5,0,0,5.7,2.39,1,CS,Bachelor,1,1,2
23,0,38990.0,7.47,86.7,18.2,1,0,5.9,3.82,2,Engineering,Bachelor,1,1,1
24,1,30452.0,5.19,75.2,27.8,0,1,3.8,2.02,1,Business,Bachelor,0,1,3
24,1,26975.0,3.73,79.8,32.5,1,0,1.0,3.36,4,Science,Bachelor,0,1,4
21,0,89085.0,4.27,81.6,27.8,1,0,5.9,2.64,4,CS,Bachelor,1,1,2
17,1,32451.0,4.16,73.4,17.7,1,0,3.8,2.75,4,Business,Bachelor,0,1,3
22,1,48214.0,1.89,77.1,30.7,0,1,4.7,1.97,1,Science,High School,0,0,4
23,1,32395.0,3.98,68.9,31.8,0,0,4.0,3.19,2,Science,High School,0,0,4
20,1,25000.0,4.56,85.0,40.5,0,0,6.1,3.04,1,Science,High School,0,0,4
24,0,41354.0,4.5,88.4,59.3,0,0,5.1,2.18,1,Science,Bachelor,1,1,4
22,0,25000.0,0.9,70.9,6.3,0,0,7.8,1.74,2,CS,PhD,1,3,2
22,0,28153.0,4.24,72.6,20.4,0,0,4.2,1.68,4,Business,Master,0,2,3
23,0,35712.0,4.6,74.3,32.7,1,1,5.8,2.45,1,Arts,Bachelor,0,1,0
21,1,25000.0,3.93,71.8,42.1,1,0,5.2,3.77,3,Arts,High School,0,0,0
17,1,25000.0,2.42,85.2,34.2,1,1,5.0,3.96,2,CS,High School,0,0,2
19,0,51312.0,5.7,76.5,43.5,1,1,5.4,3.73,1,Science,High School,0,0,4
23,1,25000.0,3.96,84.0,12.2,0,1,8.2,0.68,3,Arts,Bachelor,1,1,0
19,1,25000.0,3.72,76.0,26.2,1,1,7.0,1.59,1,Arts,High School,0,0,0
20,1,31202.0,4.390000000000001,79.3,47.5,1,1,5.5,2.53,1,CS,High School,0,0,2
18,1,25000.0,2.1,90.3,19.7,0,0,4.4,3.99,4,Arts,Bachelor,0,1,0
24,1,38199.0,6.54,72.8,5.0,1,0,4.1,1.93,1,CS,Bachelor,1,1,2
24,0,28834.0,5.47,77.5,20.2,1,1,5.7,1.41,4,Business,Master,0,2,3
19,0,33495.0,3.1,85.3,35.2,1,0,2.8,3.4,1,Science,Bachelor,0,1,4
21,1,25000.0,1.5,79.5,29.2,1,0,5.1,1.27,3,Science,Bachelor,0,1,4
19,0,33395.0,4.69,83.5,14.6,1,0,6.2,2.83,4,Business,PhD,0,3,3
22,1,57702.0,4.97,82.0,21.3,1,0,4.2,2.74,4,Business,Master,0,2,3
22,1,25000.0,4.08,69.9,14.0,1,0,5.6,2.56,2,Business,High School,0,0,3
22,1,51492.0,3.56,93.2,15.4,1,1,6.0,2.64,3,Business,Master,0,2,3
21,0,28827.0,1.83,81.2,19.5,0,0,2.3,2.29,4,CS,Master,0,2,2
27,0,46198.0,4.78,94.8,31.3,1,0,5.9,1.66,1,Science,Master,1,2,4
18,0,32121.0,1.81,84.7,5.0,0,1,4.7,0.32,3,Science,Bachelor,1,1,4
17,0,29143.0,4.36,92.5,46.4,1,0,8.8,2.02,4,CS,High School,0,0,2
20,0,36675.0,4.94,90.2,28.8,1,0,5.9,2.39,4,CS,Bachelor,0,1,2
17,1,61584.0,3.6,91.8,16.7,1,1,3.8,3.2,2,Engineering,Master,0,2,1
17,0,29684.0,4.22,65.2,18.3,1,0,5.5,3.08,3,Engineering,Bachelor,0,1,1
18,0,39621.0,0.72,96.3,22.4,0,1,5.4,2.22,4,Engineering,Bachelor,0,1,1
19,0,25000.0,2.79,78.2,30.1,0,1,7.9,0.02,2,CS,High School,1,0,2
18,1,76308.0,3.38,84.9,31.8,1,0,4.4,0.89,3,Engineering,Bachelor,0,1,1
22,0,43661.0,1.9,88.9,27.7,1,0,6.1,3.77,4,Engineering,Bachelor,1,1,1
19,0,31152.0,5.67,100.0,20.9,1,0,6.8,2.32,4,CS,Bachelor,0,1,2
20,1,27623.0,2.99,90.8,29.9,1,0,6.7,3.47,3,Business,Bachelor,0,1,3
23,0,53463.0,3.4,77.8,5.1,1,1,5.5,0.49,2,Science,Bachelor,1,1,4
19,1,25000.0,6.32,84.2,15.4,1,1,4.3,2.75,1,Business,High School,0,0,3
20,1,25000.0,5.33,71.2,21.9,1,0,5.0,2.35,4,Business,High School,0,0,3
21,1,31048.5,3.98,93.8,13.9,0,1,5.5,3.97,3,Engineering,Master,0,2,1
17,1,29684.0,4.050000000000001,57.0,27.4,1,0,5.5,1.32,1,Science,Bachelor,0,1,4
17,0,77249.0,4.9,80.6,13.9,0,1,7.3,3.35,2,Engineering,Bachelor,0,1,1
21,0,27879.0,2.96,99.6,50.6,0,0,6.1,2.63,2,Science,High School,0,0,4
22,0,30520.0,2.09,88.1,12.5,1,0,6.0,2.43,4,Science,Master,0,2,4
25,0,40608.0,5.04,85.9,48.1,1,1,4.2,2.46,3,CS,Master,0,2,2
21,0,25372.0,3.29,72.5,5.9,1,0,7.7,3.06,4,CS,Bachelor,0,1,2
22,0,40532.0,0.95,92.6,54.1,0,0,5.1,0.56,2,Science,Bachelor,1,1,4
20,1,28247.0,4.57,74.7,37.0,1,0,5.7,2.86,4,Science,High School,0,0,4
21,1,54547.0,4.3,74.8,39.5,1,0,7.6,1.07,3,CS,PhD,1,3,2
24,0,45880.0,2.31,92.6,13.6,1,1,4.2,3.5,4,Science,Bachelor,0,1,4
17,0,48346.0,5.82,74.4,26.1,0,0,4.4,2.46,3,CS,Master,0,2,2
21,0,29684.0,4.2,70.3,26.9,1,0,5.5,2.66,4,Arts,Bachelor,0,1,0
25,0,94425.0,6.9,74.3,28.8,1,0,7.0,3.12,1,Science,Bachelor,0,1,4
21,1,39749.0,5.71,83.5,45.3,1,0,6.1,1.87,1,Business,Bachelor,0,1,3
24,0,34488.0,5.31,78.0,38.3,0,1,1.6,1.43,2,Business,Master,1,2,3
19,0,25000.0,3.21,96.5,28.0,0,1,7.8,2.51,2,Arts,High School,0,0,0
20,1,28050.0,4.23,82.3,42.0,0,0,4.4,2.82,2,Arts,Bachelor,0,1,0
21,1,31845.0,4.35,72.1,44.2,1,0,4.5,3.23,1,Engineering,High School,0,0,1
17,1,25000.0,3.62,67.1,23.2,1,0,5.1,0.54,1,CS,Bachelor,0,1,2
18,1,25000.0,4.02,89.2,22.8,1,0,3.3,2.11,2,Engineering,High School,0,0,1
18,0,26917.0,6.25,84.4,55.9,1,0,7.7,3.35,4,Business,Bachelor,0,1,3
22,0,30747.0,3.09,86.9,27.1,0,1,5.8,1.21,1,Science,Bachelor,0,1,4
22,0,25000.0,4.59,78.6,22.3,0,0,6.8,3.25,3,CS,Bachelor,0,1,2
21,0,27415.0,3.27,83.2,28.1,0,0,4.1,2.14,3,Arts,High School,0,0,0
22,1,25000.0,1.95,91.5,42.9,0,0,7.3,0.83,4,Arts,Bachelor,0,1,0
20,1,29362.0,5.38,82.0,38.6,1,1,8.1,2.7,1,Science,Bachelor,1,1,4
23,0,55335.0,4.53,72.8,28.5,0,1,3.2,3.55,1,Arts,Bachelor,0,1,0
21,0,101868.0,5.28,87.8,37.3,1,1,3.5,4.0,2,Business,Bachelor,0,1,3
21,0,44669.0,2.75,79.2,33.0,0,0,4.1,3.14,3,Arts,High School,0,0,0
20,1,25000.0,3.19,89.7,28.3,1,1,7.2,3.2,2,Arts,High School,0,0,0
22,0,25000.0,4.51,82.2,26.4,1,0,5.8,2.35,3,Arts,Bachelor,0,1,0
20,0,42514.0,5.01,88.9,31.8,0,1,5.4,4.0,2,Business,High School,0,0,3
23,1,39734.0,5.55,86.1,25.0,1,1,6.2,0.95,2,Engineering,Master,0,2,1
18,0,53766.0,3.87,92.4,30.8,0,0,9.0,1.04,2,Science,PhD,1,3,4
18,0,28046.0,4.65,89.7,29.4,1,0,2.4,3.36,1,Business,High School,0,0,3
22,0,29794.5,3.885,71.6,12.6,1,1,5.5,2.04,2,CS,Master,0,2,2
20,0,29718.0,4.05,67.0,23.6,1,1,5.5,4.0,4,Business,Bachelor,0,1,3
20,0,30798.0,4.37,81.4,26.9,1,0,6.4,1.79,3,Engineering,Master,0,2,1
23,0,25000.0,3.81,86.8,52.3,0,1,7.5,0.97,1,Science,Bachelor,1,1,4
19,1,72047.0,4.27,76.2,28.1,0,0,4.9,3.99,2,Arts,Bachelor,0,1,0
20,1,25000.0,5.8,85.6,33.3,0,0,6.7,1.79,3,Engineering,Master,1,2,1
24,1,25000.0,3.23,85.2,55.8,0,0,2.7,3.07,2,Science,Bachelor,0,1,4
24,1,47176.0,2.9,81.4,11.0,1,1,6.4,2.36,4,Engineering,PhD,0,3,1
24,0,51350.0,5.14,76.9,11.6,1,1,9.9,1.53,2,Engineering,High School,0,0,1
20,1,38117.0,5.96,73.8,20.7,1,0,4.8,2.57,2,Arts,Bachelor,0,1,0
23,0,25000.0,2.1,100.0,26.0,1,1,6.3,3.22,2,Science,Master,0,2,4
18,0,28701.0,3.56,65.0,27.2,1,0,4.4,1.42,4,Arts,High School,0,0,0
19,0,25162.0,4.41,72.1,23.9,1,0,5.8,1.47,4,Engineering,Master,0,2,1
17,0,25000.0,4.06,100.0,15.2,0,1,7.5,3.28,3,Arts,Master,0,2,0
24,1,69372.0,4.18,73.7,41.7,1,0,6.6,1.59,1,Business,High School,0,0,3
19,0,25000.0,4.09,77.5,24.6,0,0,5.3,2.17,4,Arts,High School,0,0,0
20,0,35942.0,3.05,87.4,44.2,1,0,5.3,2.98,4,Science,Bachelor,0,1,4
19,0,60866.0,0.67,85.8,17.8,1,0,3.3,3.13,1,Business,Bachelor,0,1,3
22,0,37379.0,3.97,85.5,53.5,1,1,7.3,1.88,3,CS,Bachelor,0,1,2
20,0,62609.0,3.7,94.0,10.0,0,1,6.8,1.57,2,Science,High School,0,0,4
18,0,41699.0,2.06,74.3,29.8,1,1,3.2,1.61,3,Arts,Bachelor,0,1,0
22,0,38469.0,3.12,83.4,18.0,0,0,5.8,2.9,1,Arts,Master,0,2,0
17,1,37053.0,5.16,81.6,30.4,1,1,3.8,3.45,1,Arts,Bachelor,0,1,0
19,0,42962.0,3.74,75.0,18.2,1,0,4.7,2.49,2,Business,Bachelor,0,1,3
17,0,25000.0,4.24,82.8,5.0,1,0,7.0,1.34,2,Business,Bachelor,0,1,3
17,1,25000.0,2.61,86.5,20.6,0,0,7.3,2.1,2,CS,Master,0,2,2
21,1,52703.0,4.77,86.7,49.2,1,0,6.8,2.11,2,Engineering,High School,0,0,1
17,0,59697.0,6.89,90.6,18.0,1,0,5.0,1.56,3,Science,Bachelor,0,1,4
17,0,34585.0,4.68,81.7,36.1,0,0,6.3,0.47,3,Arts,Master,0,2,0
21,1,25000.0,4.57,73.9,30.1,1,1,4.1,4.0,3,Science,High School,0,0,4
19,0,25000.0,4.33,70.9,24.5,1,0,6.9,0.04,2,Business,Bachelor,0,1,3
25,1,31303.0,3.14,78.3,54.5,0,1,5.5,1.96,2,Arts,Bachelor,0,1,0
25,0,25000.0,5.25,71.2,26.2,0,0,4.6,3.05,1,Engineering,Bachelor,0,1,1
19,1,25000.0,3.84,76.3,32.0,0,1,4.2,2.62,2,CS,Bachelor,1,1,2
22,1,29365.0,6.24,72.5,31.0,0,0,6.7,2.84,3,Science,High School,0,0,4
22,1,25000.0,6.32,76.8,48.9,0,1,5.3,2.0,3,Engineering,Bachelor,1,1,1
19,0,36577.0,3.3,96.3,12.0,0,0,4.6,2.49,4,Arts,Bachelor,0,1,0
17,0,30604.5,3.7,81.0,56.9,0,0,5.5,1.66,3,Science,Bachelor,1,1,4
21,0,25000.0,3.24,94.6,48.2,0,1,3.3,3.66,3,Business,Bachelor,0,1,3
20,1,25000.0,5.51,85.3,34.8,1,1,5.8,2.27,4,Science,High School,1,0,4
20,1,25000.0,2.85,77.0,37.4,1,1,6.0,1.02,2,Arts,Bachelor,0,1,0
22,0,29718.0,4.35,66.0,27.3,1,0,5.5,2.89,2,Engineering,Bachelor,0,1,1
19,1,25000.0,4.67,68.8,31.8,1,0,3.6,1.69,2,Arts,High School,0,0,0
18,0,25000.0,5.0,79.4,35.0,0,1,2.5,2.12,1,Business,High School,0,0,3
21,0,25000.0,2.67,71.5,19.1,1,0,7.7,1.41,1,Arts,Bachelor,0,1,0
21,1,28160.0,4.13,86.8,48.2,1,0,5.5,4.0,2,Business,Master,0,2,3
18,0,34346.0,4.28,78.5,32.7,1,0,7.5,1.83,4,Business,Bachelor,1,1,3
23,0,25000.0,2.52,79.6,31.7,1,1,8.4,0.33,4,Arts,Bachelor,1,1,0
17,0,38378.0,5.5,78.7,19.6,1,0,6.3,0.24,2,CS,High School,1,0,2
19,1,25000.0,6.09,89.2,44.0,0,0,5.4,1.96,4,Business,Bachelor,0,1,3
20,1,25000.0,4.08,74.9,29.4,1,1,5.9,3.18,2,Science,Bachelor,0,1,4
19,1,27780.0,3.83,74.4,23.7,1,0,4.3,2.54,2,Arts,Master,0,2,0
19,1,44901.0,3.52,84.7,17.0,1,1,4.1,3.17,4,Science,Master,0,2,4
25,1,50033.0,7.29,90.7,28.1,0,0,4.7,3.87,2,Business,Bachelor,0,1,3
19,0,29219.0,4.05,69.7,16.0,1,0,5.5,2.85,3,Arts,High School,0,0,0
26,1,25000.0,3.07,99.5,34.1,1,0,2.5,3.01,1,Arts,Master,0,2,0
22,1,27543.0,1.93,74.5,39.3,1,0,3.3,1.1,2,Business,Master,1,2,3
21,1,25000.0,3.45,64.7,25.3,0,0,3.2,1.01,4,Engineering,Bachelor,0,1,1
22,1,25000.0,3.45,85.9,32.8,0,0,3.1,3.02,3,Arts,Bachelor,0,1,0
26,1,34103.0,4.33,80.8,44.6,0,1,6.6,3.26,4,Arts,Bachelor,0,1,0
18,0,25000.0,4.06,85.8,27.9,1,0,4.9,2.98,1,Science,High School,0,0,4
18,0,62282.0,5.49,88.9,28.7,0,0,5.2,2.14,3,Business,Bachelor,0,1,3
19,1,25000.0,0.5,69.8,30.1,0,1,6.2,0.28,1,Business,Bachelor,1,1,3
21,1,39808.0,4.7,79.7,24.7,1,1,7.0,3.0,3,CS,PhD,0,3,2
17,1,25000.0,5.16,86.7,25.8,1,0,6.3,0.79,2,Arts,Master,1,2,0
21,0,25000.0,1.66,84.0,20.8,1,1,8.4,2.44,3,CS,Bachelor,0,1,2
24,0,41088.0,2.87,80.6,35.2,1,0,5.6,2.03,2,Arts,High School,0,0,0
21,1,25000.0,3.37,87.9,29.1,1,1,5.9,1.62,4,Science,Bachelor,0,1,4
20,1,25000.0,4.66,90.0,37.2,0,0,4.4,3.97,3,CS,Master,0,2,2
19,1,25000.0,3.46,65.6,42.3,1,0,2.1,2.69,3,Engineering,Master,0,2,1
23,0,86770.0,3.96,94.6,17.4,1,0,5.6,2.85,3,Arts,Bachelor,0,1,0
19,1,25000.0,2.98,72.2,20.0,0,1,7.1,2.53,4,CS,High School,1,0,2
25,1,30667.0,4.08,86.8,38.3,0,0,4.2,3.93,2,Arts,Bachelor,0,1,0
25,1,26340.0,3.18,79.4,26.9,0,0,4.6,2.15,2,Business,Master,0,2,3
21,0,33957.0,2.86,92.0,31.0,1,0,7.2,0.09,2,Arts,High School,1,0,0
21,0,25000.0,4.18,87.8,31.0,0,1,5.4,3.46,3,Business,Master,0,2,3
23,1,26358.0,5.12,86.7,18.6,1,1,3.8,2.57,3,CS,High School,0,0,2
23,0,37661.0,4.34,83.8,36.1,0,1,3.8,3.98,4,Arts,Bachelor,0,1,0
19,1,25000.0,3.71,77.7,33.0,1,0,6.7,1.47,4,Business,Master,0,2,3
19,0,57159.0,5.31,74.1,17.9,1,0,5.3,2.1,2,Business,Master,0,2,3
18,1,60554.0,3.4,70.9,28.0,1,0,5.2,2.87,2,CS,Bachelor,0,1,2
21,0,29590.0,4.03,77.0,28.7,1,1,5.5,3.35,1,Science,Bachelor,1,1,4
22,0,31006.0,5.52,89.3,39.0,0,0,6.4,1.73,1,Business,Bachelor,1,1,3
18,1,25000.0,3.44,74.0,44.1,1,0,7.4,1.91,2,Business,Bachelor,1,1,3
20,1,38352.0,3.3,91.7,29.9,1,0,4.8,3.26,3,Engineering,Bachelor,0,1,1
18,0,25000.0,4.97,73.8,9.8,1,0,6.2,0.06,2,CS,Bachelor,1,1,2
19,0,25648.0,2.7,80.7,38.7,1,0,4.8,2.72,2,CS,Bachelor,0,1,2
22,1,25000.0,5.56,85.6,56.4,0,1,6.6,1.97,2,Business,Bachelor,0,1,3
19,0,39981.0,1.48,90.2,38.6,1,0,6.4,1.5,4,Science,High School,0,0,4
20,1,25000.0,4.1,79.1,26.7,0,1,4.8,2.23,1,Engineering,High School,0,0,1
17,0,31922.0,3.15,85.8,34.8,0,0,1.7,0.9,4,Arts,High School,0,0,0
21,1,51164.0,4.44,83.7,39.6,1,0,4.1,4.0,3,Science,PhD,0,3,4
20,1,25000.0,5.9,80.0,31.4,1,0,6.1,2.7,2,Science,Master,0,2,4
19,1,61675.0,2.5,73.7,45.8,1,1,7.1,0.89,2,Arts,Bachelor,1,1,0
20,0,25000.0,2.17,85.5,16.4,1,0,4.4,2.27,1,Engineering,Bachelor,0,1,1
21,1,42628.0,5.5,82.2,25.2,1,1,7.9,2.59,4,Science,Bachelor,0,1,4
19,0,25000.0,3.7,79.4,35.5,1,0,8.2,0.52,2,Science,High School,0,0,4
17,1,55198.0,3.89,82.9,38.4,1,0,6.8,0.03,3,CS,Master,1,2,2
25,0,50292.0,3.65,86.6,23.4,1,1,3.5,3.08,4,Arts,High School,0,0,0
19,1,39380.0,3.53,68.6,24.6,1,0,6.8,1.93,4,Arts,Bachelor,0,1,0
20,0,25000.0,2.81,77.6,22.0,1,0,4.5,4.0,2,Engineering,High School,0,0,1
23,1,25000.0,3.68,74.2,21.1,1,0,4.4,4.0,2,CS,High School,0,0,2
28,0,25000.0,2.9,74.8,36.2,1,0,6.3,2.66,4,Arts,Master,0,2,0
18,0,57883.0,5.3,75.7,29.5,1,0,6.3,3.26,4,Business,Bachelor,0,1,3
22,0,32144.0,3.28,90.8,45.6,1,0,6.3,1.77,1,Business,High School,1,0,3
19,0,25000.0,5.7,84.7,16.9,1,0,6.7,2.26,4,CS,Bachelor,0,1,2
19,0,25000.0,4.87,73.2,28.1,1,0,5.4,2.38,4,CS,High School,0,0,2
19,0,63063.0,2.7,83.5,38.8,0,1,2.9,4.0,1,Engineering,High School,0,0,1
18,1,29590.0,3.9850000000000003,85.4,34.1,1,1,5.5,1.13,4,CS,Bachelor,1,1,2
20,0,25000.0,3.71,79.1,16.8,1,1,4.8,1.86,3,Engineering,Bachelor,1,1,1
17,1,25000.0,3.05,71.7,43.8,0,1,4.2,2.36,1,Engineering,Bachelor,0,1,1
23,0,25000.0,3.04,73.3,31.2,1,0,3.3,3.9,4,CS,Master,0,2,2
21,1,25000.0,5.09,69.3,53.0,1,1,5.8,1.63,4,CS,High School,0,0,2
21,0,27079.0,4.36,99.1,28.4,0,1,5.6,3.26,1,Engineering,High School,0,0,1
20,1,129440.0,5.6,68.2,43.9,0,0,5.3,1.14,3,Business,Bachelor,1,1,3
20,1,25000.0,2.61,72.0,25.7,1,0,8.2,0.0,1,Business,Master,1,2,3
21,0,26593.0,1.62,81.8,27.2,0,1,6.7,0.86,4,Business,High School,0,0,3
18,1,65327.0,3.05,67.4,35.9,1,0,3.7,2.8,2,Science,Bachelor,0,1,4
20,0,46605.0,5.4,72.7,9.6,0,0,9.2,1.73,4,Business,Master,0,2,3
19,1,27194.0,3.18,82.9,5.8,1,1,2.8,3.36,1,Arts,Master,0,2,0
19,0,27233.0,6.13,83.6,21.9,1,1,5.3,3.85,4,Engineering,Bachelor,0,1,1
17,0,25000.0,3.31,85.3,14.4,0,0,4.2,3.77,3,Arts,Master,0,2,0
23,0,25321.0,4.76,87.7,5.0,1,1,6.2,2.45,4,Business,Bachelor,0,1,3
19,1,34409.0,3.97,81.7,38.9,1,0,6.6,3.34,4,Business,Master,0,2,3
23,0,57703.0,1.45,76.5,20.5,1,0,4.8,1.09,1,CS,Bachelor,0,1,2
23,1,25000.0,3.14,85.7,25.9,0,0,7.4,1.99,1,Arts,Bachelor,1,1,0
18,1,26532.0,4.62,93.1,31.7,1,1,5.9,1.64,4,Business,Master,0,2,3
18,0,25000.0,3.94,86.9,36.1,0,0,8.1,2.8,2,Engineering,Bachelor,0,1,1
26,1,34037.0,3.43,75.1,33.4,1,1,7.2,2.39,4,Business,Bachelor,0,1,3
24,1,47585.0,3.78,86.9,32.4,0,0,4.7,1.23,4,CS,High School,0,0,2
20,1,43382.0,4.2,86.5,35.6,1,1,7.4,2.58,3,Science,High School,0,0,4
21,1,25000.0,0.5,72.1,24.0,0,0,4.3,2.13,3,Arts,Master,0,2,0
19,1,32471.0,3.27,80.1,21.4,1,0,6.6,0.75,1,Business,High School,1,0,3
22,1,25000.0,2.95,86.5,5.0,0,0,6.4,3.32,3,Engineering,Bachelor,0,1,1
19,0,54537.0,4.9,91.3,37.7,1,1,4.6,2.94,4,Engineering,Bachelor,0,1,1
17,0,26990.0,4.99,76.8,21.8,1,0,1.9,3.16,4,Science,Master,0,2,4
18,0,25000.0,4.22,70.3,53.8,0,0,8.2,0.66,4,Science,Master,1,2,4
21,0,26059.0,4.15,86.1,38.9,1,0,6.3,2.41,4,Engineering,Bachelor,0,1,1
18,0,39147.0,1.38,80.0,41.4,0,1,5.5,3.15,3,Business,High School,0,0,3
20,1,34420.0,2.82,83.9,38.5,1,1,5.5,3.02,4,Business,Bachelor,0,1,3
18,0,25000.0,3.54,83.5,36.4,1,0,7.3,2.53,3,Science,Bachelor,0,1,4
19,1,25000.0,3.86,83.2,35.7,1,1,9.4,0.17,3,Engineering,Master,1,2,1
22,1,25000.0,3.99,78.7,36.8,0,0,7.1,0.85,4,Arts,Bachelor,1,1,0
21,0,25000.0,1.47,89.3,32.1,0,0,6.2,3.07,4,Business,High School,0,0,3
21,0,25000.0,5.27,75.2,22.6,0,1,6.0,3.97,2,CS,Bachelor,0,1,2
22,1,53213.0,2.67,84.1,15.9,1,1,6.2,2.56,3,Business,Master,0,2,3
22,1,25000.0,1.05,85.1,35.1,1,0,3.7,2.62,2,Business,Master,0,2,3
24,1,31996.0,5.02,80.4,45.5,1,0,6.6,2.66,1,Science,Bachelor,0,1,4
20,0,30717.0,2.81,88.3,28.5,1,0,3.1,1.92,4,Arts,Bachelor,0,1,0
20,1,52439.0,4.9,78.3,31.8,1,1,6.3,3.24,3,CS,Bachelor,0,1,2
18,0,57161.0,1.73,100.0,14.2,1,0,4.7,3.12,1,Science,Master,0,2,4
20,1,45143.0,3.47,83.9,24.6,0,0,7.1,1.42,1,Business,High School,1,0,3
23,1,36745.0,2.75,91.9,15.3,1,1,6.2,1.83,3,Engineering,High School,0,0,1
23,0,25000.0,4.51,89.1,16.1,0,0,4.9,1.85,1,Arts,High School,0,0,0
23,0,25000.0,2.84,93.4,31.2,1,0,3.7,1.47,3,Engineering,High School,1,0,1
17,0,25000.0,4.51,82.7,29.3,1,0,8.2,2.01,3,CS,High School,0,0,2
23,0,46684.0,3.45,91.0,39.5,1,0,5.3,3.08,1,Arts,Master,0,2,0
17,1,31070.0,3.15,93.6,39.2,0,1,8.6,0.9,3,Science,High School,0,0,4
23,0,50071.0,5.17,84.3,19.5,0,1,3.3,2.46,2,Arts,High School,0,0,0
20,1,54268.0,6.54,76.4,6.8,1,1,5.0,2.01,4,Science,Master,0,2,4
22,0,25000.0,3.53,96.6,18.6,1,0,1.4,3.99,2,Business,Bachelor,0,1,3
18,1,30310.0,2.99,82.2,21.5,1,0,6.9,2.78,3,Science,High School,0,0,4
23,1,29219.0,3.965,82.6,36.6,1,0,5.5,2.49,4,Science,High School,0,0,4
17,1,25000.0,4.14,84.2,37.3,0,0,4.4,2.99,2,Science,Bachelor,0,1,4
19,1,25000.0,1.67,75.7,29.4,0,0,4.3,3.02,3,Arts,High School,0,0,0
18,0,60528.0,2.68,84.7,38.9,0,1,4.8,1.81,1,Engineering,High School,0,0,1
17,1,30674.0,2.04,84.8,60.7,0,0,5.1,3.49,4,Business,Master,0,2,3
21,0,29968.0,2.5,81.9,28.6,0,0,4.5,0.5,3,Business,Master,1,2,3
25,0,25000.0,5.89,81.5,27.2,0,1,7.4,2.77,3,Science,High School,0,0,4
26,0,44584.0,1.03,80.2,19.9,1,1,4.7,0.84,2,CS,Master,0,2,2
21,1,25000.0,4.48,79.0,33.8,0,1,2.1,4.0,1,Arts,Bachelor,0,1,0
23,1,39063.0,3.52,87.8,43.6,0,1,5.0,0.77,2,Science,Master,0,2,4
21,1,39709.0,4.32,84.3,24.0,1,0,4.6,3.27,3,Science,Master,0,2,4
22,0,25000.0,2.48,89.4,25.3,0,1,3.1,0.97,2,Business,High School,1,0,3
20,0,35975.0,3.4,77.8,23.7,0,0,5.8,2.21,3,Arts,High School,0,0,0
21,1,33236.0,5.59,91.0,16.2,0,0,2.0,4.0,2,Arts,High School,0,0,0
22,0,29039.0,3.41,89.1,31.6,1,0,6.2,2.84,4,Business,High School,0,0,3
19,0,29964.0,5.83,80.1,32.0,1,0,5.4,2.73,1,Engineering,Master,0,2,1
20,1,30855.0,0.5,76.7,29.5,1,0,4.5,0.23,3,Business,High School,1,0,3
20,0,30885.0,4.01,86.8,52.1,0,1,5.5,2.31,2,CS,High School,0,0,2
22,0,30827.0,4.05,69.3,34.8,1,1,2.9,2.28,4,Business,Bachelor,0,1,3
18,0,25000.0,2.13,78.7,16.6,0,0,7.1,0.38,3,CS,Bachelor,1,1,2
20,0,27138.0,5.19,84.2,37.6,0,1,5.0,2.02,2,CS,Master,0,2,2
25,0,34856.0,3.03,80.8,25.9,1,0,2.5,3.51,4,Science,High School,0,0,4
23,1,31520.0,4.3,73.4,26.1,1,0,5.5,0.87,1,CS,Master,0,2,2
24,1,52694.0,2.72,82.7,27.9,0,0,5.0,3.95,3,Engineering,High School,0,0,1
21,0,43133.0,3.34,74.0,26.6,1,0,8.0,1.08,3,Arts,Bachelor,0,1,0
21,1,25000.0,4.92,84.1,33.2,0,0,4.8,2.18,4,Engineering,Bachelor,0,1,1
23,1,30604.5,3.91,78.9,55.4,0,0,5.5,1.34,4,Engineering,Bachelor,0,1,1
24,0,25000.0,2.83,80.9,25.6,0,1,5.1,1.66,1,Science,Bachelor,0,1,4
17,1,29655.0,5.62,75.4,31.1,1,0,3.4,2.78,3,Business,Master,0,2,3
18,1,29679.0,5.74,88.2,32.8,0,1,6.3,2.78,4,Arts,Bachelor,0,1,0
23,0,42912.0,4.83,80.8,23.8,1,0,7.7,3.28,2,CS,Bachelor,0,1,2
20,0,33071.0,5.0,76.1,25.2,0,0,7.1,1.69,3,Arts,High School,0,0,0
19,0,62213.0,3.08,81.0,41.9,1,1,6.1,3.39,3,Science,High School,0,0,4
18,1,34358.0,2.74,95.9,23.9,1,0,7.3,2.27,4,Arts,High School,0,0,0
19,0,25000.0,3.39,84.7,19.3,0,1,5.8,1.45,3,Engineering,High School,1,0,1
17,1,25000.0,4.35,90.6,51.4,1,0,5.6,4.0,1,Arts,Master,0,2,0
25,1,42714.0,3.61,69.1,15.5,1,0,2.8,2.18,3,Business,Bachelor,0,1,3
21,0,25000.0,3.03,80.4,40.6,0,0,5.9,0.36,2,Science,Master,1,2,4
20,1,25000.0,3.09,74.0,27.6,1,0,8.2,0.23,3,Science,Master,1,2,4
22,1,29924.0,3.6,77.8,15.4,0,0,2.6,3.74,4,Science,High School,0,0,4
23,0,52604.0,5.12,75.9,25.5,1,1,3.1,0.67,1,Engineering,Bachelor,0,1,1
23,1,65135.0,2.6,92.3,27.3,1,1,4.9,3.16,2,Business,Bachelor,0,1,3
23,0,26101.0,4.74,87.7,10.4,0,0,3.1,3.73,3,Engineering,Bachelor,0,1,1
19,0,56190.0,4.68,76.0,35.1,1,1,6.7,3.07,2,CS,Bachelor,0,1,2
20,0,31050.0,3.32,78.3,33.9,0,0,2.4,3.61,3,Business,PhD,0,3,3
22,1,25000.0,4.38,84.9,25.8,0,0,6.7,3.41,4,Business,Bachelor,0,1,3
19,1,29589.0,5.54,89.1,35.7,1,0,7.3,2.61,2,Business,Master,0,2,3
21,0,25000.0,3.58,90.3,32.4,0,1,6.7,0.34,2,Science,Master,1,2,4
21,0,51583.0,3.0,87.1,45.5,0,0,5.5,1.28,1,Business,Bachelor,1,1,3
22,0,29278.0,2.75,96.5,17.1,0,1,6.5,1.22,3,CS,Bachelor,0,1,2
17,1,25000.0,2.9,85.4,26.5,1,0,3.4,1.71,3,Arts,Bachelor,1,1,0
22,1,25000.0,5.03,78.4,42.0,0,0,6.0,3.94,3,Business,High School,0,0,3
20,1,29361.0,3.93,75.5,36.5,0,0,4.4,2.27,1,Business,Bachelor,0,1,3
22,1,25000.0,1.92,73.4,5.0,0,1,7.1,0.99,2,Science,Master,1,2,4
22,1,25000.0,5.63,72.3,10.0,0,0,6.8,1.67,3,Engineering,High School,1,0,1
24,0,34153.0,3.77,87.4,30.0,1,0,4.0,3.55,1,CS,High School,0,0,2
24,0,25000.0,4.62,94.7,49.7,1,1,6.1,1.85,4,Engineering,Bachelor,0,1,1
24,1,53981.0,4.78,82.8,24.8,1,0,6.2,2.32,4,CS,Bachelor,0,1,2
24,1,60755.0,2.92,96.6,37.8,1,0,4.6,2.74,2,Arts,Master,0,2,0
21,0,25000.0,2.4,82.2,31.0,0,1,5.5,2.52,3,Science,PhD,0,3,4
21,1,25000.0,2.74,86.9,36.9,1,1,6.4,2.06,2,Business,High School,0,0,3
22,1,54004.0,3.75,69.3,42.8,1,1,4.7,1.64,1,Arts,Bachelor,0,1,0
22,0,29709.0,4.57,88.5,41.3,1,1,3.9,3.69,3,Business,PhD,0,3,3
20,1,25000.0,6.42,76.9,40.9,1,1,5.9,1.66,2,Engineering,Bachelor,1,1,1
21,1,27283.0,5.17,88.6,22.6,1,1,8.2,0.8,3,Science,Master,1,2,4
20,0,29590.0,4.22,92.3,28.2,1,1,5.5,0.59,1,Engineering,Bachelor,1,1,1
19,0,57810.0,3.8,84.4,36.2,1,0,4.9,3.33,4,CS,Bachelor,0,1,2
23,0,42769.0,1.04,85.5,35.8,1,1,4.1,1.91,4,Science,Bachelor,0,1,4
21,0,25000.0,5.25,82.9,37.1,0,1,7.6,0.59,4,Science,Master,1,2,4
25,1,32380.0,3.74,87.1,8.8,1,1,7.1,2.07,2,Science,Master,0,2,4
17,0,25000.0,4.05,97.0,44.4,0,0,5.2,3.33,2,Science,Master,0,2,4
19,0,25000.0,3.69,82.1,9.6,0,0,4.1,1.57,4,Engineering,High School,0,0,1
21,0,75506.0,4.1,83.3,21.0,1,0,4.1,3.19,4,Arts,Bachelor,0,1,0
23,0,30703.0,3.11,67.8,32.3,0,0,4.0,2.42,1,Arts,Master,0,2,0
21,0,51951.0,4.13,85.4,29.6,0,1,4.6,2.85,4,CS,High School,0,0,2
21,1,34174.0,2.76,75.8,47.0,1,0,4.5,2.89,3,Business,Master,0,2,3
18,0,65419.0,4.38,80.4,16.0,0,1,4.2,2.65,2,Science,Bachelor,1,1,4
18,1,25000.0,4.35,85.8,25.6,0,0,7.5,1.24,3,Engineering,Bachelor,1,1,1
21,1,26558.0,4.62,69.1,6.4,1,1,8.4,0.91,4,Engineering,High School,0,0,1
18,0,79767.0,3.87,85.7,31.6,0,0,3.5,3.59,3,Engineering,Master,0,2,1
19,1,52770.0,5.35,84.0,27.5,1,1,4.5,2.54,1,Science,Bachelor,0,1,4
22,1,65856.0,6.36,87.6,15.1,1,0,3.8,1.66,2,Arts,Bachelor,0,1,0
18,0,29612.0,2.01,76.9,45.7,1,1,6.1,1.54,4,Science,Bachelor,0,1,4
24,0,25000.0,2.35,90.9,43.0,0,0,4.9,0.42,1,CS,High School,0,0,2
23,1,25000.0,3.78,84.4,30.9,1,1,3.6,2.36,3,Engineering,Master,0,2,1
17,1,25000.0,3.41,76.3,43.7,0,0,8.5,1.36,1,CS,Bachelor,1,1,2
18,0,48254.0,4.62,71.0,28.9,1,1,6.4,2.97,3,Arts,Bachelor,0,1,0
17,0,40454.0,4.62,77.7,38.6,1,0,3.7,3.87,4,Engineering,PhD,0,3,1
19,0,28568.0,4.39,89.0,40.4,1,0,8.2,3.43,1,Arts,High School,0,0,0
22,0,40333.0,1.84,85.6,17.2,1,0,3.4,2.46,4,Engineering,High School,0,0,1
20,1,32386.0,4.26,64.8,35.2,1,0,6.6,0.0,2,Arts,High School,1,0,0
22,0,52962.0,6.41,79.3,32.0,1,0,9.9,3.64,3,Engineering,Bachelor,0,1,1
17,0,52660.0,4.67,83.0,17.7,0,1,5.3,2.38,1,Science,Bachelor,0,1,4
22,0,25000.0,3.91,97.3,14.7,1,1,5.0,3.34,3,Engineering,Master,0,2,1
19,0,35038.0,4.8,92.3,36.0,1,0,5.8,3.25,3,Engineering,High School,0,0,1
21,0,25000.0,2.88,80.6,26.6,1,0,9.5,1.44,3,Science,High School,1,0,4
20,0,32203.0,4.54,83.4,12.4,1,0,8.2,2.65,1,Arts,Bachelor,0,1,0
18,0,42727.0,3.97,71.1,37.0,0,0,4.7,1.03,1,Science,Master,0,2,4
18,1,25000.0,2.51,61.0,41.2,0,1,6.0,1.68,1,CS,High School,0,0,2
23,1,25000.0,4.32,78.8,15.9,1,1,7.2,1.56,4,CS,High School,0,0,2
21,0,29219.0,3.995,75.0,30.0,1,0,5.5,1.89,1,Arts,High School,0,0,0
23,1,34213.0,5.05,83.4,48.2,0,0,3.5,3.09,4,Engineering,Master,0,2,1
21,0,25156.0,4.17,76.0,19.1,0,0,7.5,3.11,2,Business,Bachelor,0,1,3
21,0,25000.0,4.27,89.3,50.5,1,1,6.4,3.43,1,Science,Bachelor,0,1,4
17,0,28785.0,4.19,96.3,26.1,1,0,6.1,3.04,3,CS,High School,0,0,2
20,0,25000.0,4.17,70.1,29.2,0,0,7.5,0.99,4,CS,High School,1,0,2
20,1,25859.0,5.48,81.6,13.3,1,0,3.4,3.92,1,CS,Master,0,2,2
25,0,29794.5,4.279999999999999,77.7,13.7,1,1,5.5,3.16,3,CS,Master,0,2,2
22,0,27431.0,2.78,82.4,22.1,0,0,10.0,0.39,1,Business,Bachelor,0,1,3
24,1,25000.0,3.84,78.4,40.6,0,1,6.5,2.02,3,Business,Bachelor,0,1,3
22,1,25000.0,2.17,100.0,58.1,1,0,6.6,2.28,1,Business,Bachelor,0,1,3
19,0,25000.0,5.94,81.0,61.3,0,0,5.7,3.96,3,Arts,Master,0,2,0
21,0,51974.0,3.09,84.4,28.5,1,0,2.2,4.0,2,Science,Bachelor,0,1,4
21,0,63378.0,3.01,83.3,25.7,1,0,4.0,3.84,4,Science,High School,0,0,4
18,0,128489.0,6.37,72.0,18.2,0,1,7.1,2.51,4,Engineering,Bachelor,0,1,1
20,0,82042.0,3.23,83.6,43.4,0,0,4.5,2.66,3,Engineering,Master,0,2,1
20,0,25000.0,2.77,70.2,21.3,1,0,5.2,3.16,1,Arts,Master,0,2,0
24,1,25000.0,4.86,96.4,27.2,1,0,6.0,3.52,4,Engineering,PhD,0,3,1
17,1,29329.0,3.99,89.2,36.0,0,1,3.7,3.1,3,CS,Bachelor,0,1,2
23,1,28245.0,2.84,77.4,35.4,1,0,3.2,2.17,3,Arts,High School,0,0,0
18,0,30999.0,4.44,80.7,22.7,1,0,5.5,2.25,3,Arts,Bachelor,1,1,0
18,0,126065.0,4.82,90.2,28.9,0,1,4.8,3.22,3,Arts,Bachelor,0,1,0
23,0,25000.0,5.12,84.2,23.0,1,0,5.9,1.88,3,CS,Master,0,2,2
22,1,25000.0,4.33,68.8,20.0,0,0,2.9,1.91,4,Science,Master,0,2,4
23,0,79722.0,5.15,83.3,17.7,1,0,4.5,3.37,2,Arts,Master,0,2,0
22,1,25000.0,5.1,90.7,12.3,1,0,6.7,2.15,1,Engineering,Master,1,2,1
25,1,37652.0,3.4,63.3,34.3,1,0,10.0,1.5,2,CS,Bachelor,1,1,2
22,1,55315.0,6.22,83.1,27.1,0,1,5.7,2.59,1,Engineering,Master,0,2,1
20,1,39811.0,4.85,75.3,16.4,1,0,6.7,1.47,2,Arts,High School,0,0,0
21,1,33358.0,5.81,92.1,15.3,1,0,6.4,3.32,2,Science,High School,0,0,4
23,1,52217.0,3.82,78.4,15.1,1,1,6.0,2.11,1,Arts,Master,0,2,0
19,1,25000.0,5.1,77.6,22.7,1,1,6.7,2.06,3,Arts,High School,1,0,0
19,0,25000.0,4.35,88.6,43.5,1,1,3.8,4.0,4,Science,Bachelor,0,1,4
20,0,41002.0,5.26,74.8,21.8,1,0,4.9,1.61,3,Arts,Bachelor,1,1,0
17,1,25000.0,3.46,82.7,36.7,0,1,5.9,1.91,4,CS,Bachelor,1,1,2
21,1,69560.0,3.28,84.2,48.7,1,0,3.8,3.67,1,Arts,Bachelor,0,1,0
17,0,35669.0,5.6,80.4,32.0,0,0,6.3,0.31,1,Arts,Master,1,2,0
21,0,32592.0,4.32,71.6,20.8,1,0,2.1,3.71,4,Business,Bachelor,0,1,3
22,1,25000.0,5.28,75.0,28.9,1,0,7.0,0.79,2,CS,High School,1,0,2
20,1,25000.0,2.17,81.0,29.5,1,1,5.2,0.93,1,Science,High School,0,0,4
24,0,25000.0,2.95,66.8,50.7,1,1,6.7,0.31,4,Engineering,Master,1,2,1
17,1,48265.0,3.32,82.7,9.2,1,0,7.3,1.71,1,Business,High School,0,0,3
23,1,29684.0,4.13,79.9,43.4,1,0,5.5,2.83,3,Business,Bachelor,0,1,3
22,1,47716.0,5.64,86.6,9.1,1,0,6.0,2.11,1,Business,High School,1,0,3
17,0,25000.0,4.11,87.2,39.7,0,1,2.4,2.91,1,Engineering,Bachelor,0,1,1
27,0,26002.0,4.63,73.0,25.1,1,1,2.3,3.33,3,Engineering,Bachelor,0,1,1
20,0,34619.0,4.22,77.8,51.9,1,0,3.2,1.87,3,Science,High School,0,0,4
19,0,34947.0,2.7,74.6,38.1,1,1,6.8,1.05,4,Arts,High School,1,0,0
17,0,25000.0,4.08,77.8,36.9,0,1,3.0,3.58,4,Business,Bachelor,0,1,3
20,1,43258.0,2.83,80.0,18.7,0,1,5.1,1.98,3,Business,High School,0,0,3
20,0,25000.0,3.5,91.0,51.7,1,0,4.7,2.44,4,CS,Bachelor,0,1,2
21,1,25000.0,3.71,77.2,63.8,0,0,6.1,0.93,1,Engineering,Bachelor,1,1,1
20,1,32605.0,6.15,89.1,54.1,0,1,6.8,2.87,2,Engineering,Master,0,2,1
22,0,25000.0,4.21,84.1,18.0,0,0,5.7,2.86,2,Business,Bachelor,0,1,3
20,1,25000.0,3.47,93.1,27.7,1,0,6.9,2.71,4,CS,High School,0,0,2
17,1,46855.0,4.8,79.2,15.7,1,0,3.5,3.91,4,CS,Master,0,2,2
20,1,25000.0,3.14,75.5,22.7,1,0,7.3,2.94,3,Engineering,PhD,0,3,1
17,0,28552.0,7.45,83.2,33.4,0,0,5.7,3.92,4,Arts,Master,0,2,0
21,1,32592.0,4.56,69.1,38.8,0,0,6.9,0.0,3,Science,High School,1,0,4
18,0,30088.0,0.79,83.3,36.4,0,0,4.6,1.0,4,Arts,High School,1,0,0
21,1,59958.0,2.95,86.5,9.4,1,0,1.8,3.33,2,Arts,High School,0,0,0
23,0,28797.0,6.34,90.8,29.6,1,0,6.7,3.55,1,Science,High School,0,0,4
18,1,38425.0,4.19,85.2,36.2,0,0,5.2,4.0,2,CS,Bachelor,1,1,2
23,0,28752.0,3.39,80.9,41.4,0,0,7.7,2.3,2,Engineering,Master,1,2,1
20,0,42949.0,4.53,97.5,35.1,0,1,6.3,3.44,2,Engineering,Bachelor,0,1,1
24,1,68603.0,1.93,81.9,35.9,1,0,10.0,0.0,4,Engineering,Bachelor,1,1,1
20,1,32290.0,2.74,73.5,27.1,1,0,7.8,1.73,1,Business,High School,0,0,3
19,0,47530.0,2.17,81.7,33.3,1,0,5.1,2.7,2,CS,High School,0,0,2
22,0,71196.0,3.52,71.2,61.0,1,0,2.6,3.91,1,Engineering,Bachelor,0,1,1
20,1,67125.0,6.09,72.1,44.5,0,1,3.9,3.71,2,Engineering,Bachelor,0,1,1
19,1,25000.0,4.78,83.9,34.4,1,0,3.8,2.08,2,CS,Master,0,2,2
19,0,55374.0,4.62,71.4,38.7,0,1,4.6,2.57,2,Arts,Bachelor,0,1,0
20,1,34519.0,3.14,77.1,30.9,0,1,5.3,3.69,2,CS,Bachelor,1,1,2
24,0,58124.0,5.01,72.7,30.9,0,0,6.1,0.13,2,Engineering,High School,1,0,1
17,0,41822.0,2.99,83.1,41.4,0,1,8.0,0.01,3,Science,Master,1,2,4
21,1,35081.0,3.73,76.3,22.8,0,0,3.9,0.07,2,Business,Bachelor,1,1,3
22,1,38576.0,4.98,86.3,28.4,1,0,3.0,3.38,2,Science,Bachelor,0,1,4
21,1,34653.0,3.89,85.6,13.6,0,1,7.0,0.85,1,Engineering,PhD,0,3,1
23,0,35476.0,5.19,71.6,39.3,1,1,7.9,2.3,4,Business,High School,0,0,3
20,1,27030.0,3.74,89.4,42.8,1,0,4.6,2.81,4,Engineering,High School,0,0,1
20,0,25565.0,5.77,80.6,37.2,1,1,7.4,1.97,2,CS,Bachelor,0,1,2
22,1,85640.0,4.54,72.2,27.2,0,0,6.9,2.13,2,Business,High School,1,0,3
21,0,39597.0,2.85,85.0,29.5,1,1,2.4,3.04,1,CS,Bachelor,0,1,2
20,0,25000.0,3.29,96.1,31.8,1,0,4.4,2.32,4,CS,Bachelor,0,1,2
22,1,25174.0,3.71,80.4,43.1,0,1,4.6,1.39,3,Science,Bachelor,0,1,4
19,0,56036.0,5.24,68.8,42.4,1,0,9.1,0.45,2,Science,Bachelor,1,1,4
19,1,25000.0,6.39,89.4,12.8,1,0,6.4,1.97,3,Arts,Bachelor,0,1,0
19,1,25000.0,2.07,94.6,19.5,1,0,4.6,1.98,1,Engineering,High School,0,0,1
24,0,25000.0,3.5,73.4,35.2,1,0,4.2,3.75,2,Business,Master,0,2,3
17,1,25000.0,5.59,75.6,13.9,0,1,2.7,3.55,1,Science,High School,0,0,4
21,0,25000.0,3.93,82.3,41.0,1,1,7.4,2.61,2,CS,High School,0,0,2
21,0,25000.0,3.8,66.5,26.7,0,0,6.2,0.71,1,Arts,Bachelor,1,1,0
17,1,68264.0,4.75,98.7,38.5,0,0,6.6,3.1,3,Science,High School,0,0,4
21,1,28920.0,2.25,81.6,30.4,1,0,3.2,0.08,2,Arts,Bachelor,0,1,0
22,0,25000.0,4.79,82.3,28.8,1,0,6.8,3.97,3,Science,Bachelor,0,1,4
22,1,29684.0,4.13,84.9,17.0,1,0,5.5,2.42,2,Business,Bachelor,0,1,3
17,0,27286.0,4.26,79.9,23.4,0,0,4.2,2.28,4,Engineering,Bachelor,0,1,1
24,1,25000.0,5.4,77.9,28.6,0,0,6.4,1.77,3,Engineering,High School,1,0,1
19,1,25000.0,3.91,74.5,28.2,1,0,3.3,2.95,2,Science,Bachelor,0,1,4
22,0,102611.0,4.05,72.6,38.7,0,0,5.8,1.52,2,Science,High School,1,0,4
22,1,44280.0,4.23,85.3,22.3,0,1,5.0,0.94,1,Arts,Bachelor,0,1,0
19,0,26216.0,1.34,92.8,29.6,1,1,7.4,3.55,4,Science,High School,0,0,4
22,0,45201.0,5.36,89.6,48.1,1,0,7.1,1.72,2,Arts,Bachelor,0,1,0
20,1,25000.0,4.77,79.7,39.9,1,0,5.7,2.35,2,CS,Master,0,2,2
17,1,29590.0,3.87,80.5,31.3,1,1,5.5,3.49,4,Arts,Bachelor,0,1,0
23,0,82659.0,4.44,94.9,12.5,1,0,6.6,2.97,4,Science,Bachelor,0,1,4
19,1,25000.0,5.77,75.6,13.5,1,0,5.5,3.21,1,Science,Bachelor,0,1,4
19,0,25000.0,4.28,68.7,37.6,0,1,4.0,2.37,2,Science,Bachelor,0,1,4
20,0,35725.0,3.72,84.0,38.9,1,0,4.6,4.0,1,CS,Bachelor,0,1,2
21,1,25000.0,1.75,88.8,6.7,0,0,3.3,2.63,2,Science,High School,0,0,4
20,1,43930.0,2.35,62.1,38.4,1,1,7.2,0.79,4,CS,High School,1,0,2
22,1,25000.0,3.6,85.2,23.3,1,0,6.2,1.49,2,Science,Master,0,2,4
18,0,44283.0,4.13,73.0,25.1,0,0,4.7,1.17,3,CS,Master,0,2,2
19,1,42260.0,3.23,70.7,40.7,1,0,4.2,1.26,3,Arts,Master,0,2,0
20,1,25699.0,3.7,79.7,38.8,0,0,5.9,0.95,4,Arts,High School,0,0,0
25,0,82983.0,2.82,72.8,28.8,1,1,3.0,4.0,1,Science,PhD,0,3,4
20,0,25000.0,5.23,67.8,38.3,1,0,3.6,3.49,3,Engineering,Bachelor,0,1,1
23,1,66791.0,3.63,82.9,25.6,1,1,5.5,0.52,1,CS,High School,0,0,2
21,0,31202.0,4.265000000000001,81.6,20.5,1,1,5.5,1.51,4,Science,High School,1,0,4
19,0,86037.0,3.66,68.3,45.1,0,0,6.3,3.63,2,Arts,Master,0,2,0
20,1,33006.0,4.47,70.7,45.9,1,0,5.8,2.63,3,CS,High School,0,0,2
20,1,25000.0,4.61,85.7,22.3,1,0,3.4,3.16,3,CS,Bachelor,0,1,2
22,1,103371.0,4.21,86.2,23.6,1,0,3.8,2.07,2,Arts,High School,0,0,0
24,1,25000.0,2.56,60.8,40.7,1,0,7.9,0.0,1,Science,High School,1,0,4
21,1,25000.0,3.56,71.9,21.7,1,1,4.7,1.25,4,Science,Bachelor,0,1,4
23,1,26533.0,1.3,81.3,39.6,1,0,5.6,3.51,4,Science,Bachelor,0,1,4
18,0,25000.0,6.14,85.4,17.7,1,1,6.6,2.68,2,Engineering,Bachelor,0,1,1
20,0,40769.0,0.5,85.3,26.6,1,0,4.7,0.7,1,Business,High School,0,0,3
19,0,25000.0,5.09,86.8,41.7,1,1,4.6,1.56,1,Arts,High School,0,0,0
21,0,25022.0,4.14,76.2,18.4,0,0,2.4,3.98,4,CS,Bachelor,0,1,2
20,0,53139.0,1.74,83.4,22.9,1,1,3.3,0.54,4,Business,Master,0,2,3
22,0,43227.0,4.34,78.8,34.5,0,0,6.6,2.88,1,Business,Bachelor,0,1,3
19,0,30012.0,2.56,77.5,8.4,0,0,4.7,4.0,2,Science,Bachelor,0,1,4
21,0,32943.0,4.56,69.9,30.9,1,1,6.7,2.96,1,Science,Bachelor,0,1,4
22,1,29952.0,3.93,84.4,43.9,1,0,2.6,2.99,1,Business,Master,0,2,3
17,0,25000.0,4.3,68.8,40.4,1,1,7.0,1.41,2,Engineering,Master,0,2,1
25,1,29688.0,3.52,72.6,29.4,1,0,5.4,3.98,4,CS,High School,0,0,2
20,0,39915.0,5.73,87.5,30.2,1,0,2.9,3.08,4,Engineering,Bachelor,1,1,1
17,1,27565.0,2.68,80.7,47.9,0,0,7.5,2.3,3,Science,Bachelor,0,1,4
21,1,38249.0,3.12,90.4,46.4,0,0,3.0,0.91,2,Science,Bachelor,0,1,4
21,1,25000.0,3.78,79.3,28.9,0,1,7.4,2.67,1,Arts,Master,0,2,0
20,1,25000.0,3.87,77.6,22.4,1,1,5.4,3.48,3,Business,Bachelor,0,1,3
23,1,25000.0,2.53,91.2,40.3,0,0,3.9,1.79,4,Science,Bachelor,0,1,4
22,0,25000.0,1.41,78.8,43.6,1,0,8.8,1.03,2,Arts,High School,0,0,0
21,1,64364.0,4.46,84.2,46.5,0,0,6.2,2.43,4,Engineering,Bachelor,1,1,1
22,1,45964.0,4.43,80.7,37.0,0,0,7.7,2.15,4,CS,Bachelor,0,1,2
20,1,25000.0,6.21,83.0,25.7,0,0,6.3,4.0,4,CS,High School,0,0,2
24,0,38658.0,5.63,80.2,10.0,1,0,5.1,2.01,3,Business,Bachelor,1,1,3
17,1,25000.0,4.09,89.0,53.3,1,0,3.9,3.35,2,Science,Bachelor,0,1,4
21,1,25000.0,3.12,82.5,49.2,1,1,5.2,1.92,1,CS,Bachelor,0,1,2
21,1,31202.0,3.88,79.3,20.8,1,1,5.5,1.17,3,Arts,High School,1,0,0
22,1,53271.0,2.9,84.0,32.3,0,0,7.0,0.56,4,Engineering,Master,1,2,1
19,0,29219.0,4.05,69.6,27.4,1,0,5.5,1.02,3,Arts,High School,0,0,0
17,0,29219.0,4.09,90.1,30.8,1,0,5.5,2.81,2,Science,High School,0,0,4
21,0,30885.0,3.85,69.9,25.2,0,1,5.5,2.66,4,Science,High School,0,0,4
21,0,47359.0,2.61,76.7,38.3,1,1,5.8,0.0,1,Business,Bachelor,1,1,3
24,0,25000.0,2.71,78.4,16.4,0,1,2.0,1.48,1,Business,Bachelor,0,1,3
18,0,27428.0,1.52,84.0,25.3,0,0,5.6,0.83,4,Science,Bachelor,1,1,4
23,0,27989.0,3.48,95.0,40.5,0,1,5.3,3.33,1,Business,Bachelor,0,1,3
26,0,35651.0,4.57,90.3,6.3,1,0,5.3,1.53,1,Science,Master,0,2,4
20,0,29966.0,3.22,70.2,33.7,1,0,2.6,1.83,1,Science,High School,0,0,4
18,1,28971.0,2.84,74.9,23.4,0,0,6.0,1.67,4,Science,High School,1,0,4
20,1,25000.0,2.12,70.8,49.4,1,0,4.5,2.69,4,Business,High School,1,0,3
21,1,25000.0,4.36,71.6,33.9,1,0,5.3,0.91,2,Science,High School,1,0,4
22,0,25000.0,4.9,77.3,20.6,1,0,7.2,1.94,1,CS,Master,0,2,2
19,1,30258.0,3.955,77.5,47.4,1,0,5.5,3.44,1,Engineering,PhD,0,3,1
24,1,25000.0,4.9,80.0,30.3,0,0,5.3,3.75,4,Arts,Master,0,2,0
18,1,25000.0,2.42,81.1,31.6,1,0,5.1,0.53,2,Engineering,High School,0,0,1
17,1,25000.0,3.18,83.8,40.6,1,0,5.2,2.98,1,Business,Bachelor,0,1,3
23,1,25000.0,3.74,74.5,22.7,1,1,4.7,2.68,2,CS,High School,0,0,2
17,1,25000.0,5.66,81.4,47.4,1,0,4.8,0.83,3,Science,High School,0,0,4
20,0,50657.0,5.65,84.0,36.9,0,0,8.5,1.51,1,CS,Bachelor,0,1,2
27,0,25000.0,5.03,100.0,22.3,1,0,4.7,2.26,3,Arts,High School,1,0,0
21,1,37809.0,5.0,89.4,24.8,1,0,6.0,2.18,4,Engineering,High School,0,0,1
18,0,25000.0,2.97,95.2,14.9,1,1,5.7,1.95,1,Business,High School,0,0,3
20,0,43622.0,4.13,82.2,33.7,0,1,5.6,3.04,2,Business,PhD,0,3,3
20,1,25000.0,1.83,86.2,27.9,1,0,6.4,1.61,3,Science,Bachelor,0,1,4
21,0,30604.5,3.7,84.1,33.8,0,0,5.5,3.13,3,Science,Bachelor,0,1,4
22,1,25302.0,3.68,67.7,9.6,0,1,8.0,2.09,3,Engineering,Bachelor,0,1,1
18,1,89357.0,6.65,62.3,23.7,1,0,3.8,3.29,4,Business,High School,0,0,3
24,0,28377.0,3.6399999999999997,58.0,18.2,0,1,5.5,3.95,1,Engineering,Bachelor,0,1,1
21,0,39812.0,3.02,91.9,35.9,1,1,3.4,3.59,2,Engineering,Bachelor,0,1,1
22,0,27385.0,3.64,78.8,22.8,0,0,7.1,1.06,1,Science,Bachelor,0,1,4
19,0,35680.0,3.18,88.2,35.6,1,0,3.8,3.14,1,CS,PhD,0,3,2
23,0,29684.0,4.09,92.4,23.6,1,0,5.5,0.43,2,Science,Bachelor,1,1,4
20,0,29030.0,3.97,71.7,49.5,0,0,6.0,1.28,4,Engineering,Master,0,2,1
21,0,38738.0,2.72,93.8,30.6,1,0,5.8,2.53,1,Science,Bachelor,0,1,4
18,0,33689.0,3.92,72.7,41.0,0,0,7.5,1.27,3,Business,Master,1,2,3
18,1,25000.0,1.43,80.3,28.6,1,1,4.4,3.9,4,Business,High School,0,0,3
22,1,25000.0,4.21,73.4,41.1,0,0,8.1,2.38,2,Engineering,Bachelor,0,1,1
20,1,25000.0,3.01,83.9,20.7,0,0,4.8,1.76,1,Engineering,High School,0,0,1
19,1,48036.0,2.25,80.7,29.5,1,0,6.3,1.37,3,CS,Bachelor,0,1,2
19,0,29177.0,4.94,88.4,24.4,0,1,5.2,3.27,3,Arts,Master,0,2,0
22,1,35603.0,1.7,90.0,52.4,1,0,6.6,1.91,1,Business,Bachelor,0,1,3
19,0,25089.0,4.81,94.6,15.7,0,1,3.7,2.27,3,Arts,High School,0,0,0
20,0,25000.0,4.61,88.0,54.8,1,0,5.7,0.98,4,Business,PhD,0,3,3
21,1,25766.0,2.84,88.5,13.5,0,0,5.5,0.74,4,Business,PhD,0,3,3
17,0,25000.0,3.64,78.4,38.8,0,0,6.3,1.93,4,Business,High School,0,0,3
17,0,25000.0,4.35,80.6,22.5,0,0,6.2,2.31,2,CS,High School,0,0,2
21,1,61291.0,4.3,84.5,33.1,0,0,4.0,3.43,4,Business,PhD,0,3,3
19,1,25000.0,5.19,72.1,27.9,1,0,7.9,2.23,2,Engineering,Bachelor,0,1,1
23,0,25000.0,4.95,91.0,20.0,1,1,5.4,3.77,4,Arts,High School,0,0,0
23,0,78494.0,5.35,80.9,31.0,1,0,6.8,0.79,2,Business,Bachelor,0,1,3
22,1,48484.0,5.5,83.6,25.0,0,0,3.2,2.74,2,Arts,Bachelor,0,1,0
25,1,25000.0,4.15,69.9,36.9,0,0,4.8,3.57,2,CS,Bachelor,0,1,2
20,0,38430.0,3.62,79.1,17.9,1,1,7.4,0.84,3,Engineering,Bachelor,0,1,1
22,1,25810.0,3.84,88.9,35.7,1,1,8.4,1.97,1,CS,PhD,1,3,2
19,1,25000.0,3.56,85.4,40.4,1,1,6.3,2.52,3,Business,PhD,0,3,3
26,0,39530.0,5.88,88.6,28.7,0,0,5.3,3.66,4,Science,High School,0,0,4
25,1,25000.0,3.01,79.3,14.1,1,0,3.6,2.26,4,Science,Bachelor,0,1,4
21,1,31110.0,5.47,83.0,50.8,0,0,6.9,2.09,3,CS,High School,0,0,2
21,0,54875.0,3.37,81.2,35.6,1,0,6.1,1.98,4,Business,Bachelor,0,1,3
24,1,51366.0,5.44,87.3,21.3,1,0,1.3,3.2,2,Science,High School,0,0,4
20,0,25000.0,4.95,84.1,35.9,1,1,2.4,2.42,3,CS,Bachelor,0,1,2
19,1,39800.0,3.95,78.9,9.9,0,1,6.1,1.93,4,CS,Bachelor,1,1,2
22,1,25000.0,4.34,61.5,44.1,1,0,4.0,3.72,1,CS,Bachelor,0,1,2
21,0,38958.0,2.56,83.4,55.5,1,0,3.6,1.95,1,Arts,Bachelor,0,1,0
21,1,32503.0,4.75,68.6,39.9,0,0,5.3,1.42,4,Engineering,Bachelor,0,1,1
19,1,37324.0,5.23,87.5,18.0,1,1,6.1,3.84,1,Business,Bachelor,0,1,3
17,0,25000.0,5.74,88.7,6.1,1,0,8.1,1.56,3,Science,Bachelor,0,1,4
21,0,103823.0,3.58,63.7,46.4,0,1,4.0,2.51,2,Science,Bachelor,0,1,4
23,0,25000.0,6.86,84.4,28.2,0,1,6.3,1.28,1,Business,Bachelor,0,1,3
20,1,53259.0,3.59,84.2,25.3,0,1,3.7,2.26,4,Science,Master,0,2,4
24,1,25000.0,3.42,85.0,44.0,1,0,4.6,3.21,1,Business,Master,0,2,3
19,1,40240.0,3.78,72.1,22.9,1,0,5.8,0.67,2,CS,Bachelor,1,1,2
18,0,42002.0,3.79,85.8,39.1,1,0,5.2,3.16,2,Engineering,Master,0,2,1
20,1,30730.0,2.14,71.9,30.3,0,0,3.0,0.69,4,Engineering,Bachelor,0,1,1
20,0,25000.0,2.53,87.5,33.0,1,0,6.4,3.27,1,Arts,High School,0,0,0
22,0,32360.0,2.41,85.5,49.6,0,1,6.8,0.62,4,Business,Bachelor,1,1,3
19,0,34899.0,4.31,79.4,24.1,1,1,9.7,1.4,1,Science,High School,0,0,4
24,0,87026.0,5.95,85.4,23.0,1,0,5.9,1.04,1,Science,High School,0,0,4
25,1,25000.0,3.13,74.4,27.6,1,1,5.8,0.72,4,CS,Bachelor,1,1,2
20,1,25000.0,3.83,77.5,15.6,0,0,6.0,2.97,1,CS,High School,0,0,2
23,1,35272.0,2.95,91.3,41.2,0,1,3.0,2.97,1,Arts,Master,0,2,0
18,1,25498.0,4.86,91.0,39.6,1,1,3.2,2.17,2,Science,High School,0,0,4
23,0,28000.0,4.35,73.2,29.9,1,0,5.4,2.05,4,Engineering,Bachelor,0,1,1
23,1,56512.0,5.2,77.0,18.9,1,0,1.4,3.21,2,Business,Bachelor,0,1,3
22,1,25000.0,2.69,77.6,5.0,0,0,3.5,3.27,3,Science,Bachelor,0,1,4
21,1,25000.0,3.95,82.5,20.0,1,0,4.6,1.54,1,CS,Master,1,2,2
17,0,25000.0,3.7,80.9,27.2,1,0,7.3,4.0,3,Arts,Bachelor,0,1,0
19,0,25000.0,3.78,92.3,7.2,1,0,6.0,2.86,1,Engineering,Bachelor,0,1,1
19,1,125841.0,5.29,94.3,59.9,1,0,2.8,3.89,3,Arts,Bachelor,0,1,0
18,0,42570.0,3.26,96.4,35.0,0,0,5.4,3.39,3,CS,Bachelor,0,1,2
21,1,52625.0,3.42,99.3,36.5,1,0,6.6,1.49,4,CS,Bachelor,1,1,2
20,1,28330.0,2.97,69.4,28.2,0,0,6.8,3.34,1,Business,Master,0,2,3
19,0,46874.0,6.8,80.5,38.9,0,0,7.4,3.02,2,Engineering,Master,1,2,1
18,0,25000.0,2.76,76.4,26.4,0,1,7.7,1.91,2,CS,High School,0,0,2
19,1,55436.0,4.77,74.8,28.1,0,1,6.5,0.95,4,CS,Master,1,2,2
23,0,25000.0,2.22,93.3,46.9,1,0,6.4,3.21,4,Science,Bachelor,1,1,4
19,1,25000.0,4.6,85.4,43.2,1,1,5.9,2.54,2,Engineering,High School,0,0,1
19,1,40259.0,2.51,69.3,29.9,1,0,7.0,2.99,2,CS,High School,0,0,2
20,0,35949.0,4.2,100.0,54.3,1,0,4.1,2.94,4,Engineering,Master,0,2,1
21,1,31281.0,4.4,67.5,29.0,1,0,5.1,1.56,4,Business,PhD,0,3,3
22,1,25000.0,3.9,79.2,23.9,1,1,4.2,3.99,4,CS,Bachelor,0,1,2
17,1,31568.0,4.92,82.7,31.5,1,0,6.3,0.35,4,Engineering,Master,0,2,1
23,1,52909.0,4.6,72.9,33.6,0,1,5.0,3.11,1,Science,High School,0,0,4
24,1,25000.0,3.11,86.4,15.7,0,0,7.3,3.54,3,Arts,Master,0,2,0
18,0,65445.0,4.64,77.1,35.8,1,1,5.6,2.22,3,Science,Bachelor,0,1,4
18,0,25000.0,4.3,88.6,55.4,1,0,7.4,2.67,4,Arts,High School,0,0,0
20,0,29850.0,5.24,85.2,41.4,0,0,1.7,1.2,2,Engineering,High School,1,0,1
19,0,74697.0,2.11,62.0,38.0,0,0,4.2,0.02,2,Business,Bachelor,0,1,3
21,1,25000.0,4.15,69.6,35.8,1,0,7.2,1.84,4,Science,High School,0,0,4
17,0,55960.0,4.12,88.8,18.0,1,0,5.5,2.58,1,Arts,Master,0,2,0
18,1,97226.0,3.52,85.2,18.0,1,0,7.4,0.45,2,Arts,Master,1,2,0
24,0,32946.0,5.38,73.8,32.0,1,0,6.0,1.71,1,Arts,Bachelor,1,1,0
19,0,25000.0,3.08,76.6,24.9,1,0,3.8,1.41,3,Business,High School,0,0,3
23,1,25000.0,4.93,81.3,12.6,0,0,8.7,2.02,2,Business,Bachelor,1,1,3
21,0,65040.0,3.06,65.8,25.8,1,0,4.3,1.44,2,Arts,Bachelor,0,1,0
17,1,63960.0,5.72,100.0,35.4,1,0,4.2,4.0,1,CS,High School,0,0,2
22,0,70940.0,4.53,74.2,37.0,0,0,7.0,2.8,2,Arts,High School,0,0,0
20,1,29153.0,1.98,82.2,20.0,1,0,3.9,3.43,1,Business,Bachelor,0,1,3
20,1,55419.0,5.48,95.4,29.4,0,0,3.2,0.92,4,Science,High School,1,0,4
21,1,28874.0,4.73,80.5,35.0,0,1,4.1,2.01,3,CS,PhD,0,3,2
22,0,25000.0,4.12,84.6,14.8,1,1,7.0,1.15,2,Science,Bachelor,1,1,4
22,0,58367.0,3.17,74.3,20.7,1,0,9.4,1.0,3,Arts,Bachelor,1,1,0
23,1,79247.0,2.89,77.6,29.8,1,0,5.5,2.09,1,Science,Master,0,2,4
21,1,25000.0,4.66,74.6,19.1,0,0,4.2,3.41,4,Engineering,Bachelor,0,1,1
18,0,25000.0,2.0,92.2,26.1,1,0,7.7,0.02,2,CS,Master,1,2,2
20,0,30455.0,3.12,76.7,59.9,0,0,4.4,1.32,3,Engineering,Master,1,2,1
27,0,52769.0,4.91,76.1,11.9,0,1,4.7,1.1,2,CS,Bachelor,0,1,2
22,0,25000.0,2.17,75.1,47.1,0,1,6.2,0.42,4,Business,Bachelor,0,1,3
26,1,34071.0,2.23,85.1,34.1,1,0,7.6,1.01,3,CS,Bachelor,1,1,2
24,0,25000.0,4.68,86.7,15.3,0,0,5.6,3.1,3,Business,Master,0,2,3
21,0,45274.0,3.65,66.0,38.1,0,1,4.9,0.02,1,Engineering,Master,1,2,1
21,1,25000.0,6.16,82.5,30.5,0,0,9.7,2.69,2,Science,Bachelor,0,1,4
20,0,47244.0,3.6,84.4,44.5,1,0,4.3,2.83,3,Business,High School,0,0,3
17,1,27040.0,1.98,93.2,37.9,1,0,4.5,2.14,1,Business,Master,1,2,3
21,1,25000.0,5.47,72.2,32.4,1,0,4.8,1.39,3,Arts,Master,0,2,0
23,0,30891.0,2.27,73.0,26.3,1,0,6.5,1.46,4,Arts,Bachelor,0,1,0
19,1,25000.0,2.69,87.1,44.0,0,1,4.7,3.77,4,CS,Bachelor,0,1,2
21,0,25000.0,3.56,81.5,25.3,1,1,7.0,3.65,3,Arts,Bachelor,0,1,0
22,0,36404.0,4.21,93.0,13.2,1,1,5.4,3.14,4,Business,Master,0,2,3
19,0,25000.0,4.5,90.8,7.2,0,0,4.9,2.63,2,Engineering,Bachelor,0,1,1
20,0,25000.0,5.25,84.2,15.2,1,1,4.5,4.0,1,Business,Master,0,2,3
18,0,25000.0,0.65,81.5,39.6,1,0,5.5,0.0,1,Arts,Bachelor,0,1,0
19,0,65925.0,2.78,80.7,25.6,0,0,6.3,2.28,2,CS,Master,0,2,2
18,1,28394.0,5.38,81.8,20.7,1,1,5.4,3.26,3,Arts,Bachelor,0,1,0
19,1,25000.0,2.84,82.5,24.8,1,0,5.9,1.25,1,Science,Bachelor,1,1,4
24,1,52423.0,3.93,93.4,40.0,1,1,4.1,3.4,2,Business,High School,0,0,3
19,1,25000.0,5.75,65.7,37.6,0,1,4.2,3.73,4,Science,High School,0,0,4
21,0,34929.0,3.78,78.6,31.9,0,0,5.5,1.35,4,Engineering,PhD,1,3,1
19,0,30196.0,3.66,83.6,22.8,1,0,5.7,1.85,3,CS,Master,0,2,2
23,0,25000.0,3.79,77.2,25.3,1,0,5.6,1.53,1,CS,Master,0,2,2
23,0,35472.0,5.67,79.7,28.4,1,0,4.4,1.68,1,Engineering,Bachelor,0,1,1
22,1,47285.0,1.92,78.5,19.3,1,1,5.6,1.83,2,CS,Master,0,2,2
21,1,26610.0,6.32,92.4,28.7,1,0,5.5,2.15,3,Science,Bachelor,0,1,4
20,0,25000.0,3.71,78.6,18.6,1,0,5.3,2.54,4,Arts,Bachelor,0,1,0
18,0,25000.0,3.56,76.2,34.4,0,0,4.3,3.64,1,Science,High School,1,0,4
25,0,25000.0,2.95,88.2,35.7,1,0,6.4,1.54,2,CS,High School,0,0,2
19,0,35236.0,2.52,77.7,43.4,1,0,5.5,3.05,1,Business,Master,0,2,3
22,0,25000.0,0.96,80.7,33.1,1,0,4.1,2.84,3,CS,Bachelor,0,1,2
23,1,43383.0,5.58,73.1,32.7,1,1,5.3,0.82,4,Science,Master,1,2,4
19,0,28162.0,1.12,78.8,20.0,0,1,4.5,0.67,3,Science,High School,0,0,4
23,1,31668.0,3.93,81.7,29.4,0,1,5.5,2.19,2,Arts,High School,0,0,0
22,0,45261.0,3.43,71.9,17.7,1,0,8.1,1.89,1,CS,Master,0,2,2
24,0,25000.0,4.38,81.2,9.5,1,0,5.8,2.82,2,Arts,Bachelor,0,1,0
20,1,37107.0,1.41,86.1,26.8,0,0,5.9,2.47,2,Arts,High School,1,0,0
18,1,34912.0,2.93,66.1,24.0,1,1,8.1,1.15,1,Engineering,High School,0,0,1
19,0,26612.0,4.62,76.8,37.3,1,0,6.0,1.96,3,Business,Bachelor,0,1,3
21,1,25000.0,4.24,100.0,18.5,0,0,6.3,2.97,1,Business,Master,0,2,3
21,0,42495.0,3.14,80.4,63.8,1,0,5.8,2.78,3,Business,Master,0,2,3
20,0,45346.0,4.13,91.1,24.2,0,0,4.8,2.45,4,Engineering,Bachelor,0,1,1
17,1,31830.0,6.24,81.8,29.2,0,0,6.3,3.7,2,Arts,High School,1,0,0
22,1,25000.0,5.42,79.4,23.2,0,0,8.6,1.91,1,Science,High School,0,0,4
25,0,25000.0,5.26,89.5,39.3,1,0,3.1,3.63,3,Engineering,Bachelor,1,1,1
22,0,31202.0,4.29,91.6,27.4,1,1,5.5,3.5,3,Science,High School,0,0,4
22,1,28160.0,3.965,74.9,18.2,1,0,5.5,3.47,4,Science,Master,0,2,4
22,0,25000.0,3.11,73.2,8.0,0,0,4.2,1.15,4,Engineering,High School,0,0,1
21,0,25000.0,4.07,71.1,36.9,0,1,7.7,2.68,3,CS,High School,0,0,2
23,1,25000.0,6.56,75.0,37.8,1,1,5.2,2.96,4,Engineering,High School,1,0,1
21,1,28284.0,5.2,91.1,34.1,0,0,6.8,2.48,4,CS,High School,0,0,2
20,0,25000.0,3.53,82.2,27.4,1,1,4.3,2.83,3,Science,Master,1,2,4
19,1,30604.5,3.6500000000000004,91.5,26.2,0,0,5.5,3.08,1,Arts,Bachelor,0,1,0
20,1,25000.0,4.98,73.7,39.3,0,0,3.7,3.26,1,Arts,Bachelor,0,1,0
21,0,25000.0,5.22,74.0,28.8,0,1,8.1,2.96,1,CS,Master,1,2,2
20,1,27701.0,3.29,78.9,43.5,1,0,6.9,2.01,1,Engineering,Bachelor,1,1,1
21,1,25000.0,3.13,84.4,28.8,0,0,3.6,3.87,2,CS,PhD,0,3,2
22,0,30885.0,4.26,80.9,28.4,0,1,5.5,0.91,3,Arts,High School,0,0,0
22,0,25000.0,5.63,87.6,34.5,1,1,5.0,3.01,4,Science,Bachelor,1,1,4
23,1,31379.0,3.46,85.3,46.7,1,0,6.3,3.64,4,Science,PhD,0,3,4
21,1,25000.0,4.34,85.9,44.1,1,0,5.6,1.9,1,Business,High School,0,0,3
18,0,25000.0,2.57,87.5,29.4,0,1,2.9,2.55,1,CS,Master,0,2,2
20,1,35539.0,2.12,90.8,25.5,0,0,4.0,1.8,1,Engineering,Bachelor,0,1,1
21,1,34229.0,5.94,62.3,15.5,1,0,7.9,2.47,2,Engineering,Master,0,2,1
17,1,25000.0,3.49,81.9,38.3,0,0,7.2,2.05,1,Business,Master,1,2,3
24,1,29684.0,3.79,88.7,8.6,1,0,5.5,2.12,1,Business,Bachelor,0,1,3
21,0,25000.0,7.77,100.0,50.5,0,0,5.9,3.51,3,Business,High School,0,0,3
21,0,68986.0,5.28,81.2,40.1,1,0,5.1,2.04,1,Arts,High School,0,0,0
24,1,30604.5,4.26,64.4,21.0,0,0,5.5,1.14,2,CS,Bachelor,1,1,2
19,0,43953.0,4.96,93.4,44.8,1,0,5.1,3.85,4,CS,High School,0,0,2
22,1,25000.0,1.91,72.3,36.6,1,0,4.1,2.39,4,Business,PhD,0,3,3
20,0,25000.0,3.59,85.7,35.6,1,0,6.8,4.0,2,Science,High School,1,0,4
20,0,25000.0,2.91,86.3,26.8,1,1,7.6,0.45,1,Arts,Bachelor,0,1,0
19,0,25000.0,4.54,83.0,36.6,1,0,6.2,0.96,4,Business,Bachelor,1,1,3
24,1,50715.0,6.15,64.9,13.0,1,1,6.5,4.0,1,Engineering,High School,0,0,1
20,1,71135.0,1.8,79.1,30.8,0,0,3.3,2.69,3,Business,PhD,1,3,3
22,0,102453.0,6.41,69.4,21.8,1,1,3.2,3.25,4,CS,Bachelor,0,1,2
17,0,25000.0,4.97,85.6,26.5,1,0,3.1,2.8,4,CS,Bachelor,0,1,2
23,0,31901.0,2.7,74.9,21.7,0,0,7.4,2.67,2,Engineering,Bachelor,0,1,1
23,1,65755.0,2.73,65.0,22.3,1,0,4.8,3.29,4,Science,High School,0,0,4
21,0,25536.0,3.07,87.7,45.5,1,0,7.0,0.34,2,Engineering,Bachelor,1,1,1
20,1,25000.0,2.87,71.9,12.8,1,1,4.4,1.59,2,Business,Bachelor,1,1,3
21,0,25000.0,2.91,83.1,34.9,1,1,5.5,0.57,2,Arts,Bachelor,1,1,0
26,0,28377.0,3.79,76.1,16.4,0,1,5.5,1.91,1,Business,Bachelor,1,1,3
17,1,29391.0,3.75,88.9,45.9,0,1,4.9,4.0,2,Arts,Bachelor,0,1,0
22,0,25000.0,4.97,88.6,35.1,1,0,2.4,3.92,4,Science,Master,0,2,4
19,1,29684.0,4.0,83.9,13.1,1,0,5.5,0.1,3,Science,Bachelor,1,1,4
21,0,32591.0,4.39,81.1,34.0,0,1,4.8,2.31,2,CS,Master,0,2,2
20,0,32891.0,5.46,78.5,21.6,0,1,2.4,3.97,3,Science,Master,0,2,4
20,0,26101.0,2.06,72.4,32.7,0,1,6.3,1.84,4,CS,High School,0,0,2
21,0,78701.0,3.13,77.3,14.1,1,1,6.5,0.46,2,Arts,PhD,1,3,0
18,1,27441.0,2.04,85.8,44.8,0,1,4.3,2.39,4,CS,High School,0,0,2
23,1,78558.0,2.18,97.6,6.0,0,1,3.3,0.57,1,Engineering,Master,0,2,1
17,1,41709.0,5.77,86.6,20.3,1,0,8.6,2.28,1,CS,High School,0,0,2
22,0,36706.0,3.34,87.7,17.0,0,0,6.0,2.73,2,CS,Bachelor,0,1,2
20,1,27779.0,4.6,81.1,34.6,0,1,1.2,3.95,4,Science,Bachelor,0,1,4
18,1,53336.0,4.22,86.2,24.1,1,0,4.7,2.68,2,Science,PhD,0,3,4
21,0,31818.0,4.92,64.8,27.8,1,0,4.3,0.62,3,Arts,Bachelor,0,1,0
17,1,25000.0,4.19,76.2,22.3,0,0,4.2,1.67,1,Business,High School,0,0,3
21,1,25000.0,4.14,87.6,13.6,1,0,7.5,2.51,1,Business,Master,0,2,3
17,0,38311.0,2.07,87.8,27.3,0,1,6.0,2.6,2,Science,High School,0,0,4
22,1,25000.0,4.05,77.7,14.4,1,0,6.6,2.22,3,Arts,Master,0,2,0
19,0,28643.0,4.03,71.5,8.0,0,1,5.3,2.18,2,CS,High School,0,0,2
20,0,56067.0,2.78,81.4,37.5,1,0,7.0,2.91,3,CS,Bachelor,0,1,2
21,0,35681.0,1.31,78.5,15.1,0,1,4.8,2.45,2,Science,Bachelor,0,1,4
19,1,29803.5,3.91,89.5,47.5,0,0,5.5,1.4,4,Engineering,High School,0,0,1
20,0,69286.0,5.59,87.6,47.0,1,0,6.4,3.57,4,Arts,Bachelor,0,1,0
17,1,29219.0,3.79,79.4,40.6,1,0,5.5,2.53,1,Business,High School,0,0,3
22,1,54758.0,3.78,90.9,16.4,1,0,1.7,3.46,4,Engineering,Master,0,2,1
24,1,25000.0,1.1,79.8,55.5,1,0,2.5,3.0,4,Engineering,Bachelor,0,1,1
27,0,36261.0,4.84,84.8,5.0,1,0,9.7,2.02,4,Business,Bachelor,0,1,3
21,1,49281.0,5.54,98.3,19.4,1,0,6.7,3.22,2,Arts,Master,0,2,0
22,1,82469.0,3.87,78.8,40.0,1,0,6.8,0.81,4,Engineering,Bachelor,1,1,1
17,0,25000.0,4.81,83.4,39.1,0,0,8.1,3.91,4,CS,Bachelor,1,1,2
24,1,61308.0,4.08,82.0,21.3,1,0,3.5,1.45,3,CS,PhD,0,3,2
22,1,79748.0,2.74,82.1,20.6,1,0,4.2,0.71,2,Business,High School,1,0,3
19,1,25000.0,3.83,75.0,27.4,1,0,3.5,2.56,2,CS,Bachelor,0,1,2
23,0,39623.0,3.96,92.5,29.0,1,0,9.7,1.27,2,Business,High School,0,0,3
20,0,43070.0,3.81,74.7,24.4,1,1,3.7,3.63,2,Business,High School,0,0,3
20,0,25000.0,4.48,96.9,49.9,1,0,7.8,1.42,2,Arts,Bachelor,0,1,0
22,0,25000.0,4.17,95.1,21.8,0,0,4.3,3.69,1,Engineering,Bachelor,0,1,1
18,1,44387.0,3.75,84.0,47.6,1,1,5.7,1.48,4,Arts,PhD,1,3,0
23,1,25000.0,3.17,82.0,34.9,0,1,7.8,1.66,2,Science,High School,1,0,4
18,1,26099.0,4.65,75.8,42.2,0,1,6.0,1.49,3,Business,High School,1,0,3
18,1,48410.0,4.56,82.6,12.1,0,0,5.3,1.77,3,Business,Bachelor,0,1,3
19,1,85172.0,4.23,90.6,42.3,1,1,9.6,1.43,2,Arts,Bachelor,1,1,0
22,0,29803.0,3.555,76.5,41.9,0,0,5.5,2.76,3,Engineering,Master,0,2,1
19,1,32212.0,2.53,93.7,22.0,0,0,3.8,2.74,2,Engineering,Bachelor,0,1,1
18,0,25000.0,4.88,90.2,40.2,1,0,4.9,1.87,4,Engineering,PhD,1,3,1
19,0,25000.0,2.84,81.2,12.2,1,0,7.4,1.38,3,Engineering,Master,0,2,1
20,1,57858.0,3.56,88.4,24.3,1,0,4.6,2.82,3,Business,Bachelor,0,1,3
18,0,27117.0,1.98,74.7,44.0,0,1,7.2,0.07,4,Business,Master,1,2,3
18,0,59303.0,4.58,81.2,27.8,0,1,2.4,3.97,2,Engineering,Bachelor,0,1,1
25,1,25000.0,2.39,99.7,26.8,0,0,7.6,0.0,3,Arts,Bachelor,1,1,0
19,0,25000.0,2.32,91.6,46.9,1,0,7.1,0.41,1,Arts,Bachelor,1,1,0
20,0,38272.0,2.71,86.0,6.6,0,0,3.6,3.98,4,Business,Bachelor,0,1,3
20,0,28398.0,4.56,82.6,27.9,0,1,5.4,1.55,3,Arts,Bachelor,0,1,0
20,0,25000.0,3.72,81.4,29.2,1,0,5.0,3.71,4,Engineering,Master,0,2,1
22,0,88470.0,3.18,81.8,20.4,1,1,6.3,2.58,1,Science,High School,0,0,4
23,1,25000.0,6.15,75.8,46.5,0,0,7.6,1.24,3,CS,Bachelor,1,1,2
20,0,51873.0,4.68,87.2,19.1,1,1,4.3,3.99,3,CS,Master,0,2,2
18,1,49272.0,1.41,90.4,19.2,0,1,6.2,1.46,2,Business,Bachelor,0,1,3
23,0,25000.0,2.86,80.0,5.0,0,0,5.9,2.1,3,Engineering,Bachelor,0,1,1
20,0,25000.0,1.43,85.7,43.3,0,0,5.7,2.73,1,Science,Bachelor,0,1,4
24,1,25000.0,3.38,76.2,26.0,1,1,8.1,0.0,3,Engineering,High School,1,0,1
17,1,25000.0,5.35,81.5,26.1,1,1,5.8,1.78,1,Engineering,Bachelor,0,1,1
21,1,83774.0,4.32,75.2,27.4,1,0,3.3,0.65,3,Business,Bachelor,0,1,3
25,1,26368.0,3.7,80.2,44.3,1,0,6.8,2.83,3,Business,Master,0,2,3
20,0,50709.0,3.39,83.0,49.4,1,0,8.4,1.63,2,CS,Bachelor,0,1,2
20,0,40465.0,4.42,86.8,9.2,0,1,5.8,2.95,2,Arts,High School,0,0,0
21,1,34836.0,1.8,77.1,24.4,1,0,7.9,0.23,3,Engineering,Bachelor,1,1,1
19,0,30461.0,3.84,85.8,16.4,1,0,4.7,3.61,1,Arts,Bachelor,0,1,0
20,0,62460.0,4.22,74.3,27.3,1,0,6.2,1.43,2,Engineering,High School,1,0,1
20,0,25000.0,2.34,84.5,28.9,0,1,2.7,2.44,2,Engineering,Bachelor,0,1,1
19,1,29219.0,3.9,99.7,9.4,1,0,5.5,1.6,4,Arts,High School,0,0,0
23,0,25000.0,6.56,79.0,34.4,1,0,5.8,4.0,3,Engineering,Master,0,2,1
22,0,29219.0,4.06,56.3,24.6,1,0,5.5,1.15,4,Engineering,High School,1,0,1
21,0,25000.0,1.78,89.2,39.4,1,1,6.3,2.33,2,Engineering,High School,0,0,1
22,1,25000.0,3.02,84.3,30.4,1,0,7.8,1.51,3,Business,High School,0,0,3
20,0,31445.0,3.96,85.7,9.4,1,0,2.7,2.51,3,Engineering,High School,0,0,1
19,0,25000.0,7.0,92.2,37.4,1,0,8.1,2.55,1,CS,Bachelor,0,1,2
19,1,26662.0,5.16,76.3,13.9,1,0,4.2,3.58,3,CS,Master,0,2,2
21,1,25000.0,5.42,76.6,15.2,1,0,3.3,3.0,1,Arts,Bachelor,0,1,0
18,1,25000.0,4.52,86.4,26.2,1,1,7.4,1.34,1,Science,High School,0,0,4
19,1,40093.0,2.72,90.3,26.6,1,0,3.5,2.9,2,Engineering,Bachelor,0,1,1
19,0,30267.0,6.07,83.9,9.0,0,0,8.0,2.23,3,Science,Bachelor,1,1,4
25,0,25000.0,5.11,81.4,28.2,0,1,1.6,4.0,3,Arts,Bachelor,0,1,0
17,0,65813.0,5.66,84.6,28.9,1,0,4.1,3.21,4,Business,Bachelor,0,1,3
20,1,25000.0,6.21,87.9,28.5,0,1,7.1,0.9,4,CS,Bachelor,0,1,2
24,0,25000.0,6.02,70.4,9.7,0,0,6.7,2.3,3,Business,Bachelor,0,1,3
21,1,25000.0,3.98,74.1,31.7,1,1,1.0,2.4,2,Engineering,High School,0,0,1
22,1,43003.0,4.36,81.3,37.4,0,0,4.3,2.99,4,Science,Master,1,2,4
21,0,30604.0,4.25,87.5,13.8,1,0,2.4,2.97,4,CS,Bachelor,0,1,2
19,0,27864.0,5.21,99.4,17.1,1,1,5.7,3.94,2,CS,Bachelor,0,1,2
17,0,25000.0,4.43,81.1,39.4,0,0,5.6,2.26,3,Arts,Bachelor,0,1,0
21,0,49962.0,4.19,84.0,49.0,1,0,5.1,1.87,1,Arts,High School,0,0,0
19,0,28160.0,3.91,76.7,28.0,1,0,5.5,2.01,1,Business,Master,0,2,3
19,1,31869.0,3.81,87.3,24.6,1,1,3.5,4.0,3,CS,Master,0,2,2
19,0,25000.0,4.39,73.2,32.4,0,1,4.2,3.71,3,CS,Bachelor,0,1,2
24,0,25000.0,5.69,81.9,46.3,1,0,7.4,2.09,3,Science,Bachelor,0,1,4
26,0,73099.0,2.76,74.4,19.8,1,0,4.6,0.71,2,CS,High School,1,0,2
21,1,25000.0,4.09,65.1,24.2,0,1,4.5,2.71,4,Engineering,Bachelor,1,1,1
20,1,25000.0,4.45,100.0,23.9,1,1,7.6,1.37,3,Engineering,Master,1,2,1
18,1,72279.0,6.15,88.4,13.0,1,0,3.4,3.9,2,Arts,High School,0,0,0
22,1,43671.0,3.44,88.5,40.2,1,1,8.2,0.85,4,Engineering,Bachelor,0,1,1
24,0,25000.0,2.99,89.3,33.1,1,1,8.3,0.01,2,CS,Bachelor,1,1,2
20,0,62816.0,5.96,93.4,5.8,1,1,3.7,2.83,1,Science,Bachelor,0,1,4
17,0,38875.0,4.66,83.3,29.9,0,0,7.2,2.78,4,Engineering,Bachelor,1,1,1
22,0,34187.0,3.45,88.9,49.9,0,1,1.6,2.82,2,Science,Bachelor,0,1,4
23,1,34042.0,5.37,78.0,33.3,0,0,5.7,1.54,1,Engineering,Bachelor,1,1,1
17,0,39306.0,1.56,80.6,49.2,0,1,3.7,3.8,4,Business,High School,0,0,3
21,0,40272.0,3.93,69.7,23.3,1,0,6.4,0.0,2,Business,High School,1,0,3
22,1,111033.0,4.38,83.6,41.6,0,0,6.1,2.41,3,Engineering,Bachelor,1,1,1
20,1,26451.0,4.77,77.8,45.8,1,0,5.0,3.85,3,Business,Bachelor,0,1,3
19,1,26946.0,2.93,80.9,29.1,1,0,3.5,3.45,1,Science,Bachelor,0,1,4
23,0,25000.0,2.9,88.6,25.1,1,0,7.2,3.01,3,Science,Master,0,2,4
20,1,28821.0,6.0,84.4,43.2,1,0,5.4,4.0,2,CS,Bachelor,1,1,2
17,1,90920.0,4.02,90.2,36.5,0,0,4.2,2.64,2,Business,Bachelor,0,1,3
17,0,29794.5,4.03,77.3,41.4,1,1,5.5,2.03,1,Science,Master,0,2,4
23,1,25000.0,3.05,85.1,35.0,1,1,5.3,2.41,4,CS,High School,0,0,2
22,1,30273.0,2.81,76.9,29.0,0,1,5.3,0.0,4,Business,Bachelor,1,1,3
21,0,25000.0,3.26,80.6,28.9,0,0,6.1,1.87,1,Arts,Bachelor,1,1,0
20,0,25000.0,5.55,79.5,25.7,1,0,7.2,2.41,4,Arts,Master,0,2,0
19,0,32522.0,3.19,73.9,34.8,1,1,7.4,1.92,2,CS,Bachelor,1,1,2
18,0,25000.0,3.69,78.7,27.9,1,0,5.1,0.28,4,Science,Master,0,2,4
20,1,25000.0,6.1,86.6,33.0,1,0,6.3,4.0,2,CS,Master,0,2,2
17,0,39891.0,6.78,74.7,20.5,1,0,5.1,3.95,3,CS,High School,0,0,2
19,1,28301.0,2.09,76.7,19.8,0,1,7.7,0.0,2,Business,Bachelor,1,1,3
20,1,31202.0,3.9850000000000003,76.9,37.0,1,1,5.5,2.84,4,CS,High School,0,0,2
22,1,25000.0,3.07,93.3,34.7,1,1,5.7,1.81,3,Science,Master,0,2,4
20,0,25000.0,2.73,88.7,24.8,1,0,5.5,0.6,1,Arts,High School,1,0,0
22,0,25000.0,4.62,95.7,46.5,1,1,6.3,2.18,3,Business,Bachelor,0,1,3
24,0,25000.0,3.98,92.9,20.1,0,0,6.6,0.57,1,Arts,Bachelor,1,1,0
23,0,58535.0,3.83,81.3,35.2,0,0,8.0,1.71,3,Arts,Bachelor,0,1,0
22,0,28040.0,5.14,97.9,35.5,1,0,7.7,1.35,1,Business,High School,0,0,3
21,1,25355.0,1.23,94.5,30.6,0,0,5.6,1.07,2,Business,High School,0,0,3
18,0,26555.0,3.2,81.4,45.2,1,0,5.4,1.91,4,Science,Master,0,2,4
22,1,29684.0,4.125,84.0,49.5,1,0,5.5,1.89,1,CS,Bachelor,1,1,2
24,0,38047.0,5.34,76.7,16.2,0,0,7.3,2.72,4,Science,Bachelor,0,1,4
21,1,27490.0,3.92,81.2,5.0,1,0,5.9,1.45,3,Engineering,High School,0,0,1
25,1,25000.0,4.53,69.6,24.1,1,0,9.9,0.02,4,Science,Master,1,2,4
17,0,25000.0,3.58,77.3,18.2,0,0,5.4,2.06,3,Business,Bachelor,0,1,3
18,1,25000.0,3.94,88.4,24.8,1,0,8.2,1.66,4,Arts,Bachelor,0,1,0
22,1,25000.0,3.62,73.8,51.8,1,0,8.3,2.63,3,Business,Bachelor,1,1,3
21,1,25751.0,3.7,79.5,62.4,1,0,8.2,3.18,1,Business,Bachelor,0,1,3
23,1,25000.0,4.1,86.5,18.6,1,0,4.9,0.14,1,Business,High School,0,0,3
21,0,30733.0,5.88,79.7,32.7,1,0,5.3,1.4,2,Engineering,Master,0,2,1
19,0,28364.0,4.54,91.2,32.4,0,0,5.2,2.65,3,CS,High School,0,0,2
20,0,34148.0,3.73,91.6,34.1,1,1,8.2,2.43,2,Arts,Bachelor,0,1,0
17,1,52358.0,4.71,77.1,13.6,1,0,4.7,2.17,1,Engineering,High School,0,0,1
18,1,42439.0,4.24,78.5,44.8,1,1,4.5,2.23,1,CS,High School,0,0,2
23,1,52720.0,4.76,82.4,40.8,0,0,6.7,2.22,2,Science,Bachelor,0,1,4
22,0,25000.0,3.49,76.7,24.2,0,0,3.1,3.03,2,Science,Bachelor,0,1,4
21,1,25000.0,4.64,95.1,44.8,1,1,6.9,3.67,3,Science,Master,0,2,4
17,1,44009.0,4.66,78.7,12.7,0,1,3.4,3.84,4,Business,High School,0,0,3
20,0,44484.0,2.15,89.3,9.7,1,1,4.8,1.37,1,Engineering,Bachelor,0,1,1
18,0,25000.0,3.5,70.0,33.2,1,0,7.6,1.38,2,Business,High School,0,0,3
23,0,42914.0,3.78,75.8,35.2,1,1,4.5,3.5,2,Business,Bachelor,0,1,3
19,1,25000.0,3.58,73.3,28.0,0,0,6.1,2.7,2,Business,Bachelor,0,1,3
18,1,39681.0,2.66,72.0,43.3,0,0,7.7,0.04,1,Science,Bachelor,1,1,4
21,0,29267.0,0.79,77.9,22.1,0,0,3.5,1.87,1,Science,Master,0,2,4
19,0,25000.0,5.34,84.9,44.5,1,1,5.8,2.06,3,CS,Bachelor,0,1,2
24,1,25000.0,1.18,94.3,39.5,1,0,6.7,2.12,1,Business,High School,0,0,3
19,1,110124.0,6.57,80.4,52.4,0,1,2.9,2.47,1,Engineering,Master,0,2,1
17,1,33579.0,3.69,82.7,8.7,1,0,3.6,2.93,3,Arts,Bachelor,0,1,0
17,1,118216.0,3.13,84.7,24.2,0,0,8.4,2.25,1,Science,Bachelor,1,1,4
20,0,25000.0,1.98,76.2,19.1,1,1,3.4,2.29,3,Arts,Bachelor,1,1,0
19,1,46651.0,1.84,81.8,39.3,1,1,4.9,2.63,2,Engineering,Bachelor,0,1,1
17,0,25000.0,2.84,98.7,48.9,0,1,1.9,2.95,1,CS,Bachelor,0,1,2
23,1,29728.0,4.25,85.1,25.5,1,0,4.1,2.06,1,Science,Master,0,2,4
22,0,43422.0,5.84,98.7,37.2,1,1,6.9,2.1,4,Arts,High School,0,0,0
20,1,49155.0,1.99,82.2,47.3,0,1,7.2,2.35,3,CS,Bachelor,1,1,2
24,0,25000.0,4.47,77.0,33.9,0,0,6.9,1.02,1,Arts,Bachelor,1,1,0
22,1,55462.0,1.59,90.3,38.4,0,1,5.4,3.75,2,Business,Bachelor,0,1,3
19,0,25000.0,2.82,92.1,6.2,1,1,3.6,2.47,3,Business,Bachelor,0,1,3
18,0,26945.0,4.65,78.0,48.8,1,1,6.2,2.37,2,Science,High School,0,0,4
22,1,25000.0,2.68,84.9,26.4,0,0,4.7,2.46,2,Arts,High School,0,0,0
21,0,25000.0,6.01,81.5,62.0,1,0,2.6,4.0,3,Business,High School,0,0,3
21,1,76255.0,4.98,71.0,19.8,0,0,5.6,2.94,2,Arts,High School,0,0,0
19,1,28377.0,4.065,71.4,35.7,0,1,5.5,1.86,2,CS,Bachelor,0,1,2
22,0,57090.0,3.27,80.4,39.9,1,0,7.5,2.57,2,Science,High School,1,0,4
19,1,55649.0,2.87,91.2,5.0,1,0,7.6,3.5,3,Arts,Bachelor,0,1,0
20,1,25000.0,3.41,88.8,51.3,0,1,6.0,2.33,4,Engineering,Master,0,2,1
24,1,61678.0,4.32,74.7,38.9,1,0,3.8,2.46,3,CS,High School,0,0,2
19,1,40217.0,4.32,73.0,12.1,0,0,6.6,1.4,3,CS,Bachelor,1,1,2
17,0,25000.0,2.94,75.0,34.4,1,0,5.8,1.72,2,Arts,High School,0,0,0
18,0,38922.0,3.06,74.3,34.4,1,0,5.0,1.55,4,CS,High School,0,0,2
23,1,25000.0,1.99,74.9,28.4,0,0,6.7,1.84,4,Business,High School,1,0,3
21,0,77954.0,6.96,65.8,22.8,1,0,6.3,2.66,2,CS,PhD,0,3,2
20,0,48449.0,2.83,62.5,29.2,0,0,4.4,2.19,4,CS,High School,0,0,2
19,0,29803.5,4.105,61.5,40.3,0,0,5.5,0.51,1,CS,High School,0,0,2
22,0,63506.0,0.77,69.6,39.9,0,1,3.4,2.97,1,Science,Bachelor,0,1,4
19,1,25000.0,3.13,91.3,30.1,0,1,6.0,0.0,3,Business,Bachelor,1,1,3
21,1,25000.0,4.53,100.0,32.7,0,0,7.1,2.28,3,CS,Master,0,2,2
19,1,25554.0,3.86,98.2,28.5,1,0,4.4,2.15,1,Engineering,Bachelor,0,1,1
19,1,113710.0,3.75,84.0,18.3,0,1,3.6,2.26,4,Arts,Master,0,2,0
19,0,25000.0,4.95,75.8,29.3,0,0,6.4,0.59,3,Engineering,High School,0,0,1
20,0,25000.0,4.76,78.6,21.2,1,0,8.3,1.02,4,CS,Bachelor,1,1,2
20,0,25000.0,2.83,83.1,18.1,1,0,9.1,0.56,3,CS,High School,0,0,2
21,1,51212.0,4.34,98.5,5.0,0,0,8.2,3.3,1,CS,High School,0,0,2
17,0,25000.0,4.09,74.1,25.1,1,0,5.4,1.33,1,Arts,Bachelor,0,1,0
19,0,27026.0,3.23,82.0,39.4,1,1,3.9,2.57,4,Arts,Bachelor,0,1,0
20,1,46990.0,5.86,82.8,44.7,0,1,6.6,2.21,4,CS,Bachelor,0,1,2
24,1,27042.0,2.99,81.3,35.4,0,0,5.4,1.83,4,Science,High School,0,0,4
18,0,33607.0,3.25,65.9,14.5,1,0,5.1,0.28,1,Engineering,Master,1,2,1
21,0,40992.0,3.38,79.8,28.1,1,0,8.9,2.79,1,Arts,Master,0,2,0
24,1,25000.0,5.2,71.2,16.1,1,0,8.0,1.09,2,CS,Master,1,2,2
18,1,29794.5,4.390000000000001,100.0,52.9,1,1,5.5,3.0,1,CS,Master,0,2,2
21,0,34378.0,5.76,86.6,25.4,1,0,5.3,2.07,3,CS,Bachelor,0,1,2
19,0,50056.0,5.01,90.9,24.1,1,0,5.5,2.2,4,CS,Master,0,2,2
19,1,25000.0,3.87,74.9,41.1,1,0,2.7,3.53,2,Engineering,Master,0,2,1
19,1,25000.0,5.25,78.4,29.5,1,1,7.4,3.55,4,CS,Master,0,2,2
19,1,44701.0,4.49,98.3,42.9,0,0,7.8,2.44,3,CS,Bachelor,0,1,2
27,1,51877.0,3.84,90.2,16.5,1,0,4.1,1.91,2,Engineering,Bachelor,0,1,1
22,1,33524.0,3.4,85.4,31.1,1,0,4.4,2.12,3,Engineering,Bachelor,0,1,1
23,0,34926.0,3.78,92.7,36.1,0,0,7.3,1.75,1,Business,High School,0,0,3
22,0,25000.0,3.38,97.7,5.0,1,0,4.9,1.83,1,Business,High School,0,0,3
17,1,40139.0,4.54,94.1,21.8,1,0,7.5,2.97,2,CS,High School,1,0,2
21,1,49608.0,3.72,90.4,22.6,1,1,4.1,1.84,2,Engineering,High School,0,0,1
23,1,30758.0,4.63,91.2,30.7,1,0,4.9,2.13,1,Engineering,High School,0,0,1
19,0,132554.0,4.66,79.4,26.3,0,0,6.4,2.62,3,Arts,Bachelor,0,1,0
23,1,25000.0,4.01,83.6,33.6,0,1,4.9,3.66,3,Engineering,Master,0,2,1
22,0,32787.0,3.41,87.4,27.2,0,0,4.8,3.96,3,CS,High School,0,0,2
25,1,25000.0,2.82,84.5,43.8,1,0,4.8,1.2,2,Arts,Master,0,2,0
20,0,50408.0,3.86,86.0,55.3,1,0,6.8,1.36,2,Business,Master,0,2,3
18,1,25000.0,4.38,80.9,12.0,1,1,7.2,1.58,1,CS,High School,0,0,2
20,1,25000.0,2.23,60.2,30.3,1,1,6.4,2.12,2,Arts,PhD,0,3,0
24,0,25000.0,1.69,87.4,43.0,0,1,4.2,1.44,3,Arts,High School,1,0,0
17,0,34874.0,3.84,82.9,21.6,0,0,8.0,2.69,2,Business,Master,0,2,3
17,1,31202.0,4.04,68.0,33.4,1,1,5.5,0.63,2,CS,High School,1,0,2
21,1,25000.0,5.31,99.6,25.4,1,1,7.4,1.22,4,Arts,Bachelor,0,1,0
20,0,29794.5,3.96,84.9,18.0,1,1,5.5,3.71,4,Arts,Master,0,2,0
21,0,25711.0,2.69,75.6,17.8,1,0,7.6,2.99,1,CS,Master,0,2,2
23,0,72582.0,1.79,87.5,5.0,1,0,4.8,1.3,4,Business,Bachelor,0,1,3
19,1,44871.0,4.75,82.7,32.0,1,0,4.7,3.63,2,Arts,High School,0,0,0
17,0,25000.0,4.26,90.9,32.8,0,1,6.2,3.35,3,Arts,Bachelor,0,1,0
25,0,104632.0,4.51,77.2,18.6,1,0,1.8,1.31,3,Business,PhD,0,3,3
18,1,39935.0,5.0,75.5,26.6,1,0,6.1,1.91,3,CS,Master,0,2,2
18,1,25000.0,3.46,77.7,12.7,0,1,5.0,0.46,3,Arts,Bachelor,1,1,0
23,0,34680.0,3.74,68.2,36.4,1,1,8.0,0.0,3,Engineering,High School,1,0,1
20,1,40999.0,5.06,78.5,25.2,0,1,6.0,1.62,1,Arts,High School,1,0,0
20,1,25000.0,4.58,94.7,39.2,1,1,3.7,4.0,1,Engineering,Master,0,2,1
22,0,25000.0,6.66,76.2,26.1,1,0,4.1,2.43,4,Science,Bachelor,0,1,4
23,0,31316.0,4.38,71.1,18.1,1,0,1.1,2.34,3,Engineering,High School,0,0,1
20,1,25000.0,4.33,77.8,23.6,0,1,9.9,2.71,2,Arts,Master,0,2,0
24,0,72220.0,5.15,83.8,48.1,1,0,1.0,3.95,2,CS,High School,0,0,2
17,0,46383.0,6.69,76.0,55.2,0,0,4.5,2.32,4,Science,High School,0,0,4
22,0,25000.0,4.93,82.6,11.9,0,0,6.8,1.75,2,Arts,PhD,0,3,0
19,1,38390.0,3.63,84.0,40.9,0,1,8.1,2.28,2,Arts,Bachelor,1,1,0
24,1,63594.0,3.14,82.0,16.7,0,0,8.7,1.73,2,Arts,High School,0,0,0
21,1,25000.0,4.21,81.3,20.9,1,0,5.3,3.54,2,Science,Master,0,2,4
19,0,25000.0,2.57,96.1,32.5,1,1,6.4,2.78,3,Business,Bachelor,0,1,3
22,1,29534.0,4.84,83.4,35.9,0,0,5.0,3.19,2,Engineering,High School,0,0,1
23,1,30375.0,4.39,75.7,21.3,1,0,2.7,1.12,3,CS,Bachelor,1,1,2
22,0,28816.0,4.67,88.0,37.3,0,0,3.6,1.72,4,Science,Bachelor,0,1,4
18,1,25000.0,1.69,81.5,44.2,0,0,2.4,3.37,1,CS,High School,0,0,2
19,0,25000.0,5.75,82.6,38.7,0,0,6.1,1.96,2,CS,High School,0,0,2
21,1,37442.0,2.54,90.1,18.4,1,0,4.9,2.02,4,Engineering,Master,0,2,1
20,0,58710.0,2.36,92.7,24.7,1,0,5.2,3.28,1,Engineering,Bachelor,0,1,1
22,1,25000.0,1.38,72.9,40.5,0,0,6.7,2.23,4,CS,Bachelor,0,1,2
17,1,128417.0,3.21,95.9,48.6,0,0,5.9,2.28,2,Arts,Bachelor,1,1,0
21,1,96415.0,4.2,81.5,14.7,1,1,6.7,0.22,3,Business,High School,1,0,3
20,0,66009.0,3.87,81.5,33.6,1,0,8.8,3.37,2,Arts,High School,0,0,0
19,0,43195.0,4.9,73.9,38.8,1,1,4.1,2.04,3,Science,Master,1,2,4
19,0,99190.0,5.66,88.0,13.2,1,1,2.1,3.05,2,CS,High School,0,0,2
20,1,25000.0,5.77,70.6,42.2,1,1,4.5,2.85,4,Arts,Master,0,2,0
17,1,25000.0,3.67,86.3,55.4,1,0,5.1,2.41,1,Arts,Bachelor,0,1,0
19,0,25000.0,3.81,95.2,38.0,1,0,6.3,3.31,3,Science,Bachelor,0,1,4
19,0,25000.0,3.82,79.5,36.8,0,0,6.8,1.43,3,Science,Bachelor,0,1,4
22,1,31987.0,3.46,90.7,21.0,0,0,3.6,4.0,3,Business,High School,0,0,3
19,1,35593.0,6.63,82.7,24.1,1,0,3.3,3.98,2,Science,Bachelor,0,1,4
20,0,33540.0,4.41,70.9,22.2,1,0,8.0,1.59,4,Arts,Bachelor,1,1,0
24,0,29512.0,4.66,83.0,19.4,0,0,6.1,1.59,1,Engineering,PhD,0,3,1
23,0,32206.0,4.88,80.5,27.1,1,0,6.1,1.93,2,Business,Bachelor,0,1,3
23,1,84271.0,5.58,89.2,33.7,0,1,6.0,3.19,3,CS,Bachelor,1,1,2
19,1,43132.0,3.7,79.1,19.7,0,0,5.8,2.35,3,Science,Master,0,2,4
22,1,51715.0,4.67,86.0,25.8,0,0,5.1,3.75,1,Science,Master,0,2,4
20,0,33339.0,4.76,73.6,33.8,0,0,4.2,3.3,3,CS,High School,1,0,2
20,1,25000.0,1.97,85.4,5.0,1,1,4.5,2.75,3,Engineering,High School,0,0,1
21,0,25000.0,3.37,82.2,41.4,0,1,9.4,1.97,4,Science,High School,1,0,4
19,0,103744.0,3.79,81.0,32.6,1,0,8.7,2.03,1,Business,Bachelor,0,1,3
24,1,25000.0,5.29,82.2,32.7,0,1,7.2,2.68,3,Engineering,Bachelor,1,1,1
20,0,25000.0,8.54,79.7,43.9,1,0,5.4,4.0,3,Arts,Bachelor,0,1,0
22,0,34455.0,3.43,83.1,41.3,0,1,6.5,1.78,4,Engineering,Bachelor,0,1,1
24,1,30604.5,4.04,80.4,37.3,0,0,5.5,2.91,3,CS,Bachelor,0,1,2
23,0,44628.0,4.57,74.2,33.4,1,0,7.3,1.9,3,CS,High School,0,0,2
17,1,86219.0,1.76,71.6,29.9,1,0,5.1,1.93,1,CS,Bachelor,0,1,2
22,1,73163.0,1.68,78.0,23.0,1,1,5.5,1.33,1,CS,High School,1,0,2
22,1,25000.0,3.82,79.5,18.5,0,1,5.7,2.61,3,CS,High School,1,0,2
23,0,53170.0,3.3,58.0,34.6,1,0,5.2,1.96,3,CS,Bachelor,0,1,2
18,0,25000.0,5.45,82.2,34.7,0,0,6.9,2.01,2,Arts,Bachelor,0,1,0
19,0,27378.0,3.52,99.6,31.7,1,0,8.4,1.45,1,Engineering,High School,0,0,1
23,0,25000.0,2.3,87.5,13.9,0,1,7.0,2.97,3,Engineering,Bachelor,0,1,1
19,1,25000.0,2.68,80.6,5.0,1,1,5.6,2.7,1,Science,Bachelor,0,1,4
20,0,29175.0,5.55,75.5,30.7,1,0,3.6,3.77,4,Science,High School,0,0,4
24,0,25000.0,3.05,68.4,8.0,1,1,5.6,3.31,2,Engineering,Bachelor,0,1,1
20,1,51880.0,3.55,89.1,33.8,1,1,5.4,2.59,4,Arts,Master,0,2,0
19,1,25118.0,3.61,85.4,53.4,1,0,7.0,2.37,4,Science,High School,0,0,4
19,1,35780.0,3.24,72.1,34.0,1,0,4.3,2.88,1,Business,High School,0,0,3
21,0,67543.0,4.4,89.7,24.8,1,1,3.9,1.51,3,Business,Master,0,2,3
18,1,25000.0,6.3,88.7,17.4,0,1,6.0,2.93,1,Engineering,High School,0,0,1
20,1,25000.0,4.72,76.6,23.1,0,0,7.2,2.87,2,Engineering,Master,0,2,1
21,0,33141.0,5.07,79.7,29.6,1,0,5.8,2.45,1,CS,High School,0,0,2
23,0,35865.0,2.75,84.0,42.9,1,1,7.2,0.4,1,CS,Bachelor,1,1,2
22,0,57647.0,4.48,86.4,31.7,1,0,3.2,3.55,3,Arts,High School,0,0,0
19,1,50026.0,5.78,73.2,26.5,0,0,6.4,1.95,1,Engineering,Bachelor,0,1,1
23,0,31513.0,3.7,86.5,38.1,1,0,3.2,4.0,2,Business,Bachelor,0,1,3
20,1,35669.0,3.99,82.5,47.7,0,1,10.0,1.39,2,Engineering,High School,1,0,1
18,1,36266.0,4.99,90.9,33.8,1,0,7.9,2.97,2,Business,Bachelor,1,1,3
20,1,25000.0,5.99,88.1,32.3,0,0,6.2,1.52,3,Science,Master,0,2,4
24,0,27070.0,5.54,82.5,10.1,0,1,2.6,3.42,2,Science,High School,0,0,4
21,0,34513.0,2.35,89.3,13.7,0,0,3.0,2.56,1,Science,Bachelor,0,1,4
21,0,39149.0,4.44,69.9,12.1,1,0,8.9,0.23,4,CS,Bachelor,1,1,2
24,0,25000.0,3.21,79.0,27.7,1,1,3.4,2.42,2,Science,High School,0,0,4
17,1,25000.0,3.58,74.2,20.0,0,1,6.4,2.94,3,Business,Bachelor,0,1,3
18,0,25830.0,2.31,77.6,24.0,1,0,8.8,0.72,2,Arts,Bachelor,1,1,0
17,0,96802.0,3.65,77.5,19.8,1,0,5.7,3.67,1,Engineering,Bachelor,0,1,1
21,0,29590.0,4.05,71.9,20.9,1,1,5.5,1.81,4,Business,Bachelor,0,1,3
21,0,60136.0,3.79,89.6,7.8,1,0,2.3,3.36,2,Arts,High School,0,0,0
24,1,76945.0,4.64,88.0,32.6,0,1,6.2,3.77,4,CS,High School,0,0,2
21,1,30555.0,4.37,77.1,38.4,0,0,3.5,2.35,1,Business,Master,0,2,3
20,1,25000.0,5.15,63.5,30.8,0,0,5.5,2.76,3,Engineering,Bachelor,0,1,1
21,0,40445.0,3.37,78.0,34.4,1,1,3.6,2.52,4,CS,High School,0,0,2
21,1,33423.0,1.8,81.6,35.6,1,1,4.4,2.05,1,Business,Master,0,2,3
17,1,25000.0,6.08,92.9,35.1,0,0,4.5,2.8,4,Business,Master,0,2,3
27,0,25000.0,4.71,77.5,40.2,1,0,5.0,1.5,1,CS,Bachelor,0,1,2
22,0,39032.0,4.77,89.8,44.3,1,0,4.2,1.74,4,Engineering,High School,0,0,1
21,1,52055.0,4.7,78.0,48.9,1,0,6.0,3.59,2,Science,Master,0,2,4
22,1,25000.0,4.34,86.5,6.9,1,0,7.3,2.92,4,Science,High School,0,0,4
22,1,28525.0,5.29,88.5,35.6,1,0,4.9,2.87,4,CS,Bachelor,0,1,2
20,0,44408.0,3.15,86.6,15.5,1,1,6.0,3.55,3,Business,Bachelor,0,1,3
19,0,29684.0,4.02,74.3,46.9,1,0,5.5,1.81,4,CS,Bachelor,0,1,2
22,1,25000.0,4.46,79.1,30.8,0,0,2.7,2.55,2,Business,Master,1,2,3
21,1,25000.0,4.17,86.7,33.3,1,1,6.2,1.49,4,Business,Master,0,2,3
19,0,25000.0,3.36,69.4,31.4,0,1,7.1,0.43,2,Business,High School,1,0,3
24,1,147463.0,4.33,88.3,32.5,1,1,2.1,3.91,2,Arts,High School,0,0,0
21,0,26431.0,3.73,72.3,49.8,1,1,5.3,3.04,4,Science,High School,0,0,4
22,1,67443.0,5.11,71.2,44.9,0,0,6.3,3.68,4,Science,High School,0,0,4
24,1,81666.0,3.4,77.7,49.3,0,1,6.0,2.34,1,Engineering,High School,0,0,1
21,1,26632.0,2.66,76.5,27.7,0,0,4.4,0.31,1,CS,Master,1,2,2
21,0,37088.0,4.73,83.5,5.0,0,1,5.6,1.05,2,Arts,Bachelor,1,1,0
22,0,31618.0,6.74,84.1,39.0,1,0,7.2,1.64,2,CS,Bachelor,0,1,2
19,1,29219.0,3.88,82.6,16.6,1,0,5.5,3.82,2,Engineering,High School,0,0,1
21,1,25000.0,3.81,74.1,25.7,0,1,8.3,1.4,2,Arts,High School,0,0,0
21,1,30617.0,6.33,91.7,29.3,0,0,3.0,3.36,2,Arts,Bachelor,0,1,0
18,1,25000.0,4.6,82.5,30.0,1,0,7.1,2.5,2,Arts,Bachelor,1,1,0
26,1,92499.0,3.81,89.4,37.7,0,0,5.6,1.66,4,CS,Bachelor,0,1,2
17,1,25798.0,6.23,63.7,18.9,0,0,4.6,2.61,1,Science,High School,0,0,4
18,0,95852.0,3.04,86.3,37.5,1,0,2.2,3.98,3,CS,High School,0,0,2
23,0,25000.0,3.57,77.4,27.7,1,0,7.6,0.27,2,CS,Bachelor,1,1,2
22,0,93650.0,4.44,88.1,61.2,1,1,3.8,3.04,4,Arts,High School,0,0,0
18,1,40290.0,7.67,96.3,10.9,0,0,5.4,3.2,2,Science,Bachelor,0,1,4
22,0,41688.0,2.8,72.7,31.5,0,1,6.3,1.14,3,Science,High School,0,0,4
24,0,25000.0,2.53,88.9,37.4,1,0,9.8,0.23,1,Science,Bachelor,1,1,4
20,1,42030.0,4.29,77.2,25.1,0,1,4.9,3.71,1,Business,Master,0,2,3
26,1,82095.0,5.94,67.0,23.1,1,1,5.6,2.32,2,Arts,Master,1,2,0
17,1,27258.0,5.17,89.4,45.9,1,0,6.2,3.0,3,Science,Bachelor,0,1,4
22,0,25000.0,3.12,96.6,40.1,0,1,5.7,1.31,1,Business,Bachelor,0,1,3
23,1,25641.0,2.51,98.9,20.4,0,1,4.1,0.68,3,Science,Master,1,2,4
23,0,28160.0,4.09,69.4,12.2,1,0,5.5,2.03,2,Science,Master,0,2,4
20,0,49673.0,4.14,70.4,37.1,1,0,4.7,2.49,1,Engineering,High School,0,0,1
20,0,29219.0,4.28,80.3,33.9,1,0,5.5,2.43,4,Business,High School,0,0,3
22,0,35889.0,3.69,81.1,36.9,1,1,5.1,1.82,4,Science,High School,0,0,4
22,0,30442.0,3.65,90.8,28.4,1,0,4.4,2.87,2,Arts,Bachelor,0,1,0
22,1,38345.0,3.64,81.8,40.3,0,0,7.4,2.89,4,Business,High School,0,0,3
23,0,56506.0,4.79,65.4,49.2,1,0,6.0,1.24,4,Business,Bachelor,1,1,3
18,1,25635.0,4.45,87.0,48.4,1,0,1.6,3.75,2,Arts,Master,0,2,0
20,0,67589.0,4.81,82.6,20.2,0,0,6.0,1.89,4,Engineering,High School,0,0,1
18,0,37031.0,4.44,89.2,60.0,0,0,4.4,2.78,4,Engineering,Master,0,2,1
20,0,25000.0,1.57,84.0,37.9,1,0,2.6,3.38,4,Science,Bachelor,0,1,4
23,1,50519.0,4.01,87.5,12.9,1,0,7.2,3.03,1,Science,Bachelor,0,1,4
21,1,25000.0,3.13,82.1,35.2,1,1,4.1,3.53,3,Science,Bachelor,0,1,4
26,1,49787.0,6.06,84.3,32.8,1,1,6.0,2.68,1,Science,Bachelor,0,1,4
21,1,51068.0,2.51,74.6,28.6,1,1,7.2,1.66,3,Business,Bachelor,1,1,3
21,1,36241.0,1.51,84.8,27.6,1,0,5.1,2.68,1,Business,High School,0,0,3
21,1,41201.0,5.03,80.5,38.4,1,1,6.0,3.84,4,CS,High School,0,0,2
19,1,57487.0,4.32,85.9,38.5,0,1,4.3,1.98,4,Science,Master,0,2,4
20,0,25000.0,4.18,72.5,23.0,0,0,7.5,2.8,1,CS,Master,1,2,2
23,1,47861.0,4.53,93.2,23.6,1,1,5.2,3.69,1,Science,High School,0,0,4
21,0,59743.0,3.88,84.0,23.1,1,0,6.5,0.86,4,CS,Bachelor,0,1,2
19,0,29684.0,3.78,73.3,27.9,1,0,5.5,4.0,1,Engineering,Bachelor,0,1,1
19,1,25000.0,4.22,82.0,40.6,1,0,2.2,2.24,4,Science,Bachelor,0,1,4
20,0,37991.0,2.62,86.8,44.4,1,1,4.3,2.3,1,CS,Bachelor,0,1,2
21,0,25000.0,5.93,64.0,27.4,0,1,5.2,1.17,1,Science,High School,0,0,4
23,0,25000.0,3.15,81.1,43.2,1,0,5.7,1.58,1,Science,High School,1,0,4
18,1,36880.0,2.42,75.7,35.3,0,0,6.6,1.32,4,Arts,High School,0,0,0
20,0,31147.0,4.5,79.1,31.6,1,0,7.7,2.84,3,Science,High School,0,0,4
21,0,59101.0,2.93,90.1,52.4,0,0,4.2,1.59,3,Engineering,High School,1,0,1
17,1,25000.0,5.55,69.2,33.9,0,1,5.1,2.59,1,Arts,Bachelor,0,1,0
19,0,27435.0,1.41,87.9,28.4,1,0,7.5,0.88,3,Science,High School,1,0,4
19,0,29803.0,4.15,85.7,40.0,0,0,5.5,3.91,1,Business,Master,1,2,3
19,0,25000.0,3.52,92.2,15.2,1,1,2.4,2.85,1,Arts,High School,0,0,0
21,0,25000.0,4.17,65.4,27.4,1,0,2.3,2.4,3,Engineering,Bachelor,0,1,1
20,0,58085.0,3.04,86.7,33.1,1,1,4.6,2.34,4,Engineering,High School,0,0,1
19,0,25000.0,3.65,84.0,38.6,0,1,6.5,0.75,2,Science,Bachelor,1,1,4
21,0,60445.0,6.25,81.6,32.9,0,1,6.5,2.28,2,Arts,PhD,1,3,0
24,1,29794.5,4.04,93.6,14.5,1,1,5.5,3.7,2,CS,Master,0,2,2
24,1,25000.0,1.91,65.1,19.4,0,0,6.7,1.88,3,CS,Bachelor,1,1,2
17,1,40873.0,3.7,83.0,24.8,1,0,6.0,3.82,2,Arts,High School,0,0,0
22,0,40680.0,2.53,90.2,32.9,0,1,3.6,2.68,1,Engineering,High School,0,0,1
20,0,38321.0,4.75,69.0,14.4,1,0,4.4,3.17,4,Science,Bachelor,0,1,4
21,1,27306.0,4.65,86.8,46.9,0,0,2.0,4.0,3,CS,Bachelor,0,1,2
20,0,25000.0,3.83,84.6,33.8,1,1,3.4,2.04,4,Arts,PhD,0,3,0
21,1,66684.0,4.49,65.0,33.4,1,1,2.1,1.12,1,Engineering,Bachelor,0,1,1
21,0,27975.0,2.61,90.8,27.9,1,1,2.7,3.0,4,Business,PhD,0,3,3
19,1,25000.0,5.23,74.9,12.7,1,0,8.5,2.75,4,Arts,Bachelor,0,1,0
19,0,39124.0,3.26,94.6,31.1,0,0,4.8,3.9,1,Science,Master,0,2,4
20,0,25000.0,6.18,86.6,39.0,1,0,2.3,3.86,1,Science,Bachelor,0,1,4
21,1,25000.0,3.58,84.4,28.2,1,1,6.3,2.36,3,Business,Bachelor,0,1,3
22,1,25000.0,3.41,90.1,42.8,0,0,6.0,3.56,2,Engineering,Master,0,2,1
22,0,30604.5,3.56,89.2,29.3,0,0,5.5,2.33,1,Science,Bachelor,0,1,4
19,1,25000.0,4.76,66.3,38.4,0,1,3.9,1.46,4,Science,Bachelor,1,1,4
21,0,48235.0,5.88,68.4,28.7,0,0,6.6,2.32,1,Business,High School,1,0,3
23,0,27770.0,4.46,80.9,34.6,1,1,3.5,3.04,3,Engineering,Master,0,2,1
23,1,28377.0,4.645,58.400000000000006,40.4,0,1,5.5,3.69,2,Engineering,Bachelor,0,1,1
20,1,25000.0,2.93,95.3,17.0,0,0,7.1,3.12,4,Arts,Master,0,2,0
20,1,25000.0,3.73,74.1,37.8,1,0,5.4,2.93,4,CS,PhD,0,3,2
21,0,32509.0,2.56,82.7,42.7,1,0,2.9,3.29,2,CS,High School,0,0,2
18,0,90544.0,3.34,86.7,56.3,0,1,6.9,2.97,3,Science,High School,0,0,4
20,1,40888.0,3.14,100.0,30.9,0,0,4.4,2.38,3,Engineering,Bachelor,0,1,1
22,0,204684.0,2.09,91.2,5.0,0,1,6.0,0.4,4,Science,High School,1,0,4
22,0,36288.0,5.22,76.7,8.6,1,0,6.7,1.3,1,Business,Master,0,2,3
20,0,34246.0,4.77,86.2,19.4,0,0,4.0,3.34,3,CS,Master,0,2,2
21,0,25000.0,3.48,87.6,45.4,1,0,9.4,3.09,4,Science,High School,1,0,4
19,0,38437.0,4.42,87.0,56.4,1,1,5.4,3.06,4,Engineering,Master,0,2,1
22,0,32899.0,3.46,74.2,25.1,1,0,4.3,1.47,3,Arts,High School,0,0,0
20,1,25000.0,3.71,98.3,30.6,1,0,7.3,2.55,4,Engineering,Master,1,2,1
20,1,27390.0,4.66,72.2,5.0,1,0,8.3,0.18,1,Engineering,Bachelor,0,1,1
20,0,28542.0,3.98,87.4,37.8,1,0,1.8,3.96,3,Science,High School,0,0,4
20,0,26690.0,4.02,74.9,31.6,0,0,3.0,3.83,3,Business,Bachelor,0,1,3
20,0,29219.0,3.73,85.1,27.0,1,0,5.5,2.9,2,CS,High School,0,0,2
22,0,25000.0,5.07,80.4,18.4,0,1,9.3,0.65,3,Science,Bachelor,0,1,4
20,1,32912.0,5.69,71.6,25.8,1,0,4.6,1.25,4,Arts,Bachelor,0,1,0
24,1,25000.0,5.33,62.2,13.9,1,0,8.2,1.29,2,Business,Bachelor,1,1,3
24,1,47575.0,3.31,89.1,19.7,1,0,5.9,2.25,4,Business,High School,0,0,3
19,1,33059.0,5.27,77.5,14.8,1,0,2.9,2.72,1,Business,Master,0,2,3
21,0,25136.0,4.56,83.1,17.8,1,0,7.1,3.09,3,Engineering,High School,0,0,1
19,0,25000.0,2.88,96.4,16.1,0,1,6.1,1.71,4,Engineering,Master,1,2,1
20,1,34406.0,3.61,87.0,36.9,1,1,3.9,3.34,4,Science,PhD,0,3,4
25,1,31202.0,3.71,43.8,16.2,1,1,5.5,0.31,2,Business,High School,1,0,3
20,0,28669.0,0.97,72.2,29.4,1,0,3.6,2.33,3,Engineering,Master,0,2,1
21,0,25000.0,4.25,67.3,16.9,0,1,4.4,2.59,1,Arts,Bachelor,0,1,0
22,1,70261.0,2.54,75.3,17.4,1,1,6.7,2.15,3,Science,Bachelor,0,1,4
18,0,49714.0,2.63,79.8,16.9,0,1,3.9,2.51,3,CS,Bachelor,0,1,2
19,1,70152.0,4.2,100.0,41.7,1,0,5.7,4.0,2,Business,Bachelor,0,1,3
18,1,59171.0,3.55,90.1,27.8,0,0,6.1,2.24,4,CS,High School,0,0,2
19,0,42421.0,2.7,84.9,21.0,1,1,5.4,2.31,1,Science,Master,0,2,4
17,1,25000.0,4.2,85.6,18.0,0,0,2.6,3.72,1,Business,Bachelor,0,1,3
22,1,89862.0,2.88,85.8,13.9,1,0,6.8,3.03,2,Business,Master,0,2,3
25,1,25000.0,2.88,68.0,21.4,1,0,3.4,0.0,1,Science,Bachelor,1,1,4
21,0,25310.0,5.53,70.7,12.8,1,1,4.5,3.43,4,CS,Master,0,2,2
17,0,45440.0,4.21,85.6,24.8,1,0,4.7,2.64,3,CS,Bachelor,0,1,2
19,1,46813.0,4.43,82.0,21.5,1,1,5.4,1.55,2,Engineering,High School,1,0,1
20,0,41913.0,6.04,84.4,20.6,0,0,5.7,1.1,1,Engineering,Bachelor,0,1,1
18,0,25000.0,3.7,94.8,44.9,0,0,6.7,2.7,4,Engineering,Master,0,2,1
22,0,25000.0,3.18,76.5,27.1,1,0,4.9,3.33,4,Business,High School,0,0,3
22,1,136042.0,3.2,79.0,27.8,1,1,3.3,2.68,4,Arts,Master,0,2,0
18,0,29039.0,6.41,84.0,45.4,0,0,7.5,0.58,1,Business,Master,1,2,3
22,0,26982.0,3.88,68.4,13.7,0,1,4.8,2.82,1,Engineering,PhD,0,3,1
24,0,25000.0,2.79,70.2,24.2,1,0,5.2,3.39,3,Business,Bachelor,0,1,3
25,1,34434.0,4.17,92.9,11.4,1,0,3.7,3.24,3,Engineering,PhD,0,3,1
27,1,33484.0,3.19,79.6,30.8,1,0,3.9,1.87,4,Engineering,Bachelor,0,1,1
19,0,29445.0,3.47,78.1,37.3,0,0,8.1,1.42,2,Science,Bachelor,0,1,4
27,1,37385.0,6.12,83.9,5.0,1,1,3.0,3.26,1,Arts,Bachelor,0,1,0
20,0,85658.0,4.16,68.6,40.3,1,0,3.3,1.72,1,Business,High School,0,0,3
19,1,25000.0,2.34,79.5,33.7,0,0,4.7,0.75,2,Business,High School,1,0,3
21,1,30511.0,3.43,77.4,30.4,1,0,6.1,1.6,2,Science,High School,1,0,4
19,1,25000.0,1.59,84.9,15.1,1,0,3.8,2.19,1,Science,Bachelor,0,1,4
21,0,35483.0,3.01,65.1,39.3,1,0,2.7,1.4,2,CS,Master,1,2,2
18,1,25000.0,5.3,75.6,50.2,1,0,3.3,4.0,2,CS,PhD,0,3,2
20,1,25000.0,3.06,78.3,25.1,1,1,4.8,0.09,4,Engineering,High School,1,0,1
23,1,25000.0,7.44,78.1,26.2,0,0,3.7,2.53,3,Business,High School,0,0,3
20,0,31529.0,0.6,90.4,30.3,0,0,9.5,0.22,3,CS,Bachelor,1,1,2
21,0,38479.0,3.42,75.7,25.2,0,0,9.1,0.82,2,Science,Master,1,2,4
22,1,90788.0,4.15,100.0,27.9,1,0,7.6,1.46,3,CS,Bachelor,1,1,2
23,0,39407.0,4.08,88.0,42.3,0,0,6.2,2.6,1,Arts,Bachelor,0,1,0
17,1,28160.0,3.89,63.1,29.2,1,0,5.5,4.0,4,CS,Master,0,2,2
22,0,25000.0,3.64,86.8,33.5,1,0,7.9,2.25,3,Engineering,High School,0,0,1
20,1,25000.0,5.63,87.8,54.4,1,0,5.7,3.88,3,Engineering,Master,0,2,1
21,0,25000.0,2.4,79.5,47.6,1,0,4.0,3.06,1,CS,Master,0,2,2
23,0,91750.0,3.69,91.2,17.4,0,1,9.3,0.92,2,Business,Bachelor,0,1,3
18,0,35337.0,2.55,74.2,50.9,0,0,6.5,1.86,3,Engineering,PhD,0,3,1
18,0,25000.0,3.36,86.7,46.5,1,0,8.1,0.64,2,Business,Master,1,2,3
17,1,25000.0,3.67,81.2,47.9,1,0,8.8,0.0,4,CS,PhD,1,3,2
19,1,25000.0,4.8,84.3,22.5,0,1,2.3,3.05,2,Business,Master,0,2,3
23,1,25000.0,2.68,83.8,32.5,0,0,3.9,1.95,1,Science,High School,1,0,4
20,1,65497.0,3.64,82.1,25.3,1,0,5.1,1.25,4,Business,High School,0,0,3
18,1,29203.0,4.03,97.8,31.5,1,1,6.4,2.71,3,Science,Bachelor,0,1,4
19,0,25000.0,4.19,77.3,51.0,0,0,7.1,0.24,1,Science,Bachelor,1,1,4
17,0,118928.0,2.56,75.7,31.7,1,1,5.4,1.03,1,Science,High School,1,0,4
18,0,25000.0,4.3,81.3,9.4,1,0,7.8,2.47,3,Engineering,Master,0,2,1
21,1,25000.0,5.52,92.4,25.5,1,1,6.6,3.26,2,Arts,High School,0,0,0
18,0,65257.0,5.5,82.3,22.1,0,0,6.6,0.02,3,Business,Bachelor,0,1,3
23,0,38143.0,3.64,81.4,51.5,1,1,5.0,1.65,4,Arts,High School,1,0,0
20,1,25000.0,4.68,77.6,20.2,0,1,6.1,2.36,4,Business,Master,0,2,3
21,1,25000.0,3.79,78.1,25.1,1,1,6.1,1.15,3,Business,Bachelor,0,1,3
20,1,29803.5,4.25,90.6,25.5,0,0,5.5,1.01,4,Business,High School,1,0,3
22,1,25000.0,4.88,81.5,49.2,0,0,3.1,3.9,2,Engineering,High School,0,0,1
22,1,29858.0,2.49,84.0,41.5,0,1,6.8,2.22,4,Arts,Bachelor,1,1,0
21,0,33344.0,3.8,76.4,36.8,0,1,2.5,2.39,1,CS,Bachelor,0,1,2
22,1,28160.0,4.050000000000001,88.2,32.8,1,0,5.5,2.4,1,Science,Master,0,2,4
20,1,29041.0,3.88,91.8,32.6,0,0,6.6,0.75,3,CS,Bachelor,1,1,2
22,0,25000.0,2.5,74.6,30.9,1,0,4.0,2.54,1,Engineering,Bachelor,1,1,1
20,0,35450.0,3.85,74.8,54.7,1,0,5.5,0.29,2,CS,Master,1,2,2
21,0,64107.0,3.8,75.2,14.8,1,0,3.8,2.89,3,Science,High School,0,0,4
20,0,26966.0,3.84,90.3,5.0,1,0,6.6,2.82,2,Arts,Bachelor,0,1,0
20,1,26652.0,4.33,74.3,35.3,1,0,5.6,0.92,3,Business,Bachelor,1,1,3
19,0,31251.0,2.0,79.2,46.8,1,1,5.5,0.95,3,Science,High School,0,0,4
22,0,58158.0,5.01,74.1,32.2,1,0,7.5,0.83,3,Engineering,High School,0,0,1
23,1,25000.0,5.09,95.5,6.2,1,0,6.3,2.86,4,CS,High School,0,0,2
23,1,71005.0,5.83,77.7,38.9,1,0,6.4,3.6,3,Arts,Bachelor,0,1,0
18,1,38282.0,3.87,95.3,17.2,1,0,7.5,2.03,1,Business,Bachelor,0,1,3
23,1,30249.0,4.34,81.8,14.6,1,0,7.7,1.6,1,Science,Bachelor,0,1,4
20,0,61571.0,5.36,78.1,18.3,0,0,3.8,3.82,2,Arts,Bachelor,0,1,0
22,1,25000.0,3.09,88.4,10.7,0,0,6.8,2.78,4,Arts,Master,0,2,0
19,0,40669.0,4.64,81.7,32.4,0,1,6.3,2.16,2,Science,High School,0,0,4
21,0,38491.0,3.04,93.3,22.2,0,0,7.9,0.4,1,Business,Master,1,2,3
21,0,25000.0,4.67,80.3,14.0,1,0,3.2,3.15,2,Engineering,High School,0,0,1
17,0,39198.0,4.51,78.4,58.6,0,0,4.3,3.5,2,CS,Bachelor,0,1,2
22,1,29219.0,4.0,78.4,23.6,1,0,5.5,2.55,3,Science,High School,1,0,4
24,1,26709.0,4.66,91.9,30.6,1,0,8.0,2.5,1,Arts,Bachelor,0,1,0
20,1,29590.0,4.03,84.0,48.6,1,1,5.5,0.16,1,Arts,Bachelor,0,1,0
24,0,25000.0,3.79,76.1,38.1,0,0,5.4,1.82,2,Arts,High School,0,0,0
20,1,34968.0,5.06,70.5,52.9,0,0,4.3,1.43,3,Science,Master,0,2,4
22,1,27474.0,5.4,83.7,21.6,1,0,6.9,0.59,3,Business,Bachelor,1,1,3
17,0,25000.0,4.54,74.5,42.6,1,1,6.7,1.4,1,Arts,Bachelor,1,1,0
26,1,40204.0,4.02,67.9,35.9,1,0,4.5,3.81,2,Business,PhD,0,3,3
24,0,30885.0,3.79,75.7,41.9,0,1,5.5,4.0,4,Business,High School,0,0,3
20,0,25000.0,3.58,72.1,40.1,0,0,6.9,1.32,3,Arts,Bachelor,0,1,0
17,1,25000.0,5.16,67.7,20.7,1,1,6.4,0.89,3,CS,Bachelor,1,1,2
21,1,47736.0,3.2,80.9,63.9,0,0,4.3,3.62,2,Business,High School,0,0,3
17,0,30885.0,4.03,64.6,5.0,0,1,5.5,1.65,3,CS,High School,0,0,2
22,0,35159.0,2.79,75.0,19.6,0,0,6.7,2.34,4,Business,Bachelor,0,1,3
21,1,30729.0,3.89,83.8,38.2,1,1,7.7,2.76,2,Engineering,Bachelor,1,1,1
18,1,25000.0,5.97,79.6,33.5,1,0,7.0,1.23,2,Science,High School,0,0,4
23,0,96182.0,5.98,99.6,31.6,1,0,4.9,3.98,1,CS,High School,0,0,2
22,0,33117.0,6.12,80.5,38.6,0,0,4.1,3.94,2,Business,Master,0,2,3
23,0,46788.0,3.17,71.8,19.9,1,1,9.1,1.71,2,Science,High School,0,0,4
21,1,35274.0,7.52,84.4,40.1,0,1,4.6,4.0,4,Arts,Master,0,2,0
17,0,25876.0,5.54,85.1,28.4,0,0,2.2,4.0,2,CS,High School,0,0,2
23,0,29394.0,5.32,79.3,46.8,1,0,3.3,1.58,1,CS,High School,1,0,2
20,0,29219.0,4.11,53.7,26.3,1,0,5.5,0.76,4,Science,High School,0,0,4
17,1,57117.0,1.97,94.4,35.6,1,0,7.7,0.53,3,Business,Master,0,2,3
24,1,95913.0,3.19,71.9,37.6,1,0,8.8,1.54,1,Engineering,Bachelor,0,1,1
25,1,33962.0,3.46,89.1,40.9,0,0,5.9,3.41,1,CS,PhD,0,3,2
20,0,25000.0,3.81,91.9,30.4,0,0,2.6,3.42,2,Arts,High School,0,0,0
25,0,25000.0,3.44,79.5,26.6,1,0,7.7,0.42,4,Engineering,High School,0,0,1
21,1,25000.0,3.96,89.0,20.7,1,0,6.3,3.43,3,Engineering,Bachelor,0,1,1
20,1,47109.0,4.62,89.7,35.8,1,0,7.7,1.17,1,CS,Master,0,2,2
19,1,25000.0,4.1,73.4,7.2,1,0,6.6,1.47,3,Engineering,Bachelor,0,1,1
24,1,25000.0,3.74,93.8,33.7,1,1,3.0,4.0,1,Science,Bachelor,0,1,4
19,1,130387.0,3.66,84.6,34.6,0,0,6.7,1.29,3,Business,High School,0,0,3
22,1,25000.0,5.84,64.7,52.5,0,0,2.7,3.09,3,Business,PhD,0,3,3
19,1,25000.0,3.5,83.6,22.1,1,1,4.1,3.13,1,Engineering,Bachelor,0,1,1
20,1,81062.0,5.01,77.5,32.3,1,1,7.4,0.08,2,Business,Bachelor,0,1,3
23,0,29219.0,4.02,70.6,31.9,1,0,5.5,3.04,4,CS,High School,0,0,2
20,0,58804.0,1.58,76.9,16.7,1,1,3.8,3.44,1,CS,Master,0,2,2
20,1,29684.0,3.89,76.9,29.9,1,0,5.5,3.72,4,CS,Bachelor,0,1,2
23,0,25000.0,5.6,73.7,13.9,1,0,5.5,1.51,1,Arts,High School,1,0,0
24,1,82738.0,6.94,83.8,41.6,1,1,9.1,0.0,1,Arts,Bachelor,0,1,0
22,0,51733.0,5.15,86.2,37.1,1,1,6.5,1.38,1,Engineering,Bachelor,0,1,1
19,0,51637.0,4.07,82.0,35.2,0,0,9.7,2.86,2,CS,Master,0,2,2
19,0,37071.0,4.75,79.6,22.4,1,1,5.2,2.32,1,CS,Master,0,2,2
21,0,42594.0,3.38,82.8,47.0,1,1,7.1,2.69,1,Science,Bachelor,0,1,4
21,0,25000.0,2.89,90.5,17.0,1,1,4.9,4.0,4,CS,Bachelor,0,1,2
18,0,31792.0,6.72,73.7,30.6,1,1,4.1,3.19,3,Engineering,Bachelor,0,1,1
22,1,25000.0,3.63,71.3,16.0,0,0,3.8,0.81,3,Engineering,Bachelor,0,1,1
21,0,25000.0,4.18,72.4,27.8,1,1,6.1,0.74,3,Science,High School,1,0,4
17,0,38047.0,4.61,68.9,45.3,1,0,7.8,0.0,4,CS,Master,1,2,2
19,0,59569.0,3.7,73.9,35.7,0,0,4.9,1.11,4,Business,PhD,0,3,3
19,1,25000.0,5.25,91.1,18.9,1,0,8.1,1.92,2,Science,High School,0,0,4
20,1,26181.0,3.87,68.4,23.7,1,0,8.8,0.0,4,Business,High School,1,0,3
25,1,25000.0,8.58,80.0,25.4,1,0,7.1,2.35,4,Arts,PhD,0,3,0
21,0,29862.0,1.52,87.3,20.0,1,0,6.1,0.42,4,Business,Master,1,2,3
19,0,46913.0,3.13,82.1,33.3,0,0,4.3,1.39,1,CS,Bachelor,0,1,2
21,1,47806.0,5.4,89.0,56.2,1,1,7.8,2.88,3,Engineering,Master,0,2,1
20,1,41238.0,1.96,77.4,23.3,1,0,3.4,2.25,2,Business,Bachelor,0,1,3
21,0,25000.0,4.26,78.1,53.2,1,0,6.6,1.39,4,CS,Bachelor,1,1,2
22,0,25000.0,3.57,78.9,30.0,1,1,3.2,1.07,1,Arts,High School,0,0,0
23,0,47918.0,3.85,86.4,33.9,1,1,3.6,3.35,2,Arts,Master,0,2,0
20,0,48397.0,5.57,100.0,33.1,0,0,5.4,2.92,2,Arts,Bachelor,0,1,0
24,1,26817.0,4.19,81.9,9.6,1,0,6.8,1.62,4,Arts,High School,0,0,0
23,1,25000.0,3.02,80.1,35.5,1,1,7.3,0.81,2,Business,Bachelor,1,1,3
19,0,59895.0,5.32,74.3,5.0,1,0,5.5,1.58,1,Science,Master,0,2,4
25,0,25000.0,4.3,95.9,32.5,0,1,4.7,1.68,2,Science,Bachelor,0,1,4
21,1,46516.0,2.21,78.9,32.0,1,1,4.1,2.8,2,Engineering,PhD,0,3,1
19,1,27389.0,3.13,77.1,11.6,0,0,6.8,0.92,2,Business,High School,0,0,3
24,1,25000.0,3.89,80.3,30.8,1,0,6.7,1.33,3,Arts,High School,1,0,0
25,0,78228.0,5.0,96.6,26.5,1,0,5.8,3.13,2,CS,High School,0,0,2
20,1,30604.5,3.84,77.5,28.2,0,0,5.5,2.2,4,Science,Bachelor,0,1,4
19,0,25000.0,5.24,81.8,28.3,1,1,8.4,1.32,3,Engineering,Master,0,2,1
20,0,25000.0,4.09,61.9,22.9,1,1,7.3,1.19,4,Science,High School,1,0,4
22,0,25000.0,3.12,89.8,30.9,1,0,3.0,1.32,2,Engineering,High School,1,0,1
23,1,25000.0,4.07,79.7,40.4,1,1,7.1,3.88,2,Business,High School,0,0,3
22,0,94379.0,4.95,89.3,27.1,1,0,8.0,1.03,4,CS,Bachelor,1,1,2
21,1,25000.0,3.76,87.1,29.4,0,1,4.0,0.14,3,Engineering,Bachelor,1,1,1
24,0,70861.0,2.57,83.3,37.8,0,1,7.2,2.0,3,Science,Master,1,2,4
20,0,27489.0,4.26,78.4,57.2,1,0,10.0,2.05,2,Arts,Master,0,2,0
23,0,25000.0,2.82,82.5,27.7,1,1,6.4,2.58,4,CS,Bachelor,0,1,2
20,0,25000.0,5.95,71.3,9.6,0,0,5.1,3.0,1,Arts,Bachelor,0,1,0
21,0,25000.0,5.48,83.8,19.2,0,0,5.3,1.44,3,Arts,High School,1,0,0
20,0,25000.0,3.7,86.4,37.2,1,0,5.7,3.07,1,CS,Master,0,2,2
20,0,25000.0,4.59,82.7,48.2,1,0,2.7,3.95,4,Business,Bachelor,0,1,3
20,0,25000.0,3.89,82.3,18.7,0,0,2.6,1.49,3,Business,Bachelor,0,1,3
24,1,73694.0,5.95,77.2,29.5,1,0,6.0,3.31,3,Science,Master,0,2,4
19,0,33746.0,1.91,80.7,30.2,0,1,5.4,1.41,2,Business,Bachelor,1,1,3
19,1,25000.0,4.25,73.2,20.8,0,0,6.7,3.4,2,Business,Bachelor,0,1,3
25,0,33964.0,2.76,77.6,48.4,0,0,5.0,0.7,2,Arts,Bachelor,1,1,0
23,0,25000.0,4.55,98.5,44.0,1,0,5.6,3.12,3,Science,Bachelor,0,1,4
17,1,31202.0,3.68,82.7,34.1,1,1,5.5,0.57,4,Engineering,High School,1,0,1
19,1,175258.0,4.43,85.9,25.0,0,0,1.4,4.0,4,Business,High School,0,0,3
17,0,33315.0,6.52,81.8,41.5,0,0,3.9,3.11,4,Arts,Bachelor,0,1,0
18,1,25000.0,3.29,82.5,36.2,1,1,4.6,1.45,2,CS,Master,1,2,2
17,1,25000.0,2.04,83.1,24.8,1,0,5.2,2.11,2,Engineering,Master,0,2,1
20,1,25000.0,4.86,80.1,41.7,1,0,2.9,2.09,1,Science,Master,0,2,4
18,1,80233.0,3.59,86.7,34.4,1,1,3.9,2.83,2,CS,Master,0,2,2
21,0,73216.0,5.23,76.3,10.1,0,0,6.8,2.86,4,Arts,Bachelor,0,1,0
17,0,46720.0,5.43,70.1,18.1,1,0,6.3,2.14,1,Science,High School,0,0,4
21,1,25000.0,5.34,83.6,14.0,0,0,1.0,3.97,4,Engineering,Master,0,2,1
20,1,73569.0,3.97,90.9,42.4,1,0,5.1,1.27,4,Science,Master,0,2,4
24,1,38944.0,6.37,76.8,21.6,0,1,5.2,3.61,2,Science,Bachelor,0,1,4
24,1,44044.0,5.03,88.3,37.5,0,1,3.9,3.15,4,Engineering,High School,0,0,1
22,0,38859.0,3.06,87.4,56.1,1,1,5.2,2.54,2,Arts,Master,0,2,0
20,0,25000.0,3.15,94.5,39.5,0,0,6.2,2.55,4,Science,Bachelor,0,1,4
25,1,25000.0,5.7,96.9,25.0,0,1,6.8,2.69,1,Business,High School,0,0,3
17,1,25000.0,4.87,86.6,21.1,1,0,5.7,1.47,3,Business,Master,0,2,3
17,1,43747.0,3.06,81.0,26.3,1,1,6.7,0.32,2,Engineering,Master,0,2,1
20,1,25000.0,3.54,69.1,17.7,1,1,5.5,1.68,3,Engineering,Master,1,2,1
26,0,26763.0,3.92,89.8,16.3,1,1,1.4,3.62,4,Science,Bachelor,0,1,4
20,1,26743.0,5.07,91.1,20.3,1,0,5.3,2.05,4,Business,Bachelor,0,1,3
20,1,47841.0,3.71,79.9,36.4,1,1,3.3,0.85,4,Science,PhD,1,3,4
17,1,44569.0,5.71,84.8,23.7,0,0,5.7,1.72,2,Arts,Bachelor,0,1,0
23,0,25000.0,4.47,73.8,27.3,0,0,5.1,1.53,3,Business,Master,0,2,3
23,0,70828.0,5.77,77.2,35.6,1,1,5.1,3.67,3,Arts,Master,0,2,0
22,1,25000.0,2.51,71.4,38.7,0,0,4.0,0.82,4,Science,High School,1,0,4
19,0,57259.0,5.95,84.2,6.8,0,0,4.8,3.31,3,Science,PhD,0,3,4
19,1,25000.0,5.52,78.8,9.3,1,0,6.1,2.99,4,Science,Master,0,2,4
18,0,32806.0,4.1,92.0,25.4,1,1,3.9,2.88,4,CS,Bachelor,0,1,2
21,0,34050.0,3.32,83.9,16.6,0,0,4.4,1.4,3,Science,Master,0,2,4
18,1,33477.0,5.69,84.8,40.3,1,1,2.3,3.71,3,Business,High School,0,0,3
18,0,44565.0,3.4,82.1,24.4,0,0,6.0,3.19,3,Science,Bachelor,0,1,4
20,1,37604.0,3.99,94.6,51.6,1,1,3.2,3.55,3,Arts,Bachelor,0,1,0
19,0,47581.0,4.66,93.6,24.1,0,0,5.6,2.82,4,CS,Bachelor,0,1,2
19,1,39292.0,2.52,80.6,33.7,0,0,6.8,0.16,1,Science,Bachelor,1,1,4
22,0,25000.0,3.76,84.4,22.0,0,0,7.8,1.83,1,Business,High School,0,0,3
21,0,34957.0,2.8,93.3,35.9,1,0,4.9,3.02,4,Business,Bachelor,0,1,3
20,1,25000.0,1.98,72.6,36.1,0,0,6.6,1.54,2,Engineering,Master,0,2,1
21,1,25000.0,6.71,84.4,40.7,1,0,5.5,2.98,2,Science,High School,0,0,4
18,0,25000.0,3.15,79.2,28.4,0,0,2.1,2.09,1,Business,High School,0,0,3
21,1,33188.0,4.81,93.8,45.2,0,0,2.8,3.98,4,CS,High School,0,0,2
21,0,34538.0,6.72,86.2,33.6,1,0,7.0,2.87,3,Science,Bachelor,0,1,4
17,1,56028.0,3.18,68.1,22.3,1,1,7.6,0.24,4,Science,Master,1,2,4
23,0,65146.0,2.36,78.7,22.4,1,1,1.7,3.4,1,Arts,High School,0,0,0
19,0,36380.0,6.29,93.2,38.7,1,1,6.1,3.15,3,Business,Bachelor,0,1,3
21,0,40549.0,2.79,89.1,45.2,0,0,6.0,2.03,3,Arts,PhD,0,3,0
23,0,31482.0,3.47,73.7,16.5,0,1,4.1,3.04,1,Business,Bachelor,0,1,3
23,1,47114.0,3.26,74.2,39.0,1,0,4.1,3.62,2,Engineering,Bachelor,0,1,1
21,0,39823.0,4.2,82.6,12.2,1,0,3.6,0.96,2,Business,High School,0,0,3
20,0,28776.0,1.63,81.6,22.6,1,0,2.0,1.88,3,Engineering,Bachelor,0,1,1
23,0,108141.0,4.81,79.9,35.9,1,1,3.6,2.22,2,CS,High School,0,0,2
22,0,25000.0,4.6,78.8,19.8,0,1,6.8,2.09,2,Science,PhD,0,3,4
19,1,71159.0,5.12,77.3,47.6,1,1,4.9,1.64,3,Arts,High School,0,0,0
19,1,25000.0,5.1,100.0,37.3,0,0,6.8,1.85,1,Business,Bachelor,0,1,3
17,1,29590.0,4.17,79.1,15.8,1,1,5.5,4.0,4,Business,Bachelor,0,1,3
21,1,70399.0,3.6,76.7,37.9,0,0,6.3,0.76,4,Science,High School,1,0,4
20,1,29803.0,4.17,86.0,14.2,0,0,5.5,1.32,1,Science,Master,1,2,4
23,1,32318.0,3.15,81.2,30.0,1,0,1.0,2.92,3,Arts,Bachelor,0,1,0
21,0,45672.0,4.25,74.6,40.5,0,0,4.6,1.92,3,Business,Master,0,2,3
23,0,34585.0,2.97,80.0,38.5,1,0,6.1,3.69,4,Engineering,Bachelor,0,1,1
19,0,28160.0,4.22,81.5,29.0,1,0,5.5,0.03,3,Engineering,Master,1,2,1
23,0,32265.0,3.43,85.4,25.9,1,0,3.0,3.0,1,Business,Master,1,2,3
19,1,25000.0,2.94,84.5,16.1,1,1,8.0,0.24,1,CS,Bachelor,1,1,2
22,1,123109.0,5.37,73.9,32.2,0,0,6.3,2.04,2,Arts,High School,0,0,0
17,0,25000.0,5.03,86.9,39.7,0,0,3.7,3.95,2,Science,Bachelor,0,1,4
21,1,38580.0,4.07,89.1,54.8,1,0,7.3,2.14,2,Science,Bachelor,0,1,4
17,0,25000.0,1.73,73.4,24.5,0,1,9.6,1.45,3,Arts,High School,1,0,0
20,0,25000.0,2.86,75.8,40.2,1,1,4.9,1.53,2,Business,Master,0,2,3
22,1,25000.0,3.9,80.6,39.2,1,0,4.7,3.99,3,CS,Bachelor,0,1,2
19,1,25000.0,4.61,83.8,24.3,1,0,3.8,3.35,3,Business,High School,0,0,3
18,1,57236.0,4.64,84.1,38.7,1,0,8.8,0.57,3,Business,Bachelor,1,1,3
22,1,25000.0,4.3,81.7,20.2,1,1,4.2,3.93,1,Engineering,Master,0,2,1
20,0,25000.0,4.04,70.5,33.1,1,0,3.8,1.31,3,Science,High School,1,0,4
19,0,29718.0,4.24,75.1,27.5,0,0,5.5,3.37,4,Business,Bachelor,0,1,3
21,0,31458.0,3.18,74.1,35.3,1,1,4.4,0.8,3,Business,Bachelor,0,1,3
26,1,25000.0,6.15,92.8,36.3,0,0,4.5,3.02,1,Engineering,Bachelor,0,1,1
23,0,53928.0,5.34,91.3,23.7,1,1,4.1,3.0,3,Engineering,Bachelor,0,1,1
23,0,35640.0,4.76,73.1,29.9,0,0,4.2,3.3,4,CS,Bachelor,0,1,2
22,1,25000.0,2.53,84.8,28.5,1,0,5.8,3.45,1,Business,PhD,0,3,3
21,1,49520.0,2.46,92.9,16.9,0,0,7.9,2.83,4,Business,Bachelor,0,1,3
17,1,29875.0,3.96,86.7,25.6,0,1,3.7,3.67,4,Science,Bachelor,1,1,4
19,0,30119.0,3.33,68.4,23.1,1,0,3.2,2.33,2,Business,Bachelor,0,1,3
19,0,25000.0,2.52,81.7,16.5,0,0,6.1,2.07,1,Science,Bachelor,0,1,4
17,0,28491.0,4.14,88.7,20.4,1,0,6.5,3.53,2,Business,Bachelor,0,1,3
18,1,36060.0,1.55,95.4,26.9,1,0,8.3,3.18,1,Science,PhD,0,3,4
17,0,66180.0,3.88,80.9,30.7,0,0,8.0,0.73,2,Science,PhD,1,3,4
20,1,25000.0,4.66,68.7,15.1,0,1,2.6,1.13,4,Science,High School,0,0,4
22,1,116642.0,4.62,99.5,44.4,1,1,1.9,4.0,4,Business,Master,0,2,3
23,0,41528.0,1.65,81.0,37.4,1,1,6.5,2.12,1,CS,Master,1,2,2
21,0,29803.5,3.7,93.6,29.0,0,0,5.5,2.32,3,Science,High School,0,0,4
18,1,25000.0,3.72,79.9,15.4,0,1,8.2,0.76,2,Business,High School,0,0,3
17,1,69745.0,3.18,86.4,27.4,0,0,6.2,0.91,3,Business,Bachelor,1,1,3
17,1,62689.0,2.42,76.5,26.7,1,0,4.5,3.12,1,Science,High School,0,0,4
18,0,30057.0,1.2,76.7,17.0,1,0,7.4,2.26,1,Engineering,High School,0,0,1
19,0,32531.0,2.85,96.5,16.1,0,0,3.6,2.6,3,Arts,Master,0,2,0
20,1,25000.0,3.87,89.5,39.2,0,0,9.1,0.47,4,CS,Bachelor,1,1,2
18,1,65701.0,3.69,81.8,26.1,1,0,6.0,2.44,1,Science,Bachelor,0,1,4
21,0,25000.0,2.44,89.5,40.6,1,1,4.2,3.49,1,Engineering,Bachelor,0,1,1
20,0,49357.0,2.7,76.6,29.8,1,1,3.9,3.81,2,Arts,Master,0,2,0
21,1,66918.0,3.56,82.0,39.0,0,0,5.9,0.86,1,Arts,High School,1,0,0
23,0,30604.0,2.92,82.8,38.6,1,0,5.4,1.25,3,CS,High School,0,0,2
18,1,53134.0,4.42,75.9,35.6,1,0,5.3,3.51,2,Engineering,Master,0,2,1
21,0,90092.0,4.73,74.9,44.2,1,0,3.1,3.58,3,Engineering,Bachelor,0,1,1
21,1,34919.0,4.59,66.9,31.2,1,0,5.2,2.43,4,CS,Bachelor,0,1,2
20,1,26764.0,2.58,74.3,12.1,1,0,7.0,0.18,2,Science,Bachelor,1,1,4
22,0,28564.0,4.43,96.6,14.0,1,1,4.1,2.58,1,Science,Bachelor,0,1,4
22,1,25000.0,4.47,67.8,22.2,0,0,6.0,1.11,4,Arts,Bachelor,1,1,0
18,1,29219.0,3.955,66.7,38.9,1,0,5.5,1.02,1,Engineering,High School,1,0,1
20,1,38772.0,6.57,83.2,25.2,1,0,6.6,4.0,4,Engineering,High School,0,0,1
21,0,26947.0,5.61,80.0,32.5,1,0,3.3,3.99,2,CS,Bachelor,0,1,2
20,1,36190.0,3.41,89.0,36.4,0,1,6.1,3.54,4,CS,Master,0,2,2
22,1,25000.0,3.0,79.8,32.0,0,0,8.1,1.03,2,Arts,PhD,1,3,0
21,1,28125.0,3.74,89.6,5.0,1,0,6.4,2.03,4,Science,Master,0,2,4
25,1,55164.0,3.26,86.4,15.8,1,1,7.6,3.48,2,Science,Bachelor,0,1,4
17,0,29803.0,4.08,71.2,51.2,0,0,5.5,2.11,4,Science,Master,0,2,4
20,0,30029.0,5.24,91.3,33.9,1,0,3.5,3.82,4,Business,High School,1,0,3
19,1,25000.0,4.81,79.5,5.0,1,0,8.7,0.55,4,Business,Bachelor,1,1,3
22,0,25000.0,5.04,67.7,30.8,0,0,7.8,2.85,2,Arts,High School,0,0,0
17,1,48271.0,5.78,85.8,51.6,1,1,5.0,3.32,4,Business,Bachelor,0,1,3
21,1,25000.0,4.8,79.7,33.3,1,0,7.8,1.48,2,CS,High School,0,0,2
19,0,88720.0,3.75,95.0,30.5,0,1,5.3,1.21,1,Business,High School,0,0,3
19,1,38541.0,4.96,90.8,8.1,0,0,5.3,3.19,2,CS,Master,0,2,2
17,0,29803.5,4.24,74.8,26.7,0,0,5.5,3.83,4,Business,High School,0,0,3
20,1,25000.0,2.55,89.6,10.3,1,1,3.6,4.0,4,Arts,PhD,0,3,0
23,0,25000.0,7.12,76.4,15.3,1,0,5.8,1.95,4,Business,Bachelor,0,1,3
20,0,25000.0,3.2,68.7,12.6,1,1,5.0,2.29,3,CS,Master,0,2,2
22,0,28160.0,4.2,77.1,50.9,1,0,5.5,4.0,4,Arts,Master,0,2,0
24,1,44282.0,3.79,71.4,38.7,1,0,6.1,1.67,1,Science,Bachelor,0,1,4
21,0,49947.0,5.51,81.9,46.8,0,0,6.4,1.48,2,Science,Master,0,2,4
19,0,37773.0,4.07,97.4,14.1,0,1,6.0,2.65,4,Business,High School,0,0,3
22,0,25000.0,2.12,82.6,32.3,0,1,6.0,1.62,4,Engineering,Bachelor,0,1,1
19,0,36259.0,5.39,85.7,17.9,1,1,6.2,2.6,3,Science,High School,0,0,4
19,1,25000.0,5.92,74.0,19.2,1,1,5.8,3.14,1,Business,Master,0,2,3
17,0,65763.0,3.99,77.7,35.6,1,0,6.1,1.96,3,CS,Master,1,2,2
23,1,25000.0,5.12,86.4,32.1,0,1,6.4,2.48,1,Arts,Master,0,2,0
20,1,25000.0,3.1,81.5,33.4,1,0,4.4,2.54,2,CS,Bachelor,0,1,2
21,1,31862.0,4.08,76.2,14.9,0,0,3.2,2.81,2,CS,Master,0,2,2
18,0,33607.0,5.44,90.0,31.5,1,0,6.1,2.0,1,Engineering,PhD,0,3,1
22,1,29803.0,4.17,68.1,34.2,0,0,5.5,3.24,1,Science,Master,0,2,4
19,0,25000.0,4.67,98.4,21.9,1,0,6.3,3.67,2,Arts,High School,0,0,0
20,1,58689.0,5.33,87.3,26.7,1,1,7.5,3.2,3,Business,Bachelor,0,1,3
22,1,25000.0,6.19,72.9,10.3,1,1,5.4,3.7,3,Science,Bachelor,0,1,4
22,1,25000.0,5.47,82.9,5.0,0,0,5.3,2.68,3,Science,Master,0,2,4
21,1,27884.0,4.43,72.4,54.1,1,0,6.3,0.06,3,CS,PhD,1,3,2
17,1,25000.0,3.98,98.0,32.5,1,0,3.7,3.89,3,Arts,PhD,0,3,0
27,1,61919.0,4.25,74.1,25.7,0,0,5.6,1.75,3,Business,Bachelor,1,1,3
24,0,25000.0,2.33,90.9,39.6,1,1,5.3,2.43,2,CS,High School,0,0,2
22,0,75676.0,4.35,89.6,19.6,1,0,7.1,2.71,4,Business,High School,0,0,3
19,0,55330.0,2.51,76.5,31.3,0,0,4.7,3.03,3,Engineering,Master,0,2,1
20,0,62382.0,3.51,84.6,43.3,0,0,5.7,2.14,3,Science,Bachelor,0,1,4
19,1,92251.0,4.98,84.0,16.8,0,0,5.2,2.18,3,Science,Master,0,2,4
23,1,31218.0,3.49,88.7,24.1,1,0,1.0,3.88,2,Business,Master,0,2,3
21,0,25000.0,5.83,83.4,13.4,0,0,4.5,3.29,4,CS,Bachelor,0,1,2
19,1,27951.0,3.95,76.7,40.0,0,1,5.5,3.65,4,CS,Bachelor,0,1,2
20,0,29794.5,4.03,86.5,32.5,1,1,5.5,2.39,1,Science,Master,0,2,4
23,1,25000.0,3.64,86.5,44.1,0,1,5.3,0.53,4,Science,High School,0,0,4
24,1,32549.0,3.86,74.6,40.1,0,1,7.9,1.31,4,Business,Bachelor,1,1,3
24,1,25000.0,5.5,63.6,26.9,0,0,7.2,1.98,4,Business,Master,1,2,3
22,1,29590.0,4.04,71.7,34.9,1,1,5.5,2.74,2,Engineering,Bachelor,0,1,1
20,0,25662.0,4.49,85.0,35.1,0,0,6.9,3.56,4,Business,High School,0,0,3
17,1,41332.0,3.45,85.5,38.8,0,0,6.5,2.06,4,Arts,High School,0,0,0
21,0,30885.0,4.12,77.6,47.6,0,1,5.5,1.79,3,Engineering,High School,0,0,1
21,0,25000.0,3.22,89.0,16.9,0,0,1.3,3.02,2,Business,Bachelor,0,1,3
21,1,25000.0,5.9,92.3,7.5,1,0,6.9,3.08,2,CS,High School,0,0,2
21,0,27315.0,4.44,88.3,17.4,1,0,4.7,2.01,2,Science,Bachelor,0,1,4
18,1,25000.0,5.16,83.2,35.7,1,0,5.9,2.57,2,Engineering,Bachelor,0,1,1
22,1,27672.0,5.21,72.2,35.0,1,1,3.8,0.02,1,Science,High School,0,0,4
22,0,30604.5,3.88,79.3,23.2,0,0,5.5,3.15,4,CS,Bachelor,0,1,2
22,1,40591.0,6.07,80.3,26.7,0,1,7.2,0.0,1,CS,High School,1,0,2
23,0,31141.0,3.59,77.2,20.0,0,0,8.4,1.49,3,CS,Master,1,2,2
22,1,25000.0,5.93,87.1,28.7,1,0,4.7,1.36,1,CS,Bachelor,0,1,2
20,1,99431.0,4.87,67.3,21.7,1,1,8.2,1.31,4,Science,Bachelor,1,1,4
20,0,48897.0,4.58,76.1,49.6,0,1,4.7,0.0,1,Arts,PhD,0,3,0
21,0,41425.0,1.33,77.0,45.9,0,0,4.7,0.82,1,CS,Bachelor,1,1,2
21,0,54334.0,4.52,76.7,38.7,0,0,2.9,3.98,3,Arts,Bachelor,0,1,0
23,1,34433.0,5.19,97.5,30.4,1,1,6.4,3.95,3,CS,High School,0,0,2
22,0,64330.0,4.3,81.3,43.7,1,0,5.1,2.56,2,CS,Bachelor,0,1,2
25,0,30765.0,5.63,76.9,31.2,1,1,5.2,1.27,2,Business,Bachelor,1,1,3
25,1,29764.0,5.68,81.6,31.9,1,0,4.8,4.0,4,Business,High School,0,0,3
21,1,43527.0,3.64,88.8,9.3,0,1,3.7,2.64,3,Arts,Bachelor,1,1,0
17,1,76559.0,4.14,66.8,33.1,1,0,6.6,1.23,3,Engineering,PhD,1,3,1
23,1,73661.0,3.65,82.9,14.5,0,0,5.4,1.5,2,Arts,Bachelor,0,1,0
19,1,42434.0,3.45,78.4,25.2,0,1,7.0,1.31,4,Science,Bachelor,1,1,4
19,1,40537.0,4.13,84.2,32.0,1,0,3.8,1.76,2,Business,Master,1,2,3
20,0,45145.0,4.3,72.8,19.2,0,0,5.9,1.48,4,Arts,Bachelor,1,1,0
20,1,29684.0,3.9,80.6,35.7,1,0,5.5,1.35,1,Arts,Bachelor,0,1,0
22,0,64812.0,3.95,80.9,42.6,1,0,4.2,3.15,2,Arts,PhD,0,3,0
17,0,25798.0,4.53,71.8,19.4,1,0,4.6,3.28,3,Arts,High School,0,0,0
18,1,65568.0,4.17,96.9,31.4,0,1,4.6,3.59,4,Arts,High School,0,0,0
21,0,36527.0,3.91,85.3,15.0,1,0,3.6,3.13,3,Business,High School,0,0,3
22,1,43939.0,2.69,89.4,16.0,1,0,8.5,2.6,3,CS,High School,0,0,2
22,0,68130.0,2.3,79.2,33.7,1,0,1.4,2.62,1,Engineering,Bachelor,0,1,1
19,0,46548.0,3.31,83.7,38.6,1,0,3.3,3.97,3,Science,High School,0,0,4
18,1,51513.0,1.64,72.4,11.9,1,0,6.3,1.41,2,Engineering,Bachelor,1,1,1
19,1,31202.0,3.915,76.9,54.6,1,1,5.5,2.95,1,Science,High School,0,0,4
21,0,73056.0,2.91,74.8,24.0,1,1,5.4,1.26,2,Arts,Bachelor,0,1,0
24,1,45135.0,4.26,84.4,32.5,0,0,5.4,0.73,1,Business,High School,0,0,3
17,0,32069.0,3.27,95.7,23.6,1,0,6.4,3.99,3,Science,Bachelor,1,1,4
20,1,57564.0,1.47,89.2,26.6,0,0,5.6,3.47,1,Engineering,Bachelor,0,1,1
18,0,140463.0,2.72,96.5,48.2,1,1,4.8,3.23,4,Engineering,High School,0,0,1
17,1,25000.0,4.24,88.4,48.1,0,0,5.7,3.84,4,Arts,Master,0,2,0
23,0,25000.0,5.01,85.4,10.2,1,1,5.2,3.4,1,Engineering,Bachelor,0,1,1
22,1,148923.0,3.64,74.6,23.2,0,0,8.6,2.52,2,Arts,Bachelor,0,1,0
22,1,38408.0,4.33,84.6,65.4,1,1,4.5,3.31,2,Arts,High School,0,0,0
23,0,33340.0,3.76,78.2,24.8,0,0,6.5,2.08,2,CS,High School,0,0,2
19,1,27744.0,3.72,88.7,35.1,0,0,7.1,3.63,1,Arts,Master,0,2,0
20,0,61394.0,2.95,71.1,43.6,1,0,3.1,0.66,1,Engineering,High School,1,0,1
25,0,142450.0,3.96,81.1,40.2,1,1,3.5,1.65,4,Arts,Master,0,2,0
20,1,25000.0,3.2,82.1,5.0,1,1,9.0,1.44,2,Engineering,Bachelor,1,1,1
22,0,28054.0,5.79,96.3,34.0,1,1,4.3,3.75,2,Arts,High School,0,0,0
21,0,25000.0,3.12,73.8,51.0,1,0,5.5,0.18,3,Arts,High School,1,0,0
17,0,46153.0,4.23,91.3,30.4,1,1,5.2,1.08,3,Business,Bachelor,0,1,3
17,1,61910.0,2.61,88.6,17.5,0,1,5.4,2.63,2,Arts,Master,0,2,0
19,0,78634.0,3.74,80.0,17.7,1,0,4.8,1.41,2,Arts,Bachelor,1,1,0
23,1,47100.0,2.69,85.3,27.6,0,0,5.7,1.82,1,Arts,Master,1,2,0
22,1,134807.0,3.26,80.0,38.1,1,0,4.0,1.66,3,CS,Master,0,2,2
23,1,25000.0,5.27,82.1,64.7,1,1,5.1,3.79,3,Science,Bachelor,0,1,4
18,1,25000.0,3.94,88.0,26.5,1,0,2.0,2.59,2,Engineering,High School,0,0,1
24,1,71798.0,5.08,100.0,36.7,1,1,5.3,2.87,3,CS,High School,0,0,2
18,1,32007.0,3.73,89.7,11.5,1,0,6.1,0.71,4,CS,High School,1,0,2
21,0,25000.0,4.96,84.0,9.8,1,0,7.2,1.8,3,Business,Bachelor,0,1,3
21,0,25000.0,5.06,93.4,24.0,1,0,7.6,3.69,1,Science,Master,0,2,4
20,1,34662.0,4.93,70.6,35.3,1,1,4.8,2.7,1,Science,Bachelor,0,1,4
23,1,30604.5,4.4,63.8,29.0,0,0,5.5,1.51,2,Engineering,Bachelor,1,1,1
19,1,25000.0,4.63,82.5,30.6,0,0,3.4,3.64,2,Arts,PhD,0,3,0
18,0,26250.0,3.44,73.7,26.7,0,0,4.6,0.22,3,Science,Bachelor,1,1,4
21,0,25000.0,2.16,77.7,29.7,1,1,8.4,2.16,3,Engineering,Bachelor,0,1,1
20,1,43524.0,3.01,68.8,26.5,0,0,5.8,0.38,3,CS,Bachelor,1,1,2
28,1,25000.0,4.51,71.8,13.8,1,1,5.9,2.05,4,Science,Bachelor,1,1,4
22,1,31390.0,5.45,80.0,12.1,1,0,5.2,2.92,2,Engineering,Master,0,2,1
20,1,40607.0,4.64,74.5,46.3,1,0,8.9,0.94,3,CS,High School,1,0,2
18,0,28160.0,3.59,85.4,20.1,1,0,6.5,1.55,1,CS,Master,1,2,2
17,1,57293.0,3.45,84.1,27.1,0,0,8.2,2.52,4,Business,Bachelor,0,1,3
18,1,25000.0,4.05,84.9,44.3,1,1,4.4,0.13,2,Engineering,Bachelor,1,1,1
21,0,25000.0,4.79,78.0,26.8,1,0,3.7,1.62,2,Engineering,High School,1,0,1
24,0,25000.0,4.05,90.7,40.5,1,1,4.1,2.67,4,Business,Bachelor,0,1,3
23,1,45599.0,3.35,86.0,19.3,1,1,6.6,0.04,4,Engineering,High School,1,0,1
21,1,33898.0,2.9,83.8,48.7,0,0,8.5,1.33,1,Engineering,Bachelor,1,1,1
20,0,107583.0,3.07,83.9,32.7,0,0,6.8,3.6,2,CS,Bachelor,0,1,2
21,0,25000.0,3.1,80.3,29.7,1,0,7.1,0.02,3,Science,Bachelor,1,1,4
19,0,29684.0,4.28,92.5,28.0,1,0,5.5,3.89,4,Business,Bachelor,0,1,3
24,0,86982.0,2.95,91.1,39.2,0,0,3.2,2.85,2,Business,Bachelor,0,1,3
20,1,25000.0,3.27,79.1,32.8,1,1,9.1,1.8,3,CS,High School,0,0,2
20,1,44794.0,4.89,83.3,5.0,0,0,6.7,4.0,3,Science,Bachelor,0,1,4
17,1,29794.5,4.33,78.8,24.6,1,1,5.5,0.78,2,Arts,Master,1,2,0
20,1,25000.0,6.21,100.0,33.9,1,0,7.1,2.29,3,Arts,Master,0,2,0
22,0,25000.0,4.44,80.0,18.4,0,0,2.4,2.17,2,Engineering,High School,0,0,1
18,0,51006.0,2.17,91.6,24.0,1,0,4.6,2.82,3,Arts,Bachelor,0,1,0
19,0,25000.0,2.0,100.0,25.3,0,0,6.6,0.74,3,Engineering,Bachelor,1,1,1
22,0,42010.0,4.16,84.5,49.1,1,0,5.2,3.21,1,Arts,Bachelor,0,1,0
17,0,46991.0,3.94,68.1,37.2,0,0,5.4,3.24,4,Science,High School,0,0,4
23,1,25000.0,3.67,94.1,33.9,0,1,7.8,1.64,1,Science,Bachelor,0,1,4
19,1,25935.0,2.47,77.9,16.0,0,0,5.7,2.24,3,Arts,Master,0,2,0
20,1,76592.0,2.75,76.5,21.8,0,0,9.8,0.0,3,Science,High School,1,0,4
18,1,43930.0,5.4,96.2,40.2,1,1,5.4,1.76,1,Business,Bachelor,0,1,3
21,1,25415.0,5.33,71.6,37.9,1,0,6.9,1.12,2,Arts,Bachelor,0,1,0
26,1,38146.0,4.34,93.5,13.0,0,0,6.4,0.41,1,CS,Master,0,2,2
22,0,25000.0,4.81,80.2,46.8,1,1,4.5,1.95,1,Engineering,High School,0,0,1
19,1,58001.0,2.51,67.2,19.7,1,0,3.6,3.51,2,CS,PhD,0,3,2
23,0,57986.0,4.41,89.1,34.3,1,1,5.6,3.61,4,Science,Bachelor,0,1,4
20,0,31970.0,3.16,64.0,62.8,1,0,9.0,0.0,3,Science,High School,1,0,4
24,0,34147.0,5.62,81.6,25.0,1,0,4.8,1.88,2,Business,Bachelor,0,1,3
22,1,25000.0,4.63,68.9,32.0,0,0,6.4,1.81,2,Engineering,High School,1,0,1
17,1,25000.0,1.99,79.4,23.3,0,1,5.0,2.22,1,CS,Bachelor,0,1,2
18,1,28160.0,3.89,72.6,32.1,1,0,5.5,3.25,4,CS,Master,0,2,2
23,1,28214.0,3.89,85.4,47.1,1,0,7.6,3.68,2,Engineering,High School,0,0,1
21,1,56251.0,2.82,83.7,27.7,1,0,5.7,1.77,4,Science,High School,1,0,4
18,1,51713.0,5.45,90.1,26.5,1,0,4.4,1.66,4,Business,High School,0,0,3
19,1,33220.0,1.59,82.0,43.2,1,0,8.4,0.55,4,Arts,Bachelor,1,1,0
17,1,60738.0,3.91,80.3,14.8,1,0,4.4,2.5,3,Arts,High School,0,0,0
20,0,25000.0,1.94,84.3,31.0,1,0,6.7,2.93,3,Science,PhD,0,3,4
25,0,56750.0,3.51,76.7,21.3,1,1,2.8,1.12,2,Engineering,Master,0,2,1
22,1,25000.0,2.39,88.9,27.1,1,1,7.8,3.15,1,CS,Bachelor,0,1,2
25,0,62556.0,3.91,82.6,19.4,1,0,10.0,1.89,1,Engineering,High School,1,0,1
22,1,29495.0,2.81,87.7,12.9,0,0,5.5,3.94,1,Engineering,High School,0,0,1
23,0,25000.0,3.1,80.6,5.0,1,0,3.7,1.11,4,Arts,Bachelor,0,1,0
25,1,46078.0,5.38,86.0,24.6,0,1,6.9,4.0,2,CS,Bachelor,0,1,2
21,0,48326.0,3.42,87.3,32.7,1,0,5.7,3.32,2,CS,High School,0,0,2
20,1,25000.0,0.5,65.8,39.8,0,0,9.4,0.35,3,CS,Master,1,2,2
23,0,25000.0,3.78,70.3,14.0,1,0,4.4,2.93,1,Engineering,Bachelor,0,1,1
24,1,27018.0,5.84,77.5,31.8,0,0,3.1,3.62,3,Arts,High School,0,0,0
19,0,25000.0,4.47,81.0,36.7,1,0,6.0,0.0,3,Business,High School,1,0,3
19,1,25000.0,5.2,92.2,34.3,0,0,6.5,1.47,3,Science,Bachelor,0,1,4
21,1,64924.0,3.21,85.6,33.1,1,1,4.1,2.24,1,Engineering,Master,0,2,1
22,0,25000.0,4.83,86.2,5.0,1,0,7.2,1.71,1,Business,Bachelor,0,1,3
22,1,90505.0,3.4,94.3,28.6,1,0,5.6,1.48,4,Engineering,PhD,0,3,1
17,0,67659.0,4.42,93.0,29.0,1,1,5.0,3.12,4,Science,Bachelor,0,1,4
25,0,76139.0,5.52,73.9,36.5,0,0,6.5,3.98,4,CS,High School,0,0,2
19,0,25000.0,2.6,91.9,46.6,1,0,5.0,2.38,1,Science,Bachelor,0,1,4
20,1,25000.0,1.66,82.8,26.9,1,0,4.2,3.2,3,CS,Master,0,2,2
19,0,30604.5,3.95,77.9,25.9,0,0,5.5,1.84,2,Engineering,Bachelor,0,1,1
26,0,25000.0,4.43,79.7,31.6,1,0,4.4,0.98,3,Science,High School,0,0,4
21,1,25000.0,6.14,77.0,30.3,0,0,10.0,1.27,2,Business,High School,0,0,3
19,1,29794.5,3.915,83.1,35.2,1,1,5.5,3.88,1,Science,Master,0,2,4
22,0,26344.0,4.81,81.3,36.3,0,0,3.7,1.59,1,Arts,High School,0,0,0
22,1,25000.0,3.11,91.9,27.9,1,1,7.8,1.07,4,Science,Master,0,2,4
20,1,25000.0,3.14,97.5,36.0,1,1,5.4,1.83,3,Business,Master,0,2,3
22,0,26047.0,4.45,78.8,27.4,0,1,6.0,3.84,4,Business,Master,0,2,3
19,1,36819.0,6.06,71.6,12.6,1,1,6.0,1.44,2,CS,High School,0,0,2
19,1,25000.0,4.03,87.3,16.1,1,0,8.2,1.38,1,Business,High School,1,0,3
17,1,35431.0,4.35,89.5,5.0,1,0,3.1,4.0,4,Engineering,High School,0,0,1
18,0,32277.0,3.11,85.0,50.0,1,1,8.1,0.0,4,Business,High School,0,0,3
25,1,30581.0,3.27,69.7,45.4,1,1,6.8,2.39,3,Business,High School,0,0,3
24,0,25000.0,5.46,75.7,42.4,1,1,5.6,3.55,4,CS,Bachelor,0,1,2
21,1,25000.0,2.11,83.2,27.4,0,0,4.0,3.51,3,Arts,Bachelor,0,1,0
24,0,82279.0,3.01,77.1,41.7,1,0,5.1,1.04,4,CS,Bachelor,1,1,2
20,0,43399.0,3.69,74.0,40.8,1,1,5.6,0.53,2,Business,Bachelor,1,1,3
20,0,54363.0,4.14,99.2,12.5,1,0,8.8,3.18,1,Engineering,Bachelor,0,1,1
21,1,29684.0,4.0,59.0,20.6,1,0,5.5,1.13,3,Science,Bachelor,1,1,4
20,0,26946.0,5.03,91.7,36.4,1,1,4.8,1.75,4,Arts,Bachelor,0,1,0
20,0,39911.0,7.84,85.3,24.1,0,1,9.1,2.5,3,Science,Master,0,2,4
23,0,25000.0,2.63,86.9,21.5,0,0,7.2,0.38,4,Business,Bachelor,1,1,3
21,1,25000.0,4.35,91.1,39.9,1,0,6.3,2.56,4,Engineering,High School,0,0,1
22,0,25000.0,3.13,76.5,20.1,0,1,5.0,2.05,4,Science,Master,0,2,4
23,1,25000.0,5.21,79.6,59.8,0,0,4.5,2.19,2,CS,Bachelor,1,1,2
21,0,25000.0,6.39,85.8,49.1,1,1,6.5,3.52,4,CS,Master,0,2,2
18,0,29718.0,3.935,67.2,27.4,1,0,5.5,0.77,3,CS,Bachelor,1,1,2
18,1,31222.0,5.3,95.2,45.0,1,1,4.8,2.64,2,Science,Bachelor,0,1,4
21,1,68577.0,2.74,82.9,32.2,1,0,7.5,2.4,2,Science,Bachelor,0,1,4
20,0,131171.0,5.65,74.5,25.0,0,0,5.8,1.78,3,Arts,High School,1,0,0
21,0,25000.0,6.24,90.8,53.7,1,0,6.3,2.65,4,CS,Bachelor,0,1,2
21,0,32480.0,3.83,82.7,34.7,1,1,7.4,1.92,3,CS,Master,1,2,2
26,1,35495.0,4.275,76.2,19.3,0,1,5.5,1.18,3,CS,PhD,0,3,2
18,0,29480.0,2.38,89.6,35.5,1,0,2.6,2.69,4,Engineering,Master,0,2,1
17,1,25000.0,3.19,63.4,50.1,0,0,6.9,2.71,4,Science,PhD,1,3,4
21,0,25000.0,4.71,85.4,30.0,0,0,5.6,3.76,2,Business,Master,0,2,3
20,0,34346.0,7.09,92.5,32.5,0,0,4.7,2.75,3,Science,Bachelor,0,1,4
21,0,25000.0,1.63,75.3,26.4,1,0,5.6,1.55,2,Science,Bachelor,0,1,4
22,1,32714.0,4.25,71.7,34.2,1,0,4.9,2.11,4,CS,Bachelor,0,1,2
23,1,25653.0,5.64,85.4,18.3,1,1,5.7,2.74,3,Business,Bachelor,0,1,3
17,0,32370.0,6.38,76.6,20.5,0,1,5.5,2.91,4,Arts,Bachelor,0,1,0
19,1,25000.0,3.74,100.0,25.9,0,1,6.7,4.0,1,Engineering,Master,0,2,1
21,0,32679.0,5.68,77.8,32.0,1,0,2.7,2.6,2,Engineering,High School,0,0,1
22,1,25000.0,4.96,80.4,43.3,0,0,5.8,3.26,2,Science,Bachelor,0,1,4
25,1,32742.0,6.31,86.2,28.2,0,0,5.4,3.8,1,Engineering,Bachelor,0,1,1
23,0,66412.0,3.74,67.5,39.9,1,0,9.6,1.55,2,Science,Bachelor,1,1,4
20,1,34773.0,4.13,82.5,24.7,1,0,2.0,4.0,2,Business,High School,0,0,3
19,1,36067.0,3.2,91.0,37.1,1,0,7.2,3.95,1,Science,High School,0,0,4
19,0,48549.0,3.62,81.4,44.4,1,0,6.3,1.14,2,Engineering,High School,1,0,1
19,1,25000.0,3.61,72.8,28.6,0,0,6.9,1.09,4,Science,Bachelor,1,1,4
22,0,83396.0,2.94,78.5,34.2,1,1,4.7,4.0,3,Engineering,Bachelor,0,1,1
21,1,29219.0,4.125,66.7,23.0,1,0,5.5,2.17,1,CS,High School,0,0,2
18,0,30604.5,4.05,64.7,37.0,0,0,5.5,3.12,4,Arts,Bachelor,0,1,0
20,1,46544.0,3.38,90.9,5.0,1,1,10.0,1.33,3,CS,High School,0,0,2
22,0,25000.0,3.48,77.0,10.5,0,1,4.9,2.39,2,Business,High School,0,0,3
21,0,54466.0,1.99,87.6,36.9,0,0,4.1,3.56,2,Arts,High School,0,0,0
22,0,40082.0,4.79,70.1,10.4,0,0,9.1,3.13,4,Science,Bachelor,0,1,4
21,0,92410.0,2.88,97.0,24.1,1,0,6.1,2.46,2,CS,High School,0,0,2
24,0,33391.0,3.2,91.1,46.8,1,1,6.4,2.01,2,Engineering,High School,1,0,1
21,0,27858.0,5.48,78.1,40.4,1,0,7.5,2.04,2,Science,High School,1,0,4
20,1,25000.0,3.3,71.4,58.7,0,0,5.6,2.44,4,Business,Bachelor,0,1,3
19,0,25000.0,4.6,77.9,30.9,0,1,4.7,3.7,3,Engineering,Master,0,2,1
21,1,25000.0,3.28,84.3,29.0,1,1,5.7,3.36,1,Engineering,Bachelor,0,1,1
17,1,25197.0,3.34,90.7,30.1,1,0,4.0,4.0,1,Arts,PhD,0,3,0
20,1,34795.0,3.18,65.1,18.9,1,0,2.9,1.9,2,Engineering,Bachelor,0,1,1
20,1,25000.0,3.76,91.6,27.4,0,0,4.0,3.57,3,Arts,High School,0,0,0
18,1,25760.0,2.19,84.1,14.9,1,0,1.2,3.32,4,Engineering,Master,0,2,1
19,1,42014.0,4.99,72.7,44.1,1,0,4.8,1.83,1,Arts,Bachelor,0,1,0
22,0,44592.0,7.65,61.6,38.9,0,0,4.6,1.77,4,Business,Bachelor,0,1,3
21,1,25000.0,4.77,83.1,16.1,1,0,6.6,0.67,2,Science,Master,0,2,4
21,1,45426.0,2.8,83.8,22.0,0,0,5.7,2.31,3,Science,High School,0,0,4
21,0,25644.0,4.88,77.1,34.7,0,0,5.2,1.5,1,Business,Bachelor,0,1,3
21,1,29684.0,3.89,89.3,33.3,1,0,5.5,2.61,4,CS,Bachelor,0,1,2
23,0,25000.0,3.0,98.3,17.4,1,0,4.7,2.38,1,Science,Bachelor,0,1,4
21,1,72849.0,3.43,78.8,30.8,1,1,3.5,0.13,1,CS,Bachelor,0,1,2
17,0,33060.0,5.36,76.0,36.9,0,0,1.0,3.12,1,Science,Bachelor,0,1,4
24,1,25000.0,4.91,95.7,37.2,1,0,5.5,2.11,1,Science,High School,0,0,4
21,1,37239.0,2.14,80.2,50.2,0,0,5.4,0.71,3,Engineering,Master,0,2,1
19,1,36559.0,5.06,87.3,33.0,0,0,7.8,2.46,2,CS,Bachelor,0,1,2
18,1,61916.0,3.28,77.1,15.1,1,0,3.9,2.13,4,CS,Bachelor,0,1,2
21,1,25000.0,4.79,91.1,17.2,1,0,6.9,2.68,3,Arts,High School,0,0,0
20,0,29947.0,3.01,72.0,45.1,1,0,1.0,0.92,1,Science,High School,1,0,4
24,0,25000.0,3.86,83.2,49.3,1,1,3.2,3.15,3,Arts,Bachelor,0,1,0
20,0,42564.0,2.93,84.4,29.6,0,1,6.2,1.69,3,Science,High School,0,0,4
19,0,25000.0,3.87,80.5,34.6,1,0,6.7,3.97,2,Science,PhD,0,3,4
23,0,25000.0,2.46,76.9,31.1,1,0,2.5,2.09,2,Arts,High School,0,0,0
23,1,28547.0,2.89,96.3,26.4,0,1,4.1,3.04,3,Engineering,Bachelor,0,1,1
21,1,25000.0,3.17,88.5,12.1,0,0,5.6,3.06,2,Business,Master,1,2,3
22,1,77752.0,2.74,75.1,35.7,0,0,5.3,1.71,2,Arts,Bachelor,0,1,0
20,0,94500.0,3.51,66.9,51.4,0,0,6.5,2.69,2,Business,High School,0,0,3
21,0,25000.0,4.11,93.8,32.0,0,1,7.1,2.67,2,CS,Bachelor,0,1,2
23,1,25000.0,5.72,74.6,26.4,0,1,3.2,1.71,4,Arts,High School,0,0,0
22,0,36387.0,2.54,82.5,24.8,0,1,6.3,2.8,3,Engineering,Bachelor,0,1,1
20,0,29803.0,3.56,82.7,36.0,0,0,5.5,2.03,1,Science,Master,0,2,4
24,0,60163.0,4.04,84.3,43.8,0,1,6.1,1.69,4,Science,Bachelor,0,1,4
17,0,25000.0,1.87,68.5,36.4,0,1,4.7,0.73,4,Engineering,Master,0,2,1
25,0,41221.0,4.32,79.2,7.6,0,1,7.4,0.77,3,Arts,High School,1,0,0
17,0,31837.0,4.02,81.9,50.9,0,0,6.6,2.83,3,Arts,Bachelor,0,1,0
19,0,25000.0,4.71,81.6,40.0,1,0,3.7,1.55,1,Engineering,High School,0,0,1
20,1,34339.0,6.91,87.7,27.8,1,0,2.5,3.55,3,Arts,Master,0,2,0
20,0,50368.0,4.08,83.3,23.6,0,0,7.6,1.22,3,Arts,Master,1,2,0
23,0,31323.0,3.3,85.6,24.6,0,0,4.2,2.23,1,CS,Bachelor,0,1,2
18,1,31520.0,5.25,77.2,40.4,1,0,4.4,3.01,1,Business,Bachelor,0,1,3
21,1,29590.0,4.06,95.7,6.3,1,1,5.5,2.72,1,Business,Bachelor,0,1,3
19,0,59073.0,3.79,79.7,36.2,1,0,3.7,2.17,4,Arts,High School,0,0,0
21,1,55644.0,6.32,84.6,33.4,1,0,5.9,3.73,2,Arts,Bachelor,0,1,0
20,0,25000.0,4.98,82.9,33.2,0,0,5.5,3.61,1,Arts,High School,0,0,0
21,0,27596.0,2.76,85.6,16.0,1,1,5.4,2.7,1,Arts,Bachelor,0,1,0
19,1,69462.0,2.8,91.6,9.6,1,1,7.7,1.55,1,Science,Bachelor,0,1,4
19,1,25000.0,2.26,75.3,56.9,0,0,6.3,1.94,2,Arts,Master,0,2,0
21,0,42726.0,2.57,88.6,31.6,1,0,7.3,0.81,4,CS,Bachelor,1,1,2
23,1,25000.0,5.47,87.9,53.2,1,0,5.1,2.43,2,Arts,Bachelor,0,1,0
19,1,86409.0,3.34,83.4,40.8,0,0,4.2,3.28,4,Business,High School,1,0,3
19,0,30886.0,1.68,83.8,31.3,0,1,7.4,1.75,4,CS,Bachelor,1,1,2
22,0,63337.0,4.59,72.8,32.8,0,1,4.5,3.04,1,Science,Bachelor,0,1,4
20,0,25000.0,4.22,79.3,43.0,0,0,5.7,2.94,1,Engineering,Master,0,2,1
22,1,25000.0,3.42,66.7,44.3,0,0,6.3,0.91,2,Business,High School,0,0,3
19,0,25834.0,3.17,79.6,35.7,0,0,4.1,1.98,3,Business,Bachelor,0,1,3
17,1,34808.0,4.02,81.5,43.1,0,1,4.1,3.39,4,Engineering,Bachelor,0,1,1
19,0,25000.0,4.1,70.8,43.7,1,1,5.0,0.93,4,Arts,Master,0,2,0
19,0,46863.0,4.52,84.4,34.0,1,1,6.8,1.2,1,Arts,Bachelor,1,1,0
20,1,26213.0,1.73,91.7,22.8,1,0,6.1,1.76,3,CS,Bachelor,1,1,2
19,1,25000.0,2.57,83.7,36.0,0,1,3.1,1.64,1,Arts,Bachelor,0,1,0
22,0,41427.0,3.42,82.0,21.0,0,1,9.0,0.76,1,Science,Bachelor,1,1,4
20,0,25000.0,2.27,77.8,25.4,1,1,6.2,0.28,4,CS,High School,1,0,2
21,1,25000.0,4.62,85.0,34.8,0,1,4.7,2.52,3,Engineering,High School,1,0,1
21,0,75499.0,4.88,73.9,29.0,0,1,5.2,1.42,2,Engineering,PhD,0,3,1
21,0,86136.0,3.21,62.7,45.8,1,0,5.1,3.39,1,Engineering,Bachelor,0,1,1
20,1,25000.0,4.86,94.6,22.1,0,0,4.8,2.43,3,Arts,Bachelor,0,1,0
22,1,42052.0,4.29,89.7,5.0,0,1,7.6,3.13,4,CS,Bachelor,0,1,2
19,0,25000.0,4.3,73.2,45.7,1,0,9.8,2.27,1,Science,High School,0,0,4
24,1,25031.0,0.5,70.4,30.6,0,0,4.6,0.48,3,Engineering,Bachelor,1,1,1
20,1,25000.0,3.75,82.9,31.1,1,1,4.7,1.78,3,Business,PhD,0,3,3
18,0,25000.0,3.22,82.5,20.5,1,0,5.3,0.47,4,Business,PhD,1,3,3
21,1,31478.0,3.82,88.5,7.4,0,1,3.0,2.37,1,Science,Master,0,2,4
19,0,35345.0,3.45,79.3,20.2,1,1,6.5,3.74,1,Science,High School,0,0,4
22,0,29718.0,3.85,91.2,36.8,1,1,5.5,1.99,2,Science,Bachelor,0,1,4
25,0,31202.0,4.29,80.3,27.6,1,1,5.5,2.12,3,Science,High School,0,0,4
19,0,25000.0,3.46,91.7,26.0,0,0,2.2,4.0,3,Business,Bachelor,0,1,3
21,1,25000.0,5.17,80.5,9.6,1,1,1.4,4.0,2,Science,Bachelor,0,1,4
17,0,40778.0,3.82,75.1,51.7,1,0,4.8,3.17,4,Business,High School,0,0,3
22,1,25000.0,3.26,79.0,29.3,1,0,6.7,0.33,4,CS,Bachelor,0,1,2
19,0,51226.0,2.38,87.2,58.1,1,0,2.3,2.22,4,CS,Bachelor,0,1,2
19,0,25000.0,7.55,84.8,34.4,1,0,7.1,4.0,4,Business,Bachelor,0,1,3
18,1,53829.0,5.29,82.4,48.6,0,0,5.0,2.65,4,Arts,High School,0,0,0
22,1,64401.0,4.21,73.6,21.4,0,1,4.0,3.14,4,Arts,Bachelor,0,1,0
23,1,43656.0,2.16,81.5,11.8,0,1,5.6,1.79,1,Engineering,Bachelor,0,1,1
21,1,25000.0,2.03,76.8,27.8,1,0,3.2,2.37,2,Business,High School,0,0,3
19,0,25000.0,6.17,76.6,36.7,1,1,1.0,4.0,4,CS,Master,0,2,2
24,1,25000.0,6.09,90.0,38.0,1,1,7.7,0.41,2,Science,High School,1,0,4
19,0,57627.0,4.36,75.9,34.7,1,0,5.4,1.99,2,Arts,Bachelor,0,1,0
17,1,27423.0,2.95,75.4,57.5,1,0,4.2,3.21,1,CS,Master,0,2,2
22,1,25000.0,3.29,84.5,34.7,0,1,4.5,0.45,2,Science,Bachelor,1,1,4
18,0,27467.0,2.87,74.7,26.3,1,1,4.1,1.92,2,Engineering,High School,0,0,1
23,0,56861.0,6.7,77.6,27.2,0,1,4.9,2.57,3,Business,High School,0,0,3
20,1,47441.0,3.73,97.4,20.3,0,1,5.3,2.58,2,Arts,Master,0,2,0
22,1,38681.0,5.06,80.7,33.5,1,0,6.7,2.07,1,Science,Bachelor,0,1,4
24,0,43596.0,5.24,87.4,43.0,0,0,4.2,3.34,2,Science,Bachelor,0,1,4
18,1,33127.0,2.33,100.0,46.9,0,1,3.6,4.0,1,Science,Bachelor,0,1,4
19,1,35642.0,4.1,83.6,26.4,1,1,4.5,2.64,3,Engineering,Bachelor,0,1,1
20,0,33949.0,3.63,86.2,29.4,1,0,9.9,1.64,3,Engineering,Bachelor,1,1,1
24,0,29732.0,5.67,84.5,22.3,1,1,5.8,2.62,2,Engineering,Bachelor,0,1,1
19,1,46725.0,4.78,79.4,41.6,1,1,6.2,2.15,1,CS,Bachelor,0,1,2
19,0,36930.0,3.93,83.0,15.2,1,0,5.0,0.5,4,Arts,High School,0,0,0
22,0,25000.0,4.19,80.6,21.3,1,1,8.6,0.59,4,Science,Bachelor,0,1,4
19,1,40836.0,3.11,74.7,5.0,0,0,7.0,1.44,2,CS,Bachelor,0,1,2
21,1,34487.0,2.77,88.7,15.8,1,0,3.6,3.44,3,Arts,Bachelor,1,1,0
17,1,42909.0,3.02,67.5,22.9,0,0,5.8,0.75,2,Arts,Bachelor,1,1,0
25,0,27931.0,4.64,82.1,23.9,1,1,4.8,3.94,2,Engineering,Bachelor,0,1,1
18,1,48390.0,5.19,79.8,14.5,0,1,6.2,2.46,4,Business,Master,0,2,3
20,1,28657.0,4.82,73.7,16.4,0,1,7.3,0.19,1,Science,High School,1,0,4
20,0,29779.5,4.245,87.0,45.1,1,1,5.5,1.85,3,Business,PhD,0,3,3
25,1,25000.0,4.42,73.8,20.6,1,0,6.1,1.83,1,Engineering,High School,0,0,1
18,1,25000.0,4.8,78.7,8.3,0,1,4.0,4.0,2,CS,Master,0,2,2
25,1,42669.0,6.22,87.8,17.5,1,0,8.0,2.66,3,Business,Bachelor,1,1,3
22,1,25000.0,2.26,66.6,17.6,1,0,7.2,0.24,3,Business,High School,1,0,3
21,0,111689.0,5.4,90.6,29.2,1,0,1.9,3.54,4,Science,Bachelor,0,1,4
18,1,41767.0,6.07,81.7,34.3,0,0,3.5,3.48,2,Science,Bachelor,0,1,4
22,1,30181.0,2.58,79.5,13.8,1,1,3.1,2.16,2,Science,Master,0,2,4
19,1,48627.0,4.85,71.0,33.6,0,0,5.4,0.04,1,CS,Bachelor,0,1,2
23,1,25000.0,1.8,82.7,46.8,0,1,6.0,2.48,2,Science,Bachelor,1,1,4
18,0,51731.0,3.97,82.2,42.2,1,0,6.9,0.49,4,Business,Master,1,2,3
20,0,50876.0,2.65,86.4,37.0,0,0,5.1,2.45,4,Business,Master,0,2,3
19,0,63078.0,4.89,78.2,34.9,1,1,5.0,3.88,2,Arts,Bachelor,0,1,0
18,1,25000.0,3.94,74.2,26.2,1,0,6.0,3.76,4,Business,High School,0,0,3
22,0,25000.0,3.55,84.5,47.0,1,1,10.0,2.04,3,Business,Bachelor,0,1,3
22,1,25000.0,4.79,77.4,35.2,1,0,2.8,4.0,3,Business,Bachelor,0,1,3
23,0,25110.0,2.89,86.0,20.3,1,0,2.1,3.68,3,Arts,Bachelor,0,1,0
17,0,80848.0,4.03,73.8,28.2,1,1,4.5,4.0,2,Engineering,High School,0,0,1
23,0,110969.0,4.9,88.4,21.9,0,0,4.2,2.32,4,Engineering,High School,0,0,1
26,1,29684.0,3.965,93.9,28.3,1,0,5.5,2.76,4,Science,Bachelor,0,1,4
20,1,29901.0,4.17,80.7,44.6,1,0,5.5,0.55,2,Science,Bachelor,1,1,4
25,1,25000.0,3.67,92.8,27.9,1,0,3.4,1.37,3,Arts,Bachelor,1,1,0
20,1,48767.0,5.86,88.0,20.5,0,0,4.4,3.47,1,CS,High School,0,0,2
18,0,110542.0,5.84,84.7,42.5,0,1,5.0,1.7,3,Arts,PhD,1,3,0
20,0,86813.0,3.89,81.9,45.3,1,1,5.0,2.04,2,Engineering,Bachelor,1,1,1
23,1,58852.0,3.85,77.6,20.6,0,0,5.2,3.0,3,CS,Master,0,2,2
19,1,58336.0,2.69,91.6,47.8,0,0,5.2,3.6,3,Arts,Bachelor,0,1,0
19,0,48991.0,6.93,90.0,41.6,1,0,4.0,3.83,3,Business,Bachelor,0,1,3
22,1,28901.0,5.02,73.6,23.4,1,0,5.0,1.27,2,Science,High School,0,0,4
21,0,25000.0,5.17,82.9,44.6,1,0,5.5,2.39,3,Science,Bachelor,0,1,4
22,0,29364.0,5.85,75.5,15.2,1,0,7.2,2.04,2,CS,Bachelor,0,1,2
21,0,38308.0,3.94,85.8,24.2,1,1,2.8,1.88,3,Business,High School,0,0,3
22,1,25000.0,3.65,88.0,16.9,0,1,5.5,1.16,2,Science,Bachelor,1,1,4
20,0,27126.0,5.94,69.5,18.3,1,0,5.8,1.01,1,Science,Bachelor,0,1,4
21,0,25000.0,3.3,81.3,40.2,0,0,5.8,1.18,3,CS,Bachelor,0,1,2
19,0,54628.0,3.76,85.4,29.8,0,0,5.9,3.14,1,Arts,PhD,0,3,0
23,0,29684.0,4.05,82.7,16.7,1,0,5.5,3.71,3,Arts,Bachelor,0,1,0
19,0,36204.0,2.59,96.3,22.9,0,0,5.8,2.22,3,CS,High School,0,0,2
23,0,25000.0,5.04,69.4,22.0,1,1,5.7,1.69,3,Science,Master,0,2,4
20,0,77545.0,4.71,92.8,33.0,1,1,6.5,1.94,4,Science,High School,0,0,4
21,1,25000.0,3.3,74.9,57.3,0,1,5.2,1.2,2,Engineering,Bachelor,0,1,1
19,0,39557.0,5.51,64.9,32.5,0,0,4.5,2.93,3,Arts,Bachelor,0,1,0
18,0,25000.0,2.48,84.6,33.3,1,0,7.3,1.1,4,CS,Bachelor,1,1,2
17,0,25000.0,3.52,81.0,48.5,0,0,3.3,2.84,4,Arts,Bachelor,0,1,0
18,1,33648.0,5.94,82.7,23.5,1,0,3.0,2.0,3,Science,Bachelor,0,1,4
20,1,34656.0,3.83,86.2,46.0,0,0,3.3,3.65,1,CS,High School,0,0,2
21,0,34117.0,2.07,86.4,24.9,1,1,6.1,2.75,1,Business,Master,0,2,3
23,1,32567.0,4.32,77.8,25.7,1,0,4.2,2.04,2,Arts,High School,0,0,0
20,1,25000.0,3.63,88.5,26.0,1,0,5.3,3.13,2,Science,Bachelor,0,1,4
19,1,26945.0,4.68,65.9,28.7,0,1,8.0,0.67,4,Science,High School,0,0,4
17,0,30302.0,5.43,81.2,27.9,0,1,3.4,3.91,4,CS,PhD,0,3,2
22,0,33430.0,3.91,91.0,34.3,0,0,2.4,1.74,2,CS,Bachelor,0,1,2
24,1,28584.0,0.92,84.3,24.9,1,0,7.0,1.5,1,Business,Bachelor,1,1,3
23,1,46062.0,4.73,82.4,31.2,0,1,4.0,0.75,2,Science,Bachelor,1,1,4
22,1,31446.0,2.69,79.2,10.7,1,0,3.4,2.85,2,Science,PhD,0,3,4
22,0,33550.0,4.66,84.8,39.4,1,0,5.3,1.61,2,Science,Bachelor,0,1,4
24,0,29219.0,4.11,79.8,43.6,1,0,5.5,3.37,4,Science,High School,0,0,4
21,1,25000.0,5.38,87.0,32.7,1,0,3.9,3.12,3,Arts,High School,0,0,0
22,1,32611.0,5.1,77.8,39.0,1,1,6.5,2.32,3,Engineering,Bachelor,0,1,1
20,0,61357.0,3.6,94.2,20.0,0,0,4.1,3.57,2,Business,Bachelor,0,1,3
18,0,38805.0,3.85,86.4,48.2,0,1,4.0,4.0,1,Science,High School,0,0,4
19,0,25000.0,4.56,96.5,32.3,1,1,2.1,3.56,4,Engineering,Bachelor,0,1,1
21,1,48477.0,5.06,78.9,10.7,1,0,1.1,4.0,4,Arts,High School,0,0,0
21,1,25000.0,2.71,91.8,44.6,0,0,5.9,2.18,1,Arts,Master,0,2,0
25,1,45652.0,5.2,71.9,38.6,1,0,3.1,2.21,1,CS,High School,0,0,2
21,1,25000.0,1.64,87.8,52.5,1,0,5.2,2.7,1,CS,Master,0,2,2
23,0,36753.0,1.29,81.1,50.0,0,1,9.0,0.8,2,Arts,Master,1,2,0
20,1,25000.0,1.85,83.0,46.1,1,0,6.3,1.44,1,Science,Master,0,2,4
20,1,25000.0,4.68,87.8,35.7,0,0,5.6,1.05,4,Engineering,High School,1,0,1
18,1,25000.0,4.81,87.9,38.6,0,0,6.3,3.09,2,CS,PhD,0,3,2
19,1,40427.0,4.26,88.7,17.1,1,0,9.4,0.87,3,CS,Bachelor,0,1,2
22,0,37127.0,3.27,84.8,26.7,1,0,2.1,4.0,2,Engineering,High School,0,0,1
21,1,38402.0,4.62,86.3,65.8,1,1,5.3,2.96,2,Arts,Bachelor,0,1,0
23,1,35073.0,3.13,80.2,9.3,1,1,8.2,0.36,4,Arts,High School,0,0,0
21,1,25000.0,3.58,76.8,33.7,1,0,6.1,1.19,2,Business,Bachelor,1,1,3
20,0,53079.0,2.91,83.3,29.5,1,0,7.7,2.51,3,Engineering,High School,0,0,1
25,1,53942.0,4.84,64.8,40.2,1,1,4.4,1.24,4,Science,Bachelor,1,1,4
20,0,25000.0,3.25,85.4,32.4,0,1,3.2,2.91,3,CS,Bachelor,0,1,2
23,0,40916.0,4.5,89.0,44.6,0,0,8.9,2.36,4,Engineering,Bachelor,0,1,1
20,0,50262.0,4.11,87.0,30.2,1,0,5.6,2.23,4,Science,Master,0,2,4
22,1,25000.0,6.08,77.1,39.3,1,0,7.0,2.81,3,Arts,Bachelor,0,1,0
23,0,25000.0,4.09,65.6,34.4,1,0,7.1,0.0,4,Business,Bachelor,1,1,3
21,0,40965.0,5.62,87.2,26.5,1,1,7.8,0.98,4,Arts,Bachelor,1,1,0
17,1,25000.0,5.05,75.7,24.8,0,0,6.0,0.81,3,Arts,PhD,1,3,0
21,1,25000.0,2.54,71.7,45.3,0,0,6.1,1.4,4,Engineering,High School,1,0,1
23,1,25000.0,3.28,89.6,37.5,1,1,6.4,1.19,1,Arts,Bachelor,1,1,0
22,0,25000.0,3.65,71.2,42.0,0,1,4.3,1.22,1,CS,Bachelor,0,1,2
22,1,57009.0,4.71,80.6,45.1,1,1,7.4,2.23,4,Engineering,PhD,0,3,1
17,0,25000.0,5.01,96.2,23.8,1,1,4.5,2.83,3,Arts,Master,0,2,0
19,0,36529.0,4.85,76.7,26.8,0,0,7.5,2.39,2,CS,High School,1,0,2
21,0,48388.0,2.97,73.5,25.9,1,0,6.9,0.4,3,Engineering,High School,1,0,1
21,1,25000.0,3.98,86.1,42.4,1,0,1.5,4.0,3,CS,Master,0,2,2
23,0,25000.0,3.46,84.6,31.1,1,1,7.0,3.71,1,Business,Bachelor,0,1,3
20,0,34191.0,4.48,68.7,32.2,1,0,5.9,2.4,4,Engineering,High School,1,0,1
21,0,29219.0,4.35,67.4,17.3,1,0,5.5,1.06,2,Engineering,High School,1,0,1
21,0,54290.0,3.97,91.4,39.9,1,0,8.6,1.92,2,Business,Bachelor,1,1,3
18,1,25000.0,1.71,93.2,40.3,1,0,5.7,1.76,1,Business,Bachelor,0,1,3
17,1,25000.0,2.59,79.9,36.7,0,1,6.1,2.57,3,Business,High School,0,0,3
21,0,41645.0,6.12,86.0,32.0,0,1,3.2,2.52,4,CS,Bachelor,0,1,2
21,0,30646.0,6.2,86.3,42.5,1,1,5.2,2.34,4,CS,High School,1,0,2
19,0,46687.0,3.15,90.1,29.4,1,0,8.5,1.76,2,Engineering,Bachelor,0,1,1
17,1,34794.0,4.64,81.3,47.0,1,0,5.5,2.82,4,Business,Bachelor,1,1,3
22,0,27424.0,4.63,92.4,38.6,1,0,7.2,1.52,1,Science,Bachelor,0,1,4
20,0,25000.0,5.78,76.2,14.9,1,0,5.5,3.85,4,Arts,Bachelor,0,1,0
22,1,119974.0,4.32,88.2,28.4,1,0,5.3,2.62,1,CS,Bachelor,0,1,2
25,0,74680.0,2.64,74.0,33.9,1,1,6.5,3.25,2,Science,Bachelor,0,1,4
17,0,40027.0,2.93,67.7,21.6,0,0,1.0,4.0,4,Arts,High School,0,0,0
19,0,31166.0,4.52,86.9,43.0,0,0,6.2,4.0,1,Engineering,High School,0,0,1
20,0,41064.0,1.62,100.0,6.3,1,1,1.5,1.4,2,Science,High School,0,0,4
24,1,48830.0,1.77,84.6,39.6,1,0,5.4,0.23,4,Arts,Master,1,2,0
17,1,38227.0,5.1,80.3,38.3,1,0,4.0,2.95,4,CS,Bachelor,1,1,2
25,0,25000.0,7.43,91.9,6.2,0,0,3.4,2.21,4,Arts,High School,0,0,0
21,0,86743.0,3.19,78.4,31.2,0,1,8.2,1.22,4,CS,Bachelor,1,1,2
20,1,34466.0,3.79,67.9,24.8,1,0,7.5,1.18,1,Business,High School,1,0,3
20,1,99544.0,3.89,89.5,47.0,1,1,4.9,1.23,4,Arts,Bachelor,0,1,0
20,0,33266.0,4.32,94.4,20.0,1,1,9.8,1.16,2,Business,Bachelor,1,1,3
23,1,25658.0,2.89,83.0,39.6,1,0,7.3,0.24,2,Science,Bachelor,1,1,4
18,0,68219.0,3.87,84.5,42.0,1,0,5.2,3.55,2,Arts,Master,0,2,0
21,1,35622.0,5.04,77.1,25.3,0,0,2.1,3.99,4,Science,Master,0,2,4
20,1,32211.0,3.25,80.7,45.6,1,0,5.3,3.97,3,Science,Bachelor,0,1,4
19,1,25000.0,4.01,83.8,25.0,1,0,4.4,2.53,1,Arts,Bachelor,0,1,0
26,0,44185.0,5.35,82.4,46.0,1,1,4.7,2.14,4,Business,Bachelor,0,1,3
21,0,25000.0,3.96,82.3,61.3,0,0,6.2,0.16,2,Science,High School,0,0,4
22,1,25000.0,2.0,56.9,41.2,1,0,4.4,0.66,2,Engineering,High School,1,0,1
23,1,25000.0,1.04,83.3,37.3,1,1,7.9,3.39,4,Science,Master,0,2,4
17,1,38693.0,2.52,71.4,24.3,0,0,4.5,2.55,1,Business,Master,0,2,3
24,0,25000.0,5.54,85.8,52.3,0,0,3.7,4.0,2,Science,Master,0,2,4
17,1,26199.0,3.66,90.5,40.7,0,0,6.7,2.41,2,Arts,High School,0,0,0
19,1,53539.0,4.45,86.5,24.5,1,0,5.4,1.95,1,Engineering,Bachelor,0,1,1
20,0,25000.0,5.69,72.8,48.0,0,0,7.0,0.7,2,Business,PhD,1,3,3
22,0,32982.0,2.38,75.3,31.3,1,0,5.8,2.68,1,Business,Bachelor,0,1,3
21,0,25000.0,7.46,81.5,38.1,1,1,3.0,3.08,3,Business,Bachelor,0,1,3
20,1,25000.0,3.86,88.8,25.1,1,1,6.0,2.04,1,Science,Bachelor,0,1,4
21,1,80265.0,4.7,90.0,18.7,0,0,3.9,4.0,2,CS,Bachelor,0,1,2
18,1,25000.0,3.08,84.9,19.4,0,0,5.8,1.19,1,Science,Bachelor,0,1,4
17,0,47069.0,2.74,74.3,25.4,0,0,4.4,1.96,4,Science,Master,0,2,4
22,1,25000.0,4.03,91.4,36.2,0,0,5.1,2.3,4,Engineering,Bachelor,0,1,1
22,1,25000.0,3.21,81.8,26.4,1,1,5.6,1.17,2,Business,Bachelor,0,1,3
24,0,25000.0,4.12,78.8,20.5,1,1,6.8,0.98,1,Business,Master,1,2,3
19,0,46739.0,1.23,78.1,18.6,1,1,4.5,2.32,3,Engineering,Bachelor,0,1,1
22,0,26507.0,2.21,69.8,45.2,0,0,1.0,3.86,4,Arts,High School,0,0,0
20,1,25000.0,3.33,90.8,28.5,1,0,3.8,2.67,4,CS,Bachelor,0,1,2
23,0,31758.0,2.52,81.0,6.5,1,1,5.7,1.29,2,Engineering,Master,1,2,1
23,0,26845.0,7.95,76.5,29.9,1,0,7.6,1.95,2,Science,Master,0,2,4
21,0,25000.0,4.24,86.9,25.0,1,0,6.0,3.42,2,Arts,Bachelor,0,1,0
20,1,25000.0,4.35,88.3,32.5,0,1,7.3,3.23,1,Engineering,High School,0,0,1
23,0,50882.0,2.58,68.1,23.2,0,1,5.8,2.57,1,Arts,Bachelor,0,1,0
22,0,25000.0,3.09,94.4,45.4,1,0,5.9,2.01,1,Business,Bachelor,1,1,3
19,0,29718.0,4.06,99.8,28.2,1,0,5.5,3.67,1,Science,Bachelor,0,1,4
18,0,25000.0,5.49,82.8,27.5,0,1,7.4,0.6,4,CS,Bachelor,1,1,2
20,0,25000.0,2.16,83.9,26.2,0,1,8.5,2.02,1,Business,Bachelor,0,1,3
24,0,29239.0,3.55,100.0,35.7,1,0,3.8,3.99,3,Science,Bachelor,0,1,4
23,1,25000.0,4.57,73.3,34.7,1,0,5.9,2.22,4,Business,Bachelor,0,1,3
18,1,25000.0,1.0,77.8,25.3,1,0,3.4,3.51,3,Engineering,High School,0,0,1
18,1,28889.0,1.84,86.7,30.3,0,0,8.5,2.33,4,Arts,Bachelor,0,1,0
23,0,43887.0,2.18,91.2,27.0,1,0,5.8,1.86,2,Business,Bachelor,0,1,3
18,1,62747.0,3.76,82.3,40.2,1,0,5.5,2.55,3,Engineering,Master,0,2,1
22,0,25414.0,3.41,75.5,14.5,1,0,3.5,2.33,1,Science,Bachelor,0,1,4
19,0,92303.0,5.21,92.3,25.9,1,1,5.1,2.12,1,Arts,Master,0,2,0
24,1,26626.0,1.11,81.9,27.7,1,0,5.4,1.4,1,Engineering,Master,0,2,1
19,1,48890.0,3.46,82.0,46.7,0,1,3.6,1.96,1,Arts,Bachelor,0,1,0
23,1,94741.0,5.53,89.4,44.1,1,0,5.8,3.0,3,CS,Bachelor,1,1,2
21,1,32325.0,1.95,94.0,34.7,0,0,4.0,2.36,4,Engineering,Master,0,2,1
21,1,25000.0,3.85,83.9,18.1,0,0,6.3,1.49,3,CS,Bachelor,0,1,2
17,1,31399.0,4.98,85.8,30.7,0,1,3.7,3.91,4,Business,Master,0,2,3
17,1,25000.0,5.83,90.4,52.6,0,0,5.8,3.96,3,CS,PhD,0,3,2
20,1,25219.0,2.37,80.2,28.2,1,0,5.2,2.66,2,Science,Bachelor,0,1,4
21,0,97830.0,4.48,77.6,31.5,0,1,6.0,0.92,1,CS,High School,1,0,2
18,0,25000.0,4.05,79.1,32.2,1,1,5.8,2.38,1,Arts,Bachelor,1,1,0
18,1,35606.0,2.65,74.6,19.8,1,1,5.7,1.71,2,Science,High School,0,0,4
22,0,25000.0,2.4,73.3,20.3,0,0,4.2,1.22,2,Arts,Master,0,2,0
22,0,25000.0,2.36,99.8,20.3,0,1,6.5,1.5,3,Engineering,Bachelor,1,1,1
20,0,46486.0,8.83,74.8,26.4,1,1,6.0,1.45,4,Engineering,High School,0,0,1
22,0,35986.0,5.53,84.2,35.3,0,1,6.6,2.85,4,CS,Bachelor,0,1,2
18,1,25977.0,4.09,81.3,32.0,1,0,5.5,3.91,1,Science,High School,0,0,4
20,1,25000.0,2.9,90.4,36.1,0,0,5.2,1.35,2,Science,High School,1,0,4
24,1,35941.0,4.73,82.9,55.9,0,1,3.7,2.17,1,Science,Bachelor,1,1,4
21,1,82836.0,2.42,93.1,61.1,1,0,4.3,3.85,3,Business,Master,0,2,3
21,1,25000.0,4.42,81.0,31.1,0,0,4.6,3.75,3,Science,High School,0,0,4
26,1,93620.0,5.09,84.0,41.1,0,1,7.2,1.34,3,Arts,Bachelor,1,1,0
17,1,61065.0,3.79,88.0,37.9,0,0,3.3,3.3,2,Engineering,Bachelor,0,1,1
22,0,67617.0,3.22,83.6,42.9,0,0,3.1,4.0,3,Business,High School,0,0,3
24,0,29803.5,3.7,86.2,42.5,0,0,5.5,1.79,3,Science,High School,0,0,4
20,0,60035.0,5.26,84.3,23.7,0,0,4.1,1.39,1,CS,PhD,0,3,2
22,1,25000.0,3.94,70.7,53.8,1,0,4.8,2.06,2,Arts,Bachelor,1,1,0
18,0,25000.0,6.15,88.1,48.4,1,0,4.7,3.79,4,Science,PhD,0,3,4
19,1,47075.0,1.62,91.4,41.6,1,0,4.4,2.83,1,Arts,Bachelor,0,1,0
21,1,35508.0,2.35,81.0,38.2,1,0,4.1,0.0,2,Engineering,Master,0,2,1
22,0,27200.0,4.11,80.4,34.8,1,0,3.8,1.83,1,Business,High School,1,0,3
23,0,25000.0,4.59,84.3,32.5,1,1,4.8,2.93,2,Arts,High School,0,0,0
24,1,25000.0,3.91,97.6,39.5,1,0,2.9,3.09,3,Arts,Master,0,2,0
20,0,25000.0,5.82,79.7,33.0,1,0,6.6,4.0,4,CS,Master,0,2,2
23,1,39979.0,2.77,87.0,34.5,1,0,3.9,3.04,4,Science,Master,0,2,4
20,1,26511.0,4.02,80.6,30.3,1,1,6.3,2.38,3,Engineering,Bachelor,0,1,1
23,1,25000.0,5.41,86.8,28.4,1,1,4.3,3.22,4,CS,Master,0,2,2
21,0,145182.0,6.32,71.8,53.0,1,0,7.4,0.61,4,CS,High School,0,0,2
22,1,55432.0,3.73,96.4,32.5,1,0,5.6,3.29,3,Business,Bachelor,1,1,3
21,1,56023.0,7.49,84.9,26.6,1,1,3.6,3.66,4,Engineering,PhD,0,3,1
17,1,111450.0,4.12,79.8,33.5,1,0,10.0,1.11,2,Arts,High School,1,0,0
18,1,48113.0,6.21,80.0,17.0,1,1,4.7,2.89,4,Engineering,Bachelor,0,1,1
21,1,25000.0,3.55,84.2,42.8,1,1,4.5,2.22,3,Business,High School,0,0,3
17,0,25000.0,3.8,98.0,31.7,0,1,4.6,2.8,3,Engineering,High School,0,0,1
22,1,53047.0,5.52,94.4,27.6,1,1,6.2,3.17,1,Science,Bachelor,0,1,4
22,1,25000.0,5.06,79.8,26.4,0,0,2.9,2.32,4,Engineering,Master,0,2,1
21,0,28377.0,3.98,82.8,12.6,0,1,5.7,2.46,2,Business,Bachelor,0,1,3
18,0,25000.0,2.64,83.2,53.4,1,0,2.5,3.26,2,CS,Bachelor,0,1,2
24,0,31549.0,7.41,66.4,33.9,1,0,5.4,3.35,3,Arts,Bachelor,1,1,0
25,1,49635.0,3.64,80.2,53.2,0,0,7.5,2.24,1,Engineering,High School,0,0,1
21,0,35159.0,4.09,83.7,28.5,1,0,4.5,1.07,4,Science,Master,0,2,4
22,0,52201.0,1.5,74.7,37.1,1,0,7.1,0.0,3,Science,Bachelor,0,1,4
21,1,96654.0,3.27,95.8,40.4,0,1,2.5,3.89,3,Business,Master,0,2,3
22,1,27279.0,5.16,73.0,37.5,0,0,4.4,1.91,2,Business,Bachelor,0,1,3
20,0,160266.0,3.81,73.9,26.2,1,0,3.3,2.67,4,Arts,Bachelor,0,1,0
20,0,30604.5,4.05,87.5,10.4,0,0,5.5,2.46,4,Arts,Bachelor,0,1,0
23,0,52549.0,4.38,84.2,58.7,0,0,4.8,2.99,2,CS,Bachelor,0,1,2
26,0,25000.0,3.23,78.4,22.8,0,0,4.3,3.41,4,CS,Bachelor,0,1,2
17,0,78558.0,6.22,90.1,62.0,1,0,5.0,3.37,2,Science,Bachelor,0,1,4
20,1,55549.0,7.19,84.0,24.4,0,0,5.5,3.11,1,Science,High School,0,0,4
18,1,71888.0,5.75,96.8,48.1,1,0,4.8,2.94,4,CS,Master,0,2,2
24,1,30721.0,4.18,67.8,38.6,1,1,3.4,0.69,1,Engineering,High School,1,0,1
19,0,25000.0,3.76,77.8,39.2,0,0,7.9,2.44,1,Arts,Master,1,2,0
17,1,39192.0,1.87,95.2,24.1,1,0,7.5,1.51,3,Business,Bachelor,0,1,3
22,1,25000.0,4.46,85.8,26.7,1,0,6.1,1.4,1,Business,Bachelor,0,1,3
24,0,25000.0,4.51,81.2,26.9,1,0,6.0,1.38,4,Engineering,Bachelor,0,1,1
22,0,33345.0,2.52,78.8,33.3,1,1,5.9,2.65,4,Arts,High School,0,0,0
21,1,29803.0,4.4,84.8,29.0,0,0,5.5,3.26,2,Engineering,Master,0,2,1
21,1,35995.0,5.46,72.8,25.1,1,0,4.5,3.29,1,CS,Master,0,2,2
24,0,32329.0,3.63,70.5,20.2,0,0,8.4,1.71,4,Science,PhD,1,3,4
19,1,29718.0,3.76,71.5,21.4,0,0,5.5,2.69,3,Science,Bachelor,0,1,4
20,1,25000.0,1.39,88.8,36.4,0,0,3.1,3.15,3,Business,Master,0,2,3
20,1,31304.0,6.37,89.5,21.6,1,0,4.7,2.89,3,Arts,PhD,0,3,0
18,0,31626.0,3.13,78.6,16.8,0,0,6.4,1.66,4,CS,Bachelor,0,1,2
20,1,25000.0,3.61,78.2,31.7,1,0,6.2,3.1,3,Engineering,High School,0,0,1
23,0,25000.0,4.34,82.0,5.0,1,1,6.5,2.91,4,Arts,Bachelor,0,1,0
22,1,25000.0,3.74,74.1,29.9,1,0,2.8,3.67,3,Business,Bachelor,0,1,3
22,1,30914.0,5.25,87.3,30.9,1,0,6.1,2.58,3,Engineering,Bachelor,0,1,1
21,0,25000.0,3.52,79.6,36.8,0,0,7.5,0.18,2,Arts,Master,0,2,0
22,1,25000.0,3.25,81.5,34.1,1,0,2.8,2.33,3,Arts,Master,0,2,0
19,0,35368.0,5.21,80.6,14.7,1,0,8.6,1.15,3,Arts,Master,0,2,0
20,1,28377.0,3.9699999999999998,86.1,27.8,0,1,5.5,1.96,4,Science,Bachelor,0,1,4
21,0,31977.0,2.34,84.3,37.8,1,1,5.7,2.03,1,Engineering,High School,0,0,1
21,1,25000.0,4.32,97.3,35.0,0,0,3.8,4.0,3,Business,Bachelor,0,1,3
21,0,42485.0,5.09,78.9,20.6,1,1,4.4,3.93,2,Business,Bachelor,0,1,3
20,1,26521.0,5.1,96.3,35.0,1,0,4.8,2.36,2,Engineering,High School,0,0,1
20,1,25000.0,0.5,67.5,41.0,1,1,2.9,2.3,3,Arts,Bachelor,0,1,0
27,1,55367.0,3.37,85.9,18.3,1,0,4.9,2.5,3,Engineering,High School,0,0,1
23,0,36758.0,5.12,69.3,6.5,1,0,3.9,2.66,4,CS,Bachelor,0,1,2
21,1,27679.0,2.66,73.8,51.3,0,1,6.7,0.0,4,Science,Bachelor,1,1,4
20,0,25000.0,3.7,74.2,33.8,1,0,1.0,3.05,2,CS,High School,0,0,2
20,1,25000.0,4.59,73.6,24.5,1,1,5.1,1.21,3,Science,High School,1,0,4
20,1,29684.0,3.88,77.1,24.1,1,0,5.5,3.71,2,Engineering,Bachelor,0,1,1
21,1,25000.0,4.64,99.6,31.8,1,1,5.5,1.94,4,Science,Bachelor,0,1,4
17,1,25570.0,3.78,75.0,42.5,1,1,9.7,0.83,2,Science,Bachelor,1,1,4
17,0,29443.0,4.74,69.1,11.9,0,0,8.5,0.04,3,Business,Bachelor,1,1,3
19,1,36036.0,4.77,85.9,25.2,0,1,4.6,3.47,3,Arts,Master,0,2,0
21,0,25000.0,5.11,83.9,49.8,1,0,5.2,2.78,2,Science,High School,0,0,4
20,1,33008.0,5.04,99.7,39.9,1,1,4.0,3.73,1,CS,Master,0,2,2
24,1,25000.0,5.28,81.7,38.9,1,1,5.2,0.0,4,Business,Bachelor,1,1,3
17,1,31523.0,3.37,63.7,34.9,0,0,6.8,1.25,1,Science,Bachelor,1,1,4
19,1,25000.0,3.44,78.6,33.7,0,1,3.1,3.4,2,Arts,PhD,0,3,0
24,0,25000.0,4.26,78.4,24.4,0,1,8.3,2.13,3,CS,Bachelor,0,1,2
21,1,49064.0,6.55,72.1,23.3,0,0,7.1,0.55,2,CS,PhD,0,3,2
22,0,25813.0,4.3,77.5,39.7,1,0,7.1,1.47,3,Science,Bachelor,0,1,4
25,1,39507.0,6.18,80.8,23.5,1,0,6.2,2.11,4,Business,High School,1,0,3
19,1,40300.0,5.92,81.5,33.4,1,1,3.9,2.97,4,Arts,High School,0,0,0
20,0,63702.0,5.93,71.0,31.8,0,0,7.3,1.86,4,Arts,High School,1,0,0
20,0,25000.0,5.84,86.9,56.3,0,1,4.9,3.96,2,Science,Bachelor,0,1,4
17,0,51607.0,2.77,95.1,28.1,1,0,2.5,3.45,2,CS,Bachelor,0,1,2
20,1,30028.0,2.6,84.2,44.0,0,0,5.6,3.34,4,Science,Bachelor,0,1,4
22,0,25000.0,2.88,90.9,38.5,1,0,3.4,1.74,1,Business,Bachelor,0,1,3
22,1,25000.0,5.45,83.5,28.6,1,1,4.4,2.83,4,Engineering,PhD,0,3,1
22,1,42785.0,3.64,73.6,15.1,1,0,6.8,1.76,2,Engineering,Bachelor,1,1,1
20,0,25000.0,3.22,84.2,29.4,0,0,5.3,1.54,4,CS,Bachelor,0,1,2
19,0,40566.0,3.46,78.0,40.8,0,0,5.4,0.13,2,Arts,Bachelor,1,1,0
23,1,94532.0,4.62,73.1,15.3,0,1,7.6,2.21,3,CS,Master,1,2,2
19,0,53529.0,3.09,81.4,40.0,0,0,1.4,4.0,3,Science,Bachelor,0,1,4
21,1,68519.0,3.35,88.6,46.1,1,1,7.5,3.1,3,Business,Bachelor,0,1,3
21,0,25000.0,3.6,79.3,31.2,1,0,5.8,1.75,1,Arts,PhD,0,3,0
24,0,46988.0,5.19,97.5,41.0,0,0,5.4,3.69,2,Business,Bachelor,0,1,3
23,1,25000.0,1.84,89.6,31.7,0,0,5.4,2.66,3,Engineering,Master,1,2,1
18,0,25846.0,4.01,77.6,36.9,0,1,6.7,1.66,2,CS,Bachelor,1,1,2
18,1,84522.0,3.54,77.4,47.9,1,1,7.3,0.51,2,CS,High School,1,0,2
22,1,25000.0,4.79,99.2,11.4,1,1,5.1,2.89,2,Arts,High School,0,0,0
20,0,57920.0,3.85,79.3,20.8,1,0,5.3,0.9,2,CS,High School,1,0,2
20,0,54687.0,2.81,84.9,45.0,1,1,6.6,3.98,4,Engineering,High School,0,0,1
23,0,56661.0,6.79,85.4,47.2,1,0,1.7,1.91,3,Arts,High School,0,0,0
21,0,25000.0,6.01,68.2,13.1,1,1,5.3,2.53,4,Business,Master,1,2,3
21,1,40746.0,4.32,68.3,48.7,1,1,6.4,2.27,4,CS,Bachelor,0,1,2
22,1,27066.0,4.77,88.9,5.0,0,0,4.6,4.0,4,CS,Master,0,2,2
20,0,57131.0,3.03,73.6,37.5,0,0,4.1,1.08,1,CS,High School,1,0,2
24,0,25000.0,4.27,82.1,32.6,0,1,5.2,3.98,2,CS,High School,0,0,2
19,0,37074.0,7.45,69.9,21.2,0,0,4.4,3.46,2,Engineering,Bachelor,0,1,1
22,0,34058.0,5.61,79.4,21.9,0,0,5.1,1.85,2,Business,High School,0,0,3
24,1,25000.0,2.63,83.7,22.4,0,0,4.7,1.0,3,Business,Bachelor,0,1,3
18,1,25000.0,4.53,65.5,27.6,0,0,8.3,1.8,3,Science,High School,1,0,4
20,0,25000.0,4.11,82.4,53.8,1,0,3.4,2.94,4,Engineering,PhD,0,3,1
23,0,25000.0,4.68,82.9,39.9,1,0,7.0,1.8,2,Arts,Bachelor,0,1,0
23,1,41338.0,6.32,78.3,47.2,0,0,4.4,2.39,1,Engineering,Bachelor,0,1,1
20,0,33430.0,2.82,73.2,26.1,1,0,6.1,4.0,1,Engineering,High School,0,0,1
19,1,32914.0,3.74,79.0,32.8,1,0,6.7,2.0,2,Engineering,Master,0,2,1
23,0,25000.0,2.54,79.0,17.1,0,0,8.3,2.88,1,CS,Master,1,2,2
23,1,58237.0,4.28,97.4,26.7,1,0,6.2,3.86,2,Engineering,Bachelor,0,1,1
18,1,29399.0,4.14,81.0,23.4,0,0,4.8,3.16,4,CS,PhD,0,3,2
18,0,30340.0,6.71,78.3,35.9,1,0,5.6,2.18,1,Engineering,High School,0,0,1
21,1,52273.0,2.89,81.0,21.5,1,0,9.0,1.76,2,Engineering,Master,1,2,1
22,1,25000.0,5.18,85.4,20.0,1,0,5.8,3.7,4,Arts,Master,0,2,0
20,0,34103.0,0.59,85.1,34.8,1,0,3.1,1.69,2,Science,Bachelor,0,1,4
22,0,38333.0,6.51,85.6,29.4,1,1,4.8,3.65,4,CS,Bachelor,0,1,2
19,1,25000.0,4.04,86.8,21.6,0,1,4.8,3.15,1,Business,High School,0,0,3
17,1,43977.0,4.18,70.3,19.8,0,0,6.8,0.62,2,Business,High School,1,0,3
20,1,29590.0,3.68,71.1,21.6,1,1,5.5,2.35,4,Engineering,Bachelor,0,1,1
21,1,27981.0,4.62,83.5,39.8,1,0,4.6,3.28,3,Science,High School,0,0,4
20,1,27466.0,3.23,77.0,35.0,1,1,5.9,1.96,2,Arts,High School,0,0,0
18,1,29684.0,3.955,82.9,20.9,1,0,5.5,2.11,1,Engineering,Bachelor,0,1,1
17,1,47719.0,5.75,81.1,21.4,0,1,5.7,1.28,4,Engineering,High School,0,0,1
19,0,30876.0,3.49,81.8,16.2,1,1,5.8,3.18,1,CS,High School,0,0,2
23,1,58228.0,3.61,83.4,25.3,1,0,5.9,1.52,4,Engineering,Bachelor,0,1,1
23,0,44140.0,3.63,68.6,31.5,1,0,3.8,1.19,1,Arts,High School,0,0,0
23,0,25000.0,5.25,84.1,19.5,1,1,6.9,3.62,2,Science,Bachelor,0,1,4
19,1,25000.0,3.8,87.2,56.2,0,1,4.5,2.55,1,Business,High School,0,0,3
18,0,60436.0,3.42,84.0,37.5,1,1,5.5,1.7,1,Engineering,High School,0,0,1
22,0,25641.0,4.23,76.2,29.6,1,0,3.3,0.0,4,Arts,Bachelor,1,1,0
22,0,32811.0,5.38,75.1,31.0,0,0,5.6,4.0,3,Business,Bachelor,0,1,3
21,1,58899.0,2.31,83.5,13.3,1,0,5.8,3.38,3,Arts,Master,0,2,0
17,1,29618.0,4.97,88.4,15.6,1,0,5.6,2.4,2,Arts,High School,0,0,0
19,1,30405.0,4.46,92.5,45.9,0,0,4.1,2.98,4,Science,Bachelor,0,1,4
20,0,25000.0,4.52,88.1,49.6,0,0,7.5,3.98,3,Science,Bachelor,0,1,4
22,0,37123.0,4.02,86.1,5.0,0,0,6.6,0.59,3,Business,Bachelor,1,1,3
22,0,42273.0,4.04,61.7,35.6,1,1,5.2,1.59,1,CS,Bachelor,1,1,2
21,0,25000.0,4.92,77.1,46.6,1,0,5.2,1.14,2,Business,Bachelor,1,1,3
21,0,25000.0,1.99,84.5,25.9,1,1,4.2,3.83,3,Engineering,Bachelor,0,1,1
21,0,143742.0,2.95,76.6,48.2,0,1,4.4,3.27,1,Engineering,High School,0,0,1
22,0,28121.0,1.81,74.6,39.2,1,0,8.1,0.75,1,Science,Bachelor,1,1,4
21,0,25000.0,6.36,73.5,35.4,0,1,4.9,2.06,1,CS,Bachelor,0,1,2
21,1,45431.0,5.64,96.1,27.1,1,1,10.0,1.31,3,CS,Bachelor,0,1,2
20,1,28840.0,1.18,71.6,31.1,1,1,3.4,2.31,4,Science,PhD,0,3,4
21,1,25000.0,4.47,80.3,24.6,0,0,6.2,1.09,3,Science,Bachelor,0,1,4
22,1,39729.0,3.71,76.2,33.6,0,1,5.9,2.74,3,CS,Bachelor,0,1,2
21,0,31202.0,3.88,75.1,33.0,1,1,5.5,1.14,2,Arts,High School,0,0,0
21,1,76563.0,4.43,85.3,24.8,0,0,2.6,3.45,1,Arts,Master,0,2,0
24,0,40003.0,3.82,88.6,6.6,1,1,3.0,1.3,1,Arts,Master,1,2,0
21,1,25182.0,3.92,72.6,27.7,0,0,5.9,3.79,4,Business,Master,0,2,3
19,1,31749.0,5.32,82.4,17.8,0,0,3.7,1.97,1,Science,Master,0,2,4
22,1,51122.0,3.23,81.1,16.5,1,0,7.7,1.35,3,Science,Bachelor,1,1,4
18,1,33242.0,3.5,78.4,21.7,1,1,5.1,2.73,1,Business,Master,0,2,3
18,1,106220.0,4.84,74.5,39.9,1,1,6.0,3.19,3,Business,High School,0,0,3
21,1,58778.0,5.11,90.9,16.7,0,0,5.4,2.95,1,Engineering,Bachelor,0,1,1
22,0,39838.0,4.38,73.7,19.4,0,0,5.4,3.29,1,Arts,Bachelor,0,1,0
18,1,25000.0,3.37,71.6,38.5,1,0,8.2,0.44,4,Science,Bachelor,1,1,4
20,0,27224.0,1.83,90.8,20.8,1,0,7.5,1.16,2,Science,High School,1,0,4
19,1,39629.0,1.88,83.6,16.5,0,1,5.8,0.0,4,CS,Bachelor,1,1,2
19,0,25000.0,3.73,72.6,39.7,1,0,6.7,2.11,2,CS,Bachelor,1,1,2
23,0,64606.0,4.22,81.4,28.4,1,0,7.6,4.0,1,Engineering,High School,0,0,1
22,1,25000.0,3.54,77.0,30.8,0,0,4.4,1.03,1,Science,Bachelor,0,1,4
21,0,25000.0,2.63,93.9,27.3,1,0,2.7,3.98,4,Business,Bachelor,0,1,3
19,1,25000.0,2.43,80.1,35.1,1,1,6.5,1.54,2,Arts,Bachelor,0,1,0
18,0,46458.0,4.21,86.3,38.2,0,0,7.7,2.14,1,Business,Bachelor,0,1,3
24,1,25000.0,5.76,81.8,28.5,0,1,2.4,3.7,1,CS,Master,0,2,2
22,1,25000.0,3.03,93.5,12.0,0,0,4.4,2.8,3,Business,Master,0,2,3
19,1,57115.0,3.97,83.6,33.6,1,1,5.1,3.99,4,Engineering,PhD,0,3,1
22,0,25000.0,3.08,91.3,25.9,1,0,3.7,3.28,3,Engineering,Master,0,2,1
20,0,25000.0,4.78,86.3,40.3,0,1,5.2,3.48,3,Arts,Master,0,2,0
20,1,25000.0,3.84,77.6,19.3,1,1,3.5,1.4,2,Arts,Bachelor,0,1,0
22,0,83288.0,5.28,82.0,26.2,1,1,4.9,3.11,3,CS,Master,0,2,2
19,0,25000.0,4.15,80.3,12.2,1,1,6.8,2.62,3,Arts,Master,0,2,0
20,1,31202.0,3.59,77.4,39.4,1,1,5.5,3.96,3,Business,High School,0,0,3
21,0,31202.0,3.96,58.400000000000006,44.7,1,1,5.5,3.94,4,Arts,High School,0,0,0
19,0,25000.0,2.91,92.9,24.1,0,1,8.0,1.21,2,Arts,High School,0,0,0
22,0,30885.0,4.26,65.5,27.7,0,1,5.5,1.94,3,Arts,High School,0,0,0
25,0,25000.0,4.3,92.7,20.3,1,0,1.0,2.28,1,Science,Bachelor,0,1,4
19,1,52761.0,6.62,71.3,21.4,1,1,5.8,2.6,3,Business,Bachelor,1,1,3
17,0,31588.0,2.57,86.3,38.3,1,0,5.4,1.5,4,Engineering,Bachelor,1,1,1
17,1,131875.0,5.29,77.3,24.0,1,0,5.8,4.0,1,Engineering,Bachelor,0,1,1
20,0,25000.0,4.17,68.7,35.7,1,0,5.6,0.74,3,Arts,Master,1,2,0
19,0,25000.0,2.73,91.2,29.8,1,1,7.8,2.17,4,Arts,Bachelor,1,1,0
21,1,74627.0,0.52,62.8,39.0,1,1,4.2,1.8,3,Business,PhD,1,3,3
21,0,56094.0,3.17,88.4,25.3,0,0,5.3,2.1,1,Engineering,Bachelor,0,1,1
17,1,37454.0,3.34,83.0,43.0,1,0,4.7,1.52,3,CS,High School,0,0,2
17,1,25000.0,3.34,90.4,52.5,0,0,6.7,2.48,4,Arts,High School,0,0,0
21,0,84711.0,5.17,87.0,9.6,1,0,6.9,4.0,3,Arts,High School,0,0,0
21,1,28474.0,3.4,86.9,28.9,1,0,6.2,2.27,2,Science,PhD,0,3,4
20,0,25000.0,4.35,89.2,28.9,0,0,9.4,0.09,4,Science,High School,1,0,4
17,0,59029.0,2.19,88.7,21.4,1,0,6.5,0.65,1,Business,Bachelor,0,1,3
22,0,31048.5,4.18,85.6,34.9,0,1,5.5,4.0,1,CS,Master,0,2,2
23,1,25000.0,2.31,79.3,43.4,1,0,3.9,0.41,3,CS,Bachelor,1,1,2
21,0,30460.0,4.88,80.2,6.3,1,0,4.2,3.75,2,CS,Master,0,2,2
19,1,25000.0,5.26,82.9,5.4,0,0,9.1,2.14,3,Business,High School,0,0,3
21,1,29219.0,3.79,79.9,49.9,1,0,5.5,3.11,1,Business,High School,0,0,3
18,0,25000.0,6.5,99.5,27.1,1,0,6.9,1.43,2,Business,High School,1,0,3
23,0,25000.0,3.41,81.3,31.1,1,0,7.8,3.41,3,Engineering,Bachelor,0,1,1
21,1,25000.0,4.47,72.8,17.2,1,0,7.6,2.37,3,Arts,High School,1,0,0
17,1,41988.0,4.99,81.0,30.5,1,0,2.6,3.37,1,Engineering,Bachelor,0,1,1
20,0,25000.0,3.12,75.3,46.4,0,0,4.9,1.4,1,Arts,Master,0,2,0
22,1,39619.0,3.09,97.7,36.0,1,1,6.6,1.4,2,Science,High School,1,0,4
20,0,25000.0,3.45,82.8,32.3,0,0,6.8,1.35,1,Arts,Master,1,2,0
20,1,51304.0,4.59,87.1,8.8,1,1,5.5,2.9,2,Arts,High School,0,0,0
18,1,25000.0,4.76,86.1,38.9,0,1,4.2,2.25,1,Arts,High School,0,0,0
22,1,25000.0,5.81,89.6,30.1,0,0,5.0,3.73,1,CS,PhD,0,3,2
19,1,62465.0,5.62,83.9,22.7,0,1,4.4,2.26,4,Engineering,High School,0,0,1
17,1,25000.0,5.6,78.8,37.7,1,1,3.3,1.89,1,Engineering,Bachelor,0,1,1
20,1,85319.0,5.14,82.4,19.8,1,0,5.0,1.94,4,Engineering,Bachelor,0,1,1
23,1,41721.0,5.04,72.2,36.7,1,0,8.8,2.26,4,Arts,Bachelor,1,1,0
20,0,47770.0,3.48,80.8,44.6,1,0,5.0,3.87,1,Engineering,Master,0,2,1
24,1,55675.0,3.28,96.4,31.9,1,0,2.8,3.08,3,Arts,Bachelor,0,1,0
21,0,31812.0,1.99,87.9,24.9,0,1,4.9,1.92,3,Science,Bachelor,0,1,4
21,0,32030.0,5.82,81.1,23.1,1,0,8.6,1.94,1,CS,Bachelor,0,1,2
20,0,64139.0,4.06,98.1,34.6,1,0,2.6,0.8,4,Engineering,Bachelor,0,1,1
20,0,31787.0,4.43,77.1,24.8,0,0,5.5,1.91,2,Arts,Master,0,2,0
20,0,25000.0,0.5,84.7,58.4,1,1,6.8,1.18,2,CS,Bachelor,1,1,2
20,1,42254.0,3.14,79.6,13.0,1,1,3.4,3.13,4,CS,Master,0,2,2
22,0,25000.0,5.27,80.4,28.4,0,0,5.8,3.91,2,Business,High School,0,0,3
18,1,65627.0,4.43,85.2,33.3,1,1,3.9,3.64,2,CS,Master,0,2,2
18,0,66454.0,3.14,86.6,31.8,0,1,3.3,1.25,1,Science,Master,1,2,4
18,0,31048.5,4.18,80.4,23.3,0,1,5.5,3.19,1,CS,Master,0,2,2
25,0,29684.0,3.91,75.3,44.8,1,0,5.5,2.86,1,Business,Bachelor,0,1,3
22,0,28268.0,3.69,96.7,38.0,1,0,4.8,3.98,2,Business,High School,0,0,3
21,1,27889.0,4.16,82.8,38.9,0,0,6.5,0.74,4,Engineering,Bachelor,0,1,1
18,1,25000.0,3.99,73.7,22.0,0,0,6.4,2.71,3,Engineering,High School,1,0,1
22,0,84866.0,4.27,73.8,25.2,1,0,5.8,0.94,2,Science,Bachelor,0,1,4
20,0,25000.0,5.57,97.9,35.9,0,0,4.3,3.99,4,Business,Bachelor,0,1,3
21,1,36459.0,7.23,100.0,16.8,1,0,3.7,4.0,4,Science,Master,0,2,4
18,0,34628.0,5.92,84.7,38.0,0,0,4.1,3.19,2,Business,High School,0,0,3
21,0,25000.0,4.3,77.1,28.8,1,1,5.2,2.07,4,CS,Bachelor,1,1,2
20,1,25000.0,5.55,84.7,42.8,1,1,4.7,2.46,2,Engineering,High School,0,0,1
19,0,29832.0,2.06,79.6,24.9,1,1,3.4,2.74,1,Arts,High School,0,0,0
22,1,25000.0,3.98,86.6,51.8,1,0,5.1,0.94,1,Engineering,Bachelor,0,1,1
17,1,28179.0,3.09,84.8,34.9,1,1,4.4,3.04,4,Engineering,Bachelor,0,1,1
22,0,56345.0,3.26,81.7,36.2,1,0,6.5,2.04,1,Engineering,Bachelor,0,1,1
22,0,34029.0,5.25,81.3,21.7,1,0,4.8,2.63,4,Science,Master,0,2,4
19,1,46869.0,5.78,80.2,33.0,1,1,7.0,3.94,2,Arts,Bachelor,0,1,0
19,0,38840.0,2.27,89.6,23.4,0,1,5.9,1.26,2,Science,Bachelor,0,1,4
20,1,25000.0,3.77,80.5,11.5,0,1,4.6,2.08,4,CS,High School,0,0,2
21,1,25000.0,3.15,98.4,27.7,1,0,5.2,3.74,4,Science,High School,0,0,4
20,0,34851.0,4.87,99.2,44.0,1,0,5.3,3.85,1,Arts,Bachelor,0,1,0
22,1,31268.0,5.45,79.0,29.2,1,0,5.8,0.59,3,Arts,High School,1,0,0
24,0,51487.0,6.95,79.1,26.5,0,0,6.1,4.0,1,CS,Master,0,2,2
19,0,27159.0,5.56,81.6,26.3,1,1,4.7,3.11,2,CS,High School,0,0,2
17,1,25000.0,5.49,76.9,56.9,1,0,5.1,1.59,3,Engineering,Bachelor,0,1,1
22,1,25908.0,2.7,88.8,37.3,1,0,5.7,0.67,4,Business,Bachelor,0,1,3
24,1,25000.0,3.12,91.5,10.9,0,0,1.0,4.0,4,Business,High School,0,0,3
21,0,31202.0,3.96,92.3,23.5,1,1,5.5,1.96,4,Arts,High School,0,0,0
18,1,58911.0,7.34,80.3,25.2,0,0,3.8,3.77,2,Business,Master,0,2,3
20,0,25000.0,4.1,80.2,21.3,1,1,5.0,3.84,1,Arts,Bachelor,0,1,0
18,1,48164.0,5.86,66.1,30.8,1,1,4.3,2.7,4,Business,Bachelor,0,1,3
22,1,25000.0,3.46,76.7,23.1,1,0,6.8,2.09,4,Engineering,Bachelor,0,1,1
18,1,53700.0,3.97,74.5,23.8,1,0,7.3,1.17,3,Science,PhD,1,3,4
20,1,25000.0,3.97,73.1,31.8,1,1,5.3,0.68,3,CS,Bachelor,0,1,2
18,1,36899.0,3.36,78.1,11.5,0,0,5.3,2.69,1,CS,High School,0,0,2
21,1,25000.0,4.89,79.5,5.0,1,0,5.4,3.05,3,Science,High School,0,0,4
20,1,25000.0,2.32,81.8,44.9,0,0,5.5,2.25,4,Arts,Bachelor,0,1,0
21,1,39388.0,1.62,92.9,40.0,1,1,7.3,2.27,3,CS,Master,0,2,2
21,1,25000.0,3.66,91.3,34.4,1,0,10.0,0.24,1,Engineering,High School,1,0,1
18,1,25000.0,4.72,73.0,33.7,1,1,5.2,2.71,1,Business,Bachelor,0,1,3
22,1,68701.0,3.01,85.4,27.7,1,0,6.5,0.71,1,Arts,Bachelor,0,1,0
20,0,112036.0,7.02,75.6,66.2,1,0,4.0,3.17,4,Engineering,PhD,0,3,1
18,0,52167.0,4.0,83.2,32.3,0,1,4.1,2.46,4,CS,Bachelor,0,1,2
25,1,25000.0,4.1,92.5,61.3,1,1,3.7,3.46,3,CS,Bachelor,0,1,2
22,0,85657.0,2.7,78.1,54.8,1,0,7.9,1.59,4,Engineering,High School,1,0,1
20,1,25000.0,4.82,74.1,35.5,1,0,6.8,1.2,4,Science,High School,1,0,4
24,0,25000.0,5.33,82.4,27.5,1,1,4.8,4.0,1,Science,Master,0,2,4
25,0,30726.0,4.26,92.6,30.2,1,1,5.9,1.35,3,Science,Bachelor,1,1,4
20,1,94318.0,4.41,98.0,25.2,0,1,6.9,0.34,4,Arts,Master,1,2,0
21,1,51410.0,4.32,77.1,35.5,0,0,7.7,0.9,3,Business,High School,1,0,3
18,0,29803.5,3.555,83.1,38.1,0,0,5.5,2.36,3,Engineering,High School,1,0,1
20,1,25000.0,5.87,84.2,15.3,1,0,5.7,2.62,1,Business,High School,0,0,3
20,1,54248.0,3.59,70.6,61.4,0,0,7.9,1.76,3,Engineering,Bachelor,0,1,1
21,0,25000.0,6.25,70.2,20.6,1,0,3.5,0.74,1,CS,Bachelor,0,1,2
21,0,33862.0,2.43,84.6,5.0,0,1,2.0,1.27,1,CS,Bachelor,0,1,2
22,0,25000.0,5.18,79.0,29.0,1,1,7.8,1.38,4,Business,Bachelor,1,1,3
21,0,41838.0,4.24,70.8,16.2,1,0,4.7,0.56,4,CS,Bachelor,1,1,2
18,0,39864.0,4.12,87.5,29.4,0,1,7.9,3.32,3,Business,High School,0,0,3
18,0,25000.0,3.23,82.5,30.9,0,0,9.0,0.0,2,Science,Bachelor,1,1,4
19,0,55214.0,4.87,82.1,35.3,1,0,8.8,1.31,4,Business,Bachelor,0,1,3
20,1,41475.0,4.7,73.2,42.1,1,1,1.0,3.42,3,Arts,Bachelor,0,1,0
23,1,46352.0,6.32,68.3,17.9,1,0,6.9,3.85,4,CS,High School,0,0,2
18,1,25000.0,4.87,77.2,25.6,0,1,4.6,3.62,1,Business,High School,0,0,3
20,0,33103.0,3.47,82.4,38.1,1,1,4.3,3.04,3,Arts,Bachelor,0,1,0
23,1,30885.0,3.44,76.3,22.1,1,1,6.2,1.6,1,CS,Master,0,2,2
20,1,27203.0,4.42,73.2,7.5,0,0,4.4,3.59,2,Arts,Master,0,2,0
22,1,32935.0,5.93,79.0,37.4,1,0,6.8,3.57,1,Engineering,Bachelor,0,1,1
20,1,63188.0,4.5,82.3,23.2,1,1,7.9,0.0,1,CS,Bachelor,1,1,2
21,1,56668.0,5.33,93.3,22.4,0,0,5.1,2.33,4,Arts,High School,1,0,0
20,1,25000.0,4.38,83.2,31.4,1,1,6.1,2.49,3,Arts,Bachelor,1,1,0
22,1,53704.0,1.56,70.3,30.0,1,0,4.7,1.5,4,Science,High School,0,0,4
17,0,30604.5,3.555,65.8,42.0,0,0,5.5,3.34,3,Engineering,Bachelor,1,1,1
20,0,27154.0,3.75,62.4,15.0,1,0,8.1,1.43,4,Engineering,Bachelor,0,1,1
21,0,40339.0,5.6,84.7,57.1,1,0,6.2,3.27,4,Engineering,Master,0,2,1
22,0,39991.0,6.15,73.6,13.0,1,1,5.3,2.6,3,Arts,Bachelor,1,1,0
24,0,25000.0,6.34,86.0,25.3,1,1,7.9,0.44,1,Science,Master,0,2,4
20,1,25000.0,3.78,91.4,19.6,1,0,4.8,4.0,1,Arts,Bachelor,0,1,0
24,0,46653.0,3.39,86.7,30.7,1,0,4.8,0.84,3,Arts,Bachelor,1,1,0
19,1,25000.0,3.58,80.2,30.2,0,0,4.3,1.04,3,CS,Bachelor,0,1,2
23,1,53386.0,3.85,96.8,32.0,1,1,2.7,3.92,4,Engineering,Bachelor,0,1,1
22,0,65055.0,4.22,78.3,33.1,1,0,4.0,3.01,2,Business,Master,0,2,3
19,0,59054.0,2.8,74.8,45.7,1,0,5.6,3.38,4,Arts,Bachelor,0,1,0
21,0,97527.0,4.03,84.7,31.9,1,1,5.9,1.05,4,CS,Bachelor,0,1,2
20,1,28157.0,1.36,88.2,46.7,1,0,3.8,3.38,4,Arts,High School,0,0,0
22,1,33068.0,6.8,61.3,9.0,1,0,4.6,2.44,3,Science,High School,1,0,4
20,0,36040.0,3.7,90.9,5.0,1,1,2.1,2.6,2,CS,High School,0,0,2
20,1,28674.0,3.45,69.0,31.5,0,1,9.4,0.02,2,Engineering,Bachelor,0,1,1
24,1,41164.0,4.71,65.6,33.9,0,1,8.1,3.97,2,Engineering,Bachelor,0,1,1
20,0,25000.0,5.09,79.2,23.6,1,1,4.2,2.97,2,Arts,Master,0,2,0
22,1,33622.0,1.36,73.5,29.9,0,0,5.7,0.01,3,Arts,Bachelor,1,1,0
20,1,25000.0,3.11,85.3,42.9,0,0,3.9,3.46,2,Arts,High School,0,0,0
24,0,25000.0,5.85,84.9,38.0,0,0,7.3,0.94,2,Business,Master,1,2,3
19,1,46154.0,5.14,84.5,26.0,0,1,6.7,2.83,2,Engineering,High School,1,0,1
19,0,26384.0,2.48,91.8,32.4,0,0,3.1,3.57,3,Business,High School,0,0,3
24,0,45187.0,5.54,79.5,39.1,0,0,3.7,2.74,2,Arts,High School,0,0,0
20,0,26044.0,4.98,84.9,15.2,0,1,5.4,2.42,1,Business,High School,0,0,3
24,1,57748.0,2.95,68.6,20.3,0,0,8.0,0.17,3,Arts,Bachelor,1,1,0
23,1,25759.0,3.99,89.7,41.1,0,0,4.8,3.82,4,CS,PhD,0,3,2
20,0,25000.0,1.79,78.0,9.2,0,0,7.9,1.22,3,CS,Bachelor,1,1,2
17,0,34038.0,5.05,79.7,16.9,1,0,6.1,1.75,2,Business,Bachelor,0,1,3
21,0,25000.0,6.0,79.3,15.4,0,0,4.0,4.0,1,Arts,High School,0,0,0
21,1,25000.0,3.56,81.2,41.0,1,0,4.7,4.0,1,CS,Master,0,2,2
23,0,25000.0,3.99,79.0,17.0,0,0,6.6,3.11,2,CS,Bachelor,0,1,2
24,1,25000.0,4.55,64.7,39.5,0,1,7.0,1.64,3,Business,Bachelor,0,1,3
19,1,25000.0,3.71,91.9,25.8,1,0,7.2,2.38,2,Business,PhD,0,3,3
22,1,25000.0,1.31,76.8,51.3,1,1,5.9,1.24,1,Engineering,Bachelor,0,1,1
22,0,25000.0,5.4,79.0,31.5,0,1,6.3,1.73,3,Business,Bachelor,1,1,3
23,0,29803.5,3.56,65.5,42.8,0,0,5.5,1.72,1,Science,High School,0,0,4
22,0,25000.0,4.89,86.2,35.5,0,0,9.8,2.08,1,Engineering,High School,0,0,1
17,1,25000.0,5.82,78.1,24.6,1,0,5.6,1.61,3,Engineering,Bachelor,0,1,1
20,1,25000.0,3.83,90.5,29.8,0,0,2.3,2.56,1,Science,Bachelor,0,1,4
18,1,25000.0,4.58,97.0,30.1,0,0,5.7,2.12,4,Arts,Master,0,2,0
20,0,25000.0,3.09,95.1,24.5,1,0,5.7,2.16,4,Business,High School,0,0,3
23,1,45534.0,2.86,84.0,40.7,0,0,3.2,0.36,3,Science,Bachelor,0,1,4
21,0,25000.0,2.31,77.4,60.1,0,0,5.7,0.94,2,CS,High School,1,0,2
23,0,25000.0,4.45,77.2,31.4,0,0,3.6,3.7,1,Business,Bachelor,0,1,3
21,1,38861.0,4.11,79.0,38.6,0,0,6.2,1.2,1,Engineering,PhD,1,3,1
18,0,59276.0,5.43,75.2,36.3,0,1,6.6,3.57,4,Engineering,Master,0,2,1
17,1,41033.0,1.74,85.3,5.0,1,0,6.4,2.02,2,Arts,Bachelor,0,1,0
21,1,25000.0,4.34,80.2,35.9,1,0,7.3,1.85,3,Engineering,High School,0,0,1
20,1,25000.0,6.24,81.9,35.3,1,0,6.3,2.44,2,Arts,High School,0,0,0
18,0,30591.0,4.15,79.5,15.0,1,0,6.9,2.2,2,Engineering,Bachelor,0,1,1
17,0,25679.0,5.17,85.6,8.5,1,0,7.8,2.36,1,CS,High School,1,0,2
19,0,25000.0,7.05,84.0,35.1,1,0,4.7,2.48,4,Engineering,Bachelor,0,1,1
20,0,25000.0,5.77,79.2,49.7,1,1,5.2,3.56,1,Science,Bachelor,0,1,4
22,1,25000.0,2.15,80.8,25.6,1,1,4.9,2.34,3,Business,Bachelor,1,1,3
21,1,99178.0,3.59,80.8,26.0,0,1,4.2,3.01,1,Engineering,Bachelor,0,1,1
24,0,30220.0,4.47,87.4,57.7,0,0,5.0,3.77,1,Engineering,Bachelor,0,1,1
18,1,43707.0,3.92,75.8,40.8,1,1,7.0,1.63,3,Science,Master,0,2,4
22,1,29844.0,5.71,78.3,15.4,0,1,6.8,2.2,1,Science,Bachelor,1,1,4
21,0,30571.0,3.97,66.8,21.4,1,1,2.5,3.95,4,Engineering,Bachelor,0,1,1
22,0,28645.0,3.91,73.4,56.2,1,0,8.6,1.12,2,Business,Bachelor,1,1,3
20,0,25000.0,5.41,80.1,22.0,1,1,7.0,2.53,3,Arts,Bachelor,0,1,0
23,1,25000.0,2.17,78.5,23.6,0,1,5.9,0.27,1,CS,Bachelor,0,1,2
21,1,37486.0,4.64,66.3,38.0,0,0,3.0,3.89,3,Science,High School,0,0,4
19,1,33280.0,3.18,86.2,26.8,1,1,3.4,2.02,1,Business,High School,0,0,3
21,0,52207.0,5.01,75.0,35.3,1,1,8.2,1.28,1,Arts,Bachelor,1,1,0
20,1,46222.0,3.52,69.0,33.5,1,1,7.3,1.61,3,Business,High School,1,0,3
22,0,25000.0,4.67,84.9,28.3,1,0,7.5,0.17,4,Science,Bachelor,0,1,4
18,1,58662.0,3.29,88.7,44.5,0,1,5.3,3.88,4,Science,High School,0,0,4
20,1,47052.0,1.43,62.5,14.7,1,0,7.9,1.13,4,Science,Master,1,2,4
21,0,45004.0,4.47,87.5,31.4,1,1,3.0,3.8,1,Business,High School,0,0,3
21,1,114645.0,2.31,80.3,23.0,1,0,3.3,3.21,2,Science,Bachelor,0,1,4
24,1,101354.0,5.95,80.0,49.7,1,0,7.3,1.59,4,Science,Bachelor,0,1,4
22,1,44979.0,4.73,73.0,27.9,0,0,3.8,2.68,2,CS,High School,0,0,2
21,0,41736.0,4.94,80.8,53.1,0,1,5.4,3.51,3,Science,Bachelor,0,1,4
21,0,56897.0,3.63,81.3,24.9,1,0,2.3,3.12,2,Business,Bachelor,0,1,3
21,1,25000.0,3.98,100.0,31.3,1,0,1.0,3.77,2,Science,Bachelor,0,1,4
21,1,25000.0,0.92,86.2,43.1,1,0,3.7,0.86,3,Science,Master,0,2,4
17,0,44536.0,4.51,82.0,18.5,1,0,4.8,2.11,3,Arts,High School,0,0,0
20,1,25000.0,2.52,91.5,48.1,1,1,3.8,3.68,1,CS,Bachelor,0,1,2
17,0,42432.0,4.41,89.1,30.3,0,0,6.6,4.0,1,Arts,High School,0,0,0
23,1,32666.0,2.58,70.4,34.9,1,1,7.3,1.3,4,Business,Bachelor,1,1,3
20,0,25000.0,4.8,87.3,36.6,0,0,6.6,4.0,1,Arts,Bachelor,0,1,0
20,0,30198.0,4.24,82.8,29.1,0,0,3.4,2.93,3,Engineering,Master,0,2,1
23,0,29794.5,4.115,76.4,20.3,1,1,5.5,2.35,2,Business,Master,0,2,3
21,0,31239.0,5.76,73.7,31.1,1,0,3.3,2.73,1,Business,High School,0,0,3
18,1,31317.0,3.74,80.8,5.9,1,0,8.9,1.6,1,Business,Bachelor,1,1,3
20,1,36221.0,2.85,81.9,14.3,1,1,5.6,1.28,2,Engineering,Master,0,2,1
20,0,39164.0,5.35,91.2,28.3,1,0,4.0,4.0,2,Engineering,High School,0,0,1
17,0,31202.0,4.29,49.0,48.6,1,1,5.5,2.01,3,Science,High School,0,0,4
19,1,36686.0,3.78,71.9,48.2,1,0,5.8,0.57,3,Arts,Master,0,2,0
20,0,25000.0,5.99,83.6,41.8,0,0,6.8,1.45,3,Engineering,High School,1,0,1
20,0,25000.0,4.52,80.9,11.5,0,0,2.1,3.63,3,Arts,PhD,0,3,0
17,1,25000.0,4.8,82.9,33.6,1,0,4.2,3.12,3,Arts,High School,0,0,0
23,1,39413.0,3.85,78.3,19.7,1,0,6.4,1.13,1,Engineering,High School,1,0,1
20,1,32733.0,3.14,84.0,29.2,0,1,6.9,1.74,2,Engineering,Bachelor,1,1,1
21,0,27430.0,3.57,69.3,41.5,1,0,10.0,1.09,3,Arts,Bachelor,1,1,0
21,1,45002.0,0.93,98.8,37.9,1,0,8.0,0.95,4,Arts,Bachelor,0,1,0
19,1,37321.0,4.87,85.3,45.4,1,1,4.3,3.43,3,Science,High School,0,0,4
22,0,25000.0,4.77,85.7,13.1,1,1,8.7,2.1,4,Engineering,Bachelor,0,1,1
20,1,25000.0,2.07,73.5,17.7,1,0,6.5,2.92,2,Arts,High School,1,0,0
19,1,25000.0,4.49,77.3,48.1,1,0,8.0,2.32,4,Engineering,High School,0,0,1
22,0,25000.0,0.5,86.1,48.3,0,0,6.3,0.0,1,Engineering,High School,1,0,1
24,0,32349.0,6.78,79.2,29.8,0,1,8.1,2.04,1,CS,Bachelor,0,1,2
22,1,25000.0,3.26,84.1,29.7,1,0,7.4,0.49,3,CS,Master,1,2,2
23,0,25000.0,3.33,75.8,44.1,1,1,6.5,1.5,2,Science,High School,1,0,4
19,0,27541.0,4.97,71.3,36.4,0,0,4.7,2.92,1,CS,Bachelor,1,1,2
17,0,55626.0,4.61,90.9,37.3,1,0,4.7,2.9,4,Business,Bachelor,0,1,3
24,0,51910.0,2.01,74.8,18.9,1,0,3.8,2.95,3,Arts,High School,0,0,0
25,0,28772.0,4.06,89.3,43.8,0,0,5.4,0.1,2,Science,Bachelor,1,1,4
24,1,63532.0,4.56,75.3,27.6,1,1,7.5,0.0,2,Arts,Master,1,2,0
20,0,25000.0,2.91,80.7,13.3,0,1,6.5,1.77,3,Engineering,Bachelor,0,1,1
18,1,91705.0,5.03,78.9,20.6,0,0,4.1,1.99,2,Business,Master,0,2,3
18,0,45049.0,2.34,80.3,22.8,0,0,7.2,1.86,1,Science,Bachelor,0,1,4
17,0,31624.0,4.78,88.1,47.7,0,0,3.4,4.0,1,Science,Bachelor,0,1,4
20,0,25000.0,2.06,95.1,21.6,1,0,6.1,3.33,4,Arts,Bachelor,0,1,0
24,0,25000.0,3.45,80.5,34.6,1,0,8.0,0.73,1,CS,Master,0,2,2
20,0,42856.0,1.88,83.0,5.0,1,0,3.4,2.82,1,Engineering,High School,0,0,1
21,1,43445.0,5.04,79.8,41.2,1,1,5.8,2.05,2,Business,High School,0,0,3
24,1,44402.0,5.63,82.7,20.5,1,0,4.2,2.01,3,Business,Bachelor,0,1,3
20,0,25000.0,6.22,76.3,34.7,1,0,8.4,2.94,1,Engineering,Bachelor,0,1,1
25,0,25000.0,3.46,73.7,34.7,1,0,9.5,0.42,2,CS,Bachelor,1,1,2
25,0,33427.0,3.0,84.6,37.6,1,0,6.5,2.54,4,Science,Bachelor,1,1,4
20,1,47189.0,5.32,83.8,34.0,1,1,7.1,1.83,1,CS,Bachelor,0,1,2
19,1,29789.0,4.08,91.1,53.0,1,1,8.0,3.71,3,Science,Bachelor,0,1,4
22,0,72322.0,3.17,82.4,32.5,0,0,6.9,3.99,2,Engineering,High School,0,0,1
20,0,30330.0,3.15,81.6,57.0,1,1,4.0,1.94,1,Engineering,High School,0,0,1
18,1,29720.0,4.04,86.1,37.7,1,0,4.7,2.47,1,Engineering,Master,0,2,1
23,0,44460.0,5.59,89.9,33.3,1,0,4.7,2.73,2,Arts,Bachelor,0,1,0
23,1,61793.0,2.63,80.7,40.7,0,1,2.4,1.78,4,Science,Bachelor,0,1,4
21,0,25000.0,5.71,61.4,32.4,0,0,7.3,1.5,2,Science,Bachelor,1,1,4
18,1,25000.0,3.77,73.6,35.4,1,0,3.2,2.98,1,Business,Bachelor,0,1,3
18,1,25000.0,5.58,90.6,34.2,0,0,7.0,3.28,3,Engineering,Bachelor,1,1,1
21,1,197870.0,3.73,95.6,33.0,0,0,4.2,0.99,2,Science,High School,0,0,4
19,1,25416.0,5.09,92.7,55.4,0,0,5.1,2.35,2,Engineering,Bachelor,0,1,1
20,0,30604.5,3.56,78.5,57.3,0,0,5.5,0.39,1,Science,Bachelor,0,1,4
23,0,43088.0,4.55,79.4,33.9,0,0,8.2,4.0,3,Business,Master,0,2,3
22,0,53432.0,4.85,87.9,45.1,1,0,7.1,2.06,4,Business,Master,0,2,3
24,1,32921.0,1.58,86.8,44.4,0,0,5.3,1.72,4,Business,Bachelor,0,1,3
18,1,59791.0,6.13,62.1,43.1,1,1,5.4,1.97,4,Business,Master,1,2,3
20,0,25000.0,2.11,82.3,36.5,1,0,3.4,0.01,2,CS,Bachelor,1,1,2
22,0,25000.0,5.41,81.6,38.0,1,1,6.6,2.39,4,Business,High School,0,0,3
22,1,59724.0,3.36,72.8,36.9,0,1,5.4,1.71,1,Arts,Master,0,2,0
24,1,29928.0,5.0,77.2,21.4,0,0,3.8,3.95,1,Science,High School,0,0,4
21,1,25000.0,4.55,84.1,29.2,1,0,6.9,1.26,2,CS,Bachelor,1,1,2
25,0,25000.0,3.55,80.3,15.6,1,0,8.1,1.21,3,Business,High School,0,0,3
22,0,25000.0,2.85,89.5,36.9,1,1,5.2,3.63,2,Science,High School,0,0,4
23,0,29771.0,3.68,96.1,35.2,0,1,4.5,3.41,4,Arts,High School,0,0,0
20,1,39357.0,3.38,89.6,38.4,0,1,4.5,2.81,4,Arts,Bachelor,1,1,0
21,1,25000.0,4.48,85.6,20.7,0,1,6.2,0.69,3,CS,High School,1,0,2
23,1,37459.0,4.11,80.8,41.6,0,0,3.4,2.72,1,Engineering,Master,0,2,1
24,1,25000.0,2.97,88.4,35.7,0,0,5.6,2.46,2,Arts,Bachelor,0,1,0
22,1,61967.0,2.4,77.0,56.8,0,0,4.8,1.98,3,Engineering,Master,0,2,1
20,1,137462.0,3.46,77.6,39.7,0,0,6.4,2.24,3,Arts,Bachelor,0,1,0
24,1,25000.0,3.89,72.1,22.8,1,0,6.5,3.2,2,Science,Bachelor,0,1,4
17,1,39654.0,3.02,69.6,13.8,1,1,3.5,2.19,3,Business,High School,0,0,3
17,0,37762.0,4.49,92.2,32.6,0,1,6.7,1.62,1,Arts,Bachelor,1,1,0
22,1,32313.0,3.71,84.2,17.6,1,0,6.3,2.68,1,Engineering,Bachelor,0,1,1
21,0,29219.0,4.11,71.3,21.2,1,0,5.5,3.72,4,Science,High School,1,0,4
22,0,39628.0,4.49,81.0,18.4,0,0,4.7,3.94,4,Arts,Bachelor,0,1,0
21,1,25000.0,4.78,97.1,23.0,0,0,4.7,2.97,2,Business,Bachelor,0,1,3
22,1,65508.0,3.26,96.1,47.5,0,0,5.2,2.7,4,Engineering,Master,0,2,1
19,1,33557.0,5.67,81.9,18.4,1,1,3.8,1.41,1,Business,Master,0,2,3
22,0,25000.0,4.33,81.8,24.9,0,0,4.3,2.66,4,Engineering,High School,0,0,1
23,1,128788.0,5.71,80.2,12.8,0,1,5.9,2.4,3,Science,Bachelor,0,1,4
23,1,27730.0,5.14,73.1,9.5,1,1,4.5,4.0,1,Science,High School,0,0,4
25,0,34647.0,3.73,78.7,26.6,1,1,7.1,2.9,1,CS,Master,0,2,2
21,1,33033.0,3.21,79.5,32.5,0,0,5.3,1.74,4,Science,Bachelor,0,1,4
21,0,27503.0,4.13,64.3,16.2,1,1,4.6,3.56,3,Arts,Bachelor,0,1,0
17,0,38917.0,3.63,63.8,11.8,0,0,6.1,3.65,2,Science,High School,0,0,4
19,1,25000.0,3.08,81.5,7.5,1,0,4.8,1.55,4,Arts,Master,0,2,0
20,0,42528.0,2.62,88.7,31.7,0,0,4.1,3.37,4,Business,Bachelor,0,1,3
23,0,25000.0,6.5,75.8,41.2,1,0,4.9,3.15,3,Science,High School,0,0,4
19,0,25000.0,2.24,96.0,12.9,1,0,1.8,2.72,3,Engineering,Bachelor,0,1,1
22,0,88915.0,1.5,79.8,22.2,0,0,2.0,1.98,1,Science,Bachelor,0,1,4
21,0,25000.0,4.5,75.2,43.0,0,0,3.8,3.42,1,Science,High School,0,0,4
20,0,25000.0,3.06,70.6,27.4,0,0,3.4,2.78,3,Business,High School,0,0,3
21,0,25000.0,3.61,82.8,28.8,0,1,6.7,0.71,1,CS,Master,1,2,2
20,0,84460.0,2.22,65.9,34.6,0,1,7.8,0.91,1,Engineering,High School,1,0,1
20,0,25000.0,4.53,76.0,24.7,0,0,6.1,1.09,3,Science,Master,0,2,4
17,0,25000.0,4.37,82.4,20.7,0,1,2.1,3.88,1,Engineering,Bachelor,0,1,1
20,1,25000.0,5.24,70.8,33.7,0,1,3.0,3.74,2,Science,Bachelor,0,1,4
19,1,25223.0,4.72,77.8,13.4,1,0,6.1,2.19,1,CS,PhD,0,3,2
19,0,25000.0,3.62,82.2,10.7,1,0,5.2,3.3,3,CS,Bachelor,0,1,2
21,1,30604.5,3.84,57.3,21.7,0,0,5.5,1.08,4,Science,Bachelor,1,1,4
22,1,90552.0,2.96,87.2,38.5,1,0,4.0,3.67,3,Arts,Bachelor,0,1,0
21,1,25000.0,2.9,89.5,43.9,1,0,3.6,2.43,3,Business,High School,0,0,3
23,0,27964.0,2.57,73.9,24.3,1,0,8.1,2.25,2,Arts,High School,0,0,0
22,1,36430.0,5.68,80.4,40.0,1,1,6.8,1.62,4,Arts,High School,1,0,0
20,0,25000.0,5.81,81.0,46.6,1,1,5.0,1.86,2,CS,Master,0,2,2
20,0,29590.0,4.22,84.8,30.5,1,1,5.5,1.11,1,Engineering,Bachelor,0,1,1
21,0,25000.0,5.05,79.6,37.6,0,1,5.8,2.12,4,Science,High School,0,0,4
22,0,37219.0,4.34,76.2,52.4,0,1,5.6,0.77,1,Engineering,High School,1,0,1
24,1,27867.0,3.24,73.5,21.5,0,0,8.8,1.3,2,Engineering,High School,1,0,1
23,1,25000.0,4.12,88.7,27.1,1,0,8.0,1.42,2,Business,Master,0,2,3
19,1,65099.0,1.45,77.4,49.2,1,0,8.2,1.28,4,CS,Bachelor,0,1,2
20,0,102978.0,1.96,75.8,18.7,0,0,6.1,0.46,4,CS,High School,1,0,2
22,0,26741.0,4.55,90.4,31.9,0,1,4.9,4.0,2,Science,Bachelor,0,1,4
23,0,25000.0,5.23,83.2,22.5,1,0,3.3,4.0,1,Science,Bachelor,0,1,4
23,0,73395.0,5.18,73.8,46.4,0,1,3.7,1.47,2,Science,High School,1,0,4
20,1,92432.0,2.63,80.4,15.8,1,0,7.3,1.29,2,Arts,Bachelor,1,1,0
18,1,26869.0,5.15,74.2,29.2,1,0,3.2,2.83,2,CS,Master,0,2,2
18,1,26077.0,4.86,72.6,17.4,1,1,5.2,2.85,2,Arts,Bachelor,0,1,0
21,1,28341.0,4.6,77.6,12.4,0,1,3.0,2.5,2,Arts,Bachelor,0,1,0
21,0,25000.0,3.82,80.4,7.2,1,0,5.3,1.16,4,Engineering,High School,0,0,1
18,0,25000.0,3.32,77.1,28.0,0,1,3.6,0.7,1,CS,High School,1,0,2
21,0,83197.0,4.95,86.3,35.8,1,0,6.7,2.16,2,Engineering,Bachelor,0,1,1
22,0,26871.0,5.04,87.2,30.2,1,0,5.1,4.0,1,CS,High School,0,0,2
18,1,25000.0,3.73,76.3,32.8,1,1,4.0,2.56,2,Engineering,Bachelor,1,1,1
23,0,40055.0,4.56,80.6,24.8,1,1,3.8,1.39,1,Engineering,High School,0,0,1
20,0,25000.0,4.6,78.2,41.8,0,0,5.7,1.3,2,Engineering,High School,0,0,1
23,1,28570.0,3.87,74.1,38.7,1,0,5.6,3.03,3,Business,Bachelor,0,1,3
19,1,25000.0,3.1,83.3,31.5,0,0,4.5,0.03,2,Arts,Bachelor,1,1,0
18,0,25000.0,4.09,67.0,32.5,1,0,4.9,0.13,3,Science,Bachelor,1,1,4
20,1,46286.0,5.13,74.3,24.4,0,0,4.6,3.73,4,Science,Master,0,2,4
20,0,31873.0,2.87,72.7,53.3,1,1,1.6,3.15,3,Engineering,Master,0,2,1
20,1,25000.0,5.51,74.8,39.7,1,0,5.4,2.55,1,Science,Master,0,2,4
20,0,31943.0,3.04,73.3,28.8,1,0,2.7,2.96,3,Arts,Bachelor,0,1,0
21,0,25000.0,6.36,69.1,27.9,1,0,3.9,3.97,3,CS,Bachelor,0,1,2
20,1,25000.0,5.04,79.7,25.3,0,1,6.1,1.94,1,Arts,High School,0,0,0
20,0,59780.0,3.43,79.0,26.4,1,0,5.1,2.96,4,Engineering,Master,0,2,1
17,1,47559.0,2.24,81.9,33.0,1,0,8.3,1.68,4,CS,High School,1,0,2
21,1,29718.0,4.17,83.9,9.5,1,1,5.5,1.34,4,Business,Bachelor,0,1,3
20,0,32422.0,3.6,85.2,27.0,1,0,4.8,3.83,4,Business,High School,0,0,3
24,1,29684.0,3.95,60.6,28.4,1,0,5.5,2.62,3,Engineering,Bachelor,0,1,1
18,1,28377.0,3.49,82.5,29.9,0,1,5.5,0.98,3,Business,Bachelor,0,1,3
17,0,25000.0,4.04,79.9,32.1,1,0,7.4,2.18,3,Business,Bachelor,0,1,3
22,1,49886.0,3.88,81.1,30.4,1,0,6.7,0.47,2,CS,Bachelor,1,1,2
21,1,36759.0,2.98,78.3,34.9,0,0,8.0,2.6,3,Science,PhD,0,3,4
18,1,25391.0,5.37,75.6,28.4,1,0,2.6,2.56,1,Science,Bachelor,0,1,4
17,1,25000.0,5.46,80.0,41.9,1,0,6.9,1.69,4,Arts,High School,1,0,0
24,1,49251.0,4.02,78.2,37.9,1,1,3.7,2.5,2,Business,Master,0,2,3
24,1,27166.0,5.23,84.4,57.0,1,0,6.3,2.52,3,Engineering,High School,0,0,1
17,0,25000.0,4.83,89.6,38.4,1,0,5.1,3.82,2,Science,Master,0,2,4
20,0,25000.0,3.22,74.5,21.1,1,0,4.3,2.98,2,CS,Bachelor,0,1,2
24,0,47170.0,4.56,77.7,28.1,1,0,7.6,1.69,4,Business,PhD,1,3,3
20,0,25000.0,2.85,100.0,23.9,0,0,2.5,3.68,1,Business,Bachelor,0,1,3
19,1,29684.0,3.965,67.4,30.1,1,0,5.5,1.78,4,Science,Bachelor,1,1,4
20,1,56520.0,4.79,69.1,43.2,1,1,6.6,2.27,2,Engineering,High School,1,0,1
18,0,26878.0,4.67,90.4,26.1,1,0,5.8,2.35,2,Science,High School,0,0,4
17,0,35021.0,4.59,97.3,23.2,1,1,5.2,4.0,1,CS,Bachelor,0,1,2
23,0,57072.0,4.18,93.6,36.2,1,0,4.8,2.84,3,CS,Bachelor,0,1,2
17,0,50787.0,1.77,84.5,20.2,0,1,6.3,1.96,1,Science,High School,1,0,4
21,1,25000.0,2.05,78.6,19.5,0,0,3.0,3.64,3,Business,High School,0,0,3
23,1,27495.0,4.49,79.8,34.6,0,1,1.0,3.51,4,CS,PhD,0,3,2
17,1,51167.0,4.96,85.2,8.5,1,0,5.7,3.45,2,Engineering,Bachelor,0,1,1
19,0,52244.0,3.08,89.5,24.2,0,0,4.2,3.49,3,Engineering,Bachelor,0,1,1
23,1,28203.0,6.2,86.3,40.3,1,0,3.9,3.92,2,CS,PhD,0,3,2
22,1,28793.0,3.17,65.9,8.0,0,1,2.7,2.39,1,Business,Bachelor,0,1,3
19,1,34913.0,5.54,72.6,8.9,0,1,7.7,2.07,4,Engineering,High School,0,0,1
23,1,67517.0,1.84,84.2,12.8,1,0,8.8,2.55,1,Business,Bachelor,0,1,3
23,0,56418.0,2.92,70.9,5.0,1,1,5.4,1.42,3,Engineering,PhD,0,3,1
21,0,45073.0,4.45,66.8,52.8,0,1,5.2,1.62,2,CS,High School,0,0,2
19,1,25000.0,3.59,89.0,31.4,1,0,6.3,2.31,1,Engineering,Bachelor,0,1,1
20,1,25213.0,5.07,84.1,22.0,1,1,6.2,3.02,1,Business,High School,0,0,3
21,1,26020.0,4.34,94.4,14.5,1,1,4.6,3.32,1,Business,High School,0,0,3
20,0,69640.0,5.88,89.8,56.4,1,0,7.7,1.92,3,CS,Bachelor,0,1,2
23,1,25763.0,3.35,77.0,37.9,0,1,7.5,1.66,2,CS,High School,1,0,2
17,0,63074.0,2.58,84.0,28.5,0,1,6.8,2.42,1,Engineering,Bachelor,0,1,1
17,1,25000.0,3.71,75.7,44.6,1,0,8.7,1.89,4,Engineering,Bachelor,0,1,1
21,1,25000.0,3.47,69.1,34.7,0,1,6.9,3.69,1,Arts,High School,0,0,0
19,1,39691.0,3.13,91.6,24.0,1,1,4.3,3.41,3,Arts,High School,0,0,0
19,1,76183.0,2.87,80.4,22.7,0,0,5.6,2.14,3,Business,Bachelor,0,1,3
17,0,26185.0,2.14,92.8,22.9,0,0,7.2,1.01,4,CS,Bachelor,1,1,2
21,0,25000.0,5.68,82.9,17.8,1,1,3.6,2.33,2,Science,Bachelor,0,1,4
20,0,25000.0,2.07,84.2,43.3,1,0,5.0,3.54,2,Business,Bachelor,0,1,3
22,0,35553.0,3.89,86.6,23.8,0,0,2.7,2.23,4,Business,PhD,0,3,3
21,1,25000.0,4.17,80.5,46.2,0,0,9.1,0.98,2,Engineering,Master,1,2,1
20,0,25000.0,4.47,80.1,20.1,1,0,6.2,3.11,1,CS,Master,0,2,2
23,1,29954.0,3.94,83.9,22.8,1,1,6.6,2.58,3,Business,Bachelor,1,1,3
18,0,25000.0,2.13,92.0,24.6,0,0,2.8,3.7,2,Business,Bachelor,0,1,3
22,1,25000.0,2.97,86.0,19.2,1,1,7.5,2.61,1,Business,Bachelor,0,1,3
17,1,25000.0,3.93,82.1,23.0,1,0,6.1,1.84,1,Engineering,Bachelor,0,1,1
19,0,29684.0,3.995,63.7,36.6,1,0,5.5,1.84,1,Arts,Bachelor,0,1,0
18,0,25000.0,2.44,81.1,44.4,1,0,6.3,0.32,2,Engineering,High School,0,0,1
22,0,25000.0,4.82,75.1,33.6,1,0,3.7,3.08,4,CS,Master,0,2,2
20,1,39407.0,2.83,74.1,15.7,1,1,5.6,2.07,4,Business,Bachelor,0,1,3
21,1,60957.0,6.17,80.1,22.8,1,1,6.9,3.02,1,Engineering,Bachelor,0,1,1
18,0,25000.0,1.5,82.0,23.1,0,0,5.9,0.18,1,Engineering,High School,1,0,1
20,1,25000.0,4.69,87.8,50.4,1,1,2.2,2.37,4,Engineering,Bachelor,0,1,1
19,0,25000.0,4.18,73.0,41.8,1,1,6.0,2.36,4,Engineering,Bachelor,1,1,1
21,1,25000.0,3.77,82.1,44.6,1,0,7.0,2.04,3,Engineering,High School,1,0,1
18,0,25000.0,4.8,85.4,21.5,1,0,5.1,2.57,4,Business,Bachelor,0,1,3
23,1,25000.0,3.05,74.1,14.7,1,1,6.4,1.37,3,Science,Bachelor,1,1,4
17,1,25000.0,3.58,78.3,36.9,0,0,6.5,0.18,1,Arts,High School,1,0,0
19,1,79157.0,2.58,88.1,24.5,1,1,1.9,2.06,2,Science,High School,0,0,4
24,0,25000.0,5.74,81.5,33.5,1,0,7.8,3.94,1,Business,Master,0,2,3
20,0,25000.0,3.29,65.9,34.9,0,1,4.5,1.95,4,Arts,Bachelor,0,1,0
18,1,25000.0,3.25,88.2,25.3,1,0,4.2,2.96,4,CS,Master,0,2,2
21,0,25000.0,5.7,82.7,42.0,0,1,4.2,3.52,4,Arts,Bachelor,0,1,0
20,0,30813.0,1.78,69.2,12.5,1,0,7.7,0.57,3,Business,High School,0,0,3
19,1,28882.0,6.15,75.0,31.3,1,0,8.2,2.71,4,Arts,Bachelor,0,1,0
18,0,30746.0,3.86,81.0,38.1,0,0,6.4,3.88,3,Business,High School,0,0,3
27,0,29015.0,5.32,84.5,50.4,1,0,4.6,3.19,3,CS,Bachelor,0,1,2
20,1,25000.0,4.67,90.2,31.6,1,1,10.0,3.43,1,Engineering,Bachelor,0,1,1
17,0,25000.0,1.46,74.8,45.1,1,0,5.5,0.95,3,CS,Master,0,2,2
24,0,28430.0,4.87,78.4,44.3,1,0,4.3,2.72,3,CS,Master,0,2,2
22,1,54795.0,2.61,89.1,58.0,0,0,7.3,2.52,4,Science,High School,0,0,4
19,1,88274.0,3.68,90.4,33.9,0,0,5.3,2.36,2,Science,High School,0,0,4
18,0,25776.0,6.21,79.4,54.6,0,1,9.3,0.51,1,Arts,Bachelor,0,1,0
22,1,27508.0,3.27,77.7,39.7,1,0,4.0,2.63,3,Science,Bachelor,0,1,4
20,1,40145.0,5.45,86.0,11.6,1,0,5.2,1.39,3,Science,Bachelor,1,1,4
17,0,72834.0,2.75,65.4,30.3,1,1,8.3,0.68,1,Arts,Bachelor,0,1,0
24,0,25000.0,5.91,81.9,19.0,1,0,6.4,3.05,4,Engineering,Bachelor,0,1,1
20,0,45053.0,3.85,81.8,48.4,1,1,5.0,0.34,4,Science,Bachelor,0,1,4
24,1,25000.0,4.57,78.3,32.0,1,1,3.8,3.45,4,Science,Master,0,2,4
23,1,36240.0,3.88,85.8,14.2,1,0,3.5,1.59,3,Science,Bachelor,0,1,4
18,0,53229.0,4.03,90.7,40.6,0,0,3.2,2.79,3,Business,High School,0,0,3
23,1,25000.0,2.24,74.2,45.9,0,0,7.2,2.67,3,Arts,Bachelor,1,1,0
19,1,25000.0,3.34,76.2,25.2,0,0,6.9,1.72,2,Business,Master,0,2,3
17,0,29590.0,3.85,87.3,24.6,1,1,5.5,4.0,1,Arts,Bachelor,0,1,0
20,1,43032.0,2.3,70.4,32.4,1,1,3.5,3.47,3,CS,Bachelor,0,1,2
21,0,55358.0,4.1,77.7,8.3,0,1,5.0,2.38,1,Arts,High School,0,0,0
20,1,49467.0,5.82,99.3,38.5,0,0,6.1,2.35,3,Arts,High School,0,0,0
20,1,25000.0,2.84,83.5,50.3,1,0,7.8,1.45,1,Arts,High School,0,0,0
23,1,111248.0,6.18,79.7,22.2,1,0,6.1,2.82,2,Engineering,High School,0,0,1
21,1,32278.0,3.82,68.2,52.1,1,0,5.7,1.11,2,Business,High School,1,0,3
19,1,25000.0,3.41,62.7,41.9,1,1,3.8,3.15,2,Business,High School,0,0,3
22,1,25099.0,3.65,90.5,29.1,1,0,7.1,1.21,3,Arts,High School,0,0,0
21,1,25000.0,6.92,72.7,37.6,0,0,5.0,1.55,2,Science,Master,0,2,4
17,1,47913.0,4.49,82.4,49.2,0,0,3.0,2.42,2,CS,High School,1,0,2
21,1,25000.0,4.49,92.2,31.7,0,0,3.9,2.78,2,CS,Bachelor,0,1,2
21,0,57491.0,4.8,78.0,34.7,0,0,6.7,1.51,2,CS,Bachelor,0,1,2
21,1,41559.0,2.29,78.3,23.6,1,0,6.8,2.53,4,Science,Bachelor,0,1,4
23,1,25000.0,5.43,87.6,28.6,0,1,1.0,4.0,4,Science,Bachelor,0,1,4
19,1,27331.0,2.92,92.8,38.4,1,0,5.3,1.86,1,Arts,Bachelor,1,1,0
21,1,25000.0,2.76,88.8,27.8,1,0,3.2,2.62,4,Arts,Master,0,2,0
17,0,33218.0,3.39,93.8,24.0,0,0,6.2,1.17,3,Science,Bachelor,1,1,4
21,0,25000.0,3.69,63.5,43.8,0,0,6.6,0.52,4,Science,High School,0,0,4
25,0,31091.0,4.0,85.4,35.8,1,1,3.6,2.43,2,Engineering,Bachelor,0,1,1
18,1,25251.0,3.6,92.3,24.2,1,0,5.5,1.4,4,Arts,High School,0,0,0
19,1,27137.0,3.28,85.6,51.0,0,1,7.0,3.06,3,Engineering,Bachelor,1,1,1
19,1,101780.0,3.15,80.8,55.4,1,1,7.3,1.37,1,Arts,Master,1,2,0
21,0,25000.0,4.05,72.2,42.2,1,0,4.0,3.08,3,Science,Bachelor,0,1,4
18,1,25000.0,1.71,76.1,15.7,1,1,7.4,0.79,4,CS,High School,1,0,2
21,1,54693.0,4.03,94.0,34.9,1,0,6.0,2.54,1,Arts,High School,0,0,0
22,1,54436.0,5.65,81.7,37.1,1,1,4.6,2.77,1,Arts,High School,0,0,0
22,0,25000.0,4.4,77.0,11.0,0,0,5.3,1.0,2,Science,Master,1,2,4
17,1,25000.0,4.96,69.6,44.3,0,1,6.9,0.38,3,Science,Bachelor,1,1,4
23,1,38618.0,5.79,85.7,32.5,1,0,6.9,3.2,3,Science,High School,0,0,4
23,1,40722.0,4.81,75.6,43.5,1,1,7.1,0.35,2,Science,Master,1,2,4
22,1,29648.0,3.25,81.7,26.3,0,0,4.3,1.62,3,Business,High School,0,0,3
21,1,30052.0,3.35,95.8,35.8,1,0,5.9,3.88,4,Engineering,Master,0,2,1
21,0,25000.0,4.15,88.4,36.4,0,0,5.1,2.63,3,Arts,Bachelor,0,1,0
23,0,25000.0,2.4,92.5,32.3,1,1,5.9,0.93,1,Science,Bachelor,0,1,4
25,1,101692.0,7.28,83.1,35.9,1,0,4.6,3.99,3,CS,High School,0,0,2
18,0,25000.0,4.01,87.7,28.4,0,0,8.4,3.14,4,Engineering,Master,0,2,1
23,0,33054.0,5.95,92.6,15.8,1,0,5.5,3.65,2,Science,High School,0,0,4
20,0,27030.0,3.79,75.4,5.5,1,0,5.2,2.87,4,Engineering,Bachelor,0,1,1
20,1,50936.0,4.09,81.7,22.6,0,0,6.3,2.24,4,Business,Bachelor,0,1,3
17,1,31855.0,3.94,76.5,39.5,1,0,7.5,3.5,3,Arts,High School,0,0,0
20,0,32600.0,5.66,77.1,17.5,0,1,5.6,1.14,2,Business,High School,0,0,3
18,1,29718.0,3.935,65.8,42.7,1,0,5.5,3.84,3,Arts,Bachelor,0,1,0
20,1,25000.0,2.1,74.4,46.7,1,1,7.1,2.01,4,Arts,Master,1,2,0
18,0,46480.0,3.68,79.0,35.7,1,0,8.6,0.97,2,Science,High School,0,0,4
20,0,44038.0,4.55,87.5,28.0,0,0,8.1,2.04,4,Engineering,High School,0,0,1
20,1,25000.0,1.73,81.2,42.3,1,1,3.7,2.41,4,Science,Bachelor,0,1,4
21,1,25000.0,3.18,75.8,43.9,0,0,6.9,1.62,1,Engineering,High School,1,0,1
17,0,32079.0,4.55,88.3,27.3,1,0,5.4,3.52,1,Engineering,Master,0,2,1
17,0,25000.0,3.36,74.7,31.0,0,0,7.8,0.82,4,Business,PhD,1,3,3
21,0,25000.0,4.03,73.2,20.2,1,0,8.8,1.79,3,Arts,Bachelor,1,1,0
19,0,85485.0,4.65,91.6,33.4,1,0,1.2,4.0,1,CS,Master,0,2,2
23,0,70759.0,3.32,88.8,5.2,0,0,5.5,1.84,4,Science,Bachelor,0,1,4
21,1,39829.0,2.76,79.3,26.5,0,1,4.7,0.27,4,CS,Bachelor,1,1,2
22,1,35753.0,2.72,97.2,19.8,0,0,4.2,2.54,2,Business,Master,0,2,3
24,1,25000.0,1.09,77.5,28.9,1,0,3.8,2.93,2,Business,Bachelor,0,1,3
20,0,25000.0,4.7,87.5,20.5,1,0,4.7,3.76,3,Arts,High School,0,0,0
19,1,25000.0,3.79,69.4,7.0,1,0,5.0,2.32,3,Engineering,Bachelor,0,1,1
22,0,25000.0,5.57,73.9,22.2,0,1,4.9,2.68,2,Arts,Bachelor,0,1,0
22,0,25000.0,4.84,90.2,24.3,0,0,1.9,3.21,3,Business,Bachelor,0,1,3
20,1,29684.0,3.79,93.4,42.8,1,0,5.5,3.32,1,Business,Bachelor,0,1,3
24,1,25000.0,4.46,80.8,22.3,1,0,7.4,0.21,3,Arts,Bachelor,1,1,0
20,0,25000.0,1.75,100.0,19.8,1,0,4.5,3.62,2,Science,High School,0,0,4
21,1,46338.0,4.47,92.5,15.7,1,1,2.5,3.56,1,CS,Bachelor,0,1,2
21,1,25000.0,3.73,76.4,43.7,1,0,5.7,1.87,3,Business,High School,0,0,3
18,1,25000.0,3.07,79.0,27.3,0,0,7.4,3.09,4,Science,PhD,1,3,4
21,1,25000.0,3.45,70.9,33.3,0,1,5.8,3.49,1,Engineering,PhD,0,3,1
24,1,30741.0,4.86,78.5,11.5,0,0,4.2,2.35,4,Business,Bachelor,0,1,3
22,1,25000.0,3.26,83.9,8.9,1,0,3.6,0.83,4,Business,Bachelor,0,1,3
21,1,25000.0,3.69,82.3,19.2,0,0,6.8,1.11,1,Science,High School,1,0,4
20,0,25000.0,4.74,82.2,49.5,1,0,5.1,3.13,4,Engineering,High School,0,0,1
21,0,25000.0,3.67,90.0,16.9,1,1,4.6,0.66,1,Arts,PhD,1,3,0
22,1,42851.0,4.23,83.3,22.5,1,0,4.4,3.86,2,CS,Bachelor,0,1,2
22,1,25000.0,3.86,87.5,30.2,0,0,5.9,3.11,2,Science,High School,1,0,4
20,0,43106.0,5.44,85.6,22.5,1,0,5.7,2.14,1,Business,High School,0,0,3
21,1,25000.0,4.22,84.3,35.7,0,1,5.6,2.66,1,Arts,Bachelor,0,1,0
22,0,25000.0,1.87,89.4,20.0,1,1,3.8,2.43,1,Science,Bachelor,0,1,4
18,1,26037.0,5.04,88.4,16.8,0,0,3.7,3.52,3,Business,High School,0,0,3
21,0,27537.0,3.16,73.0,62.6,0,0,4.3,1.53,3,Engineering,Bachelor,0,1,1
17,0,46752.0,3.33,96.6,18.8,1,1,6.0,1.53,2,Engineering,Bachelor,0,1,1
22,1,25000.0,3.72,83.0,39.5,1,0,6.5,3.0,2,Engineering,High School,1,0,1
22,0,46539.0,6.86,74.4,18.7,1,0,8.1,3.17,3,Engineering,Bachelor,0,1,1
22,0,37234.0,4.68,81.5,11.5,0,1,4.0,2.91,3,Science,High School,0,0,4
20,1,27886.0,6.5,84.1,28.9,1,1,6.8,2.32,2,Science,Master,0,2,4
21,1,25000.0,4.08,86.7,13.9,1,0,2.4,3.99,3,CS,Bachelor,0,1,2
24,1,46823.0,4.95,89.7,25.3,1,0,6.1,2.34,1,CS,High School,0,0,2
24,1,25000.0,6.33,88.1,20.4,1,0,2.8,4.0,1,Engineering,Bachelor,0,1,1
20,0,29355.0,5.07,96.7,45.0,1,0,3.3,2.37,4,Engineering,High School,0,0,1
21,1,28786.0,4.54,82.8,11.5,0,0,6.9,2.79,3,Business,Bachelor,0,1,3
23,1,26258.0,2.22,80.7,38.1,1,0,5.8,3.76,4,Arts,Bachelor,0,1,0
17,1,25000.0,2.68,70.3,33.4,1,0,4.9,1.6,4,Business,High School,0,0,3
20,1,25000.0,4.39,89.8,27.3,0,0,3.0,4.0,2,Arts,High School,0,0,0
23,1,25000.0,5.32,86.9,20.9,0,0,6.2,3.19,3,Business,Bachelor,0,1,3
23,1,69029.0,3.82,77.5,32.1,0,0,5.7,2.04,3,Engineering,Bachelor,0,1,1
21,0,25000.0,4.88,83.9,32.7,1,1,6.8,1.49,1,Science,Bachelor,0,1,4
17,0,27533.0,2.9,81.9,34.7,1,1,2.4,2.85,4,Arts,Bachelor,0,1,0
20,1,27432.0,3.17,83.4,26.8,1,0,6.6,2.35,3,CS,Bachelor,0,1,2
19,1,57375.0,4.62,79.8,16.3,1,0,4.5,1.45,3,Arts,PhD,0,3,0
21,1,94837.0,4.08,82.9,40.5,0,0,6.0,3.92,4,CS,High School,0,0,2
19,1,32725.0,3.51,69.8,30.0,1,0,5.4,0.77,1,CS,High School,0,0,2
18,0,27060.0,3.31,78.8,22.6,0,0,4.0,3.75,1,Arts,Bachelor,0,1,0
17,1,25000.0,2.05,84.5,18.0,1,0,4.8,2.48,1,Engineering,Bachelor,1,1,1
23,0,25000.0,3.97,76.4,41.1,1,1,3.9,2.99,4,Engineering,Bachelor,0,1,1
20,0,25000.0,2.1,85.1,46.6,1,0,4.6,3.14,4,CS,Master,0,2,2
21,0,25000.0,3.6,98.5,36.9,1,0,3.9,4.0,3,Business,High School,0,0,3
21,1,25000.0,3.78,72.8,37.7,0,1,6.2,2.08,1,Arts,Bachelor,1,1,0
18,0,56800.0,5.86,67.3,44.1,0,0,4.0,2.57,4,Business,Bachelor,0,1,3
18,1,38325.0,2.63,91.6,25.7,1,1,6.5,2.04,2,Business,Bachelor,0,1,3
18,0,25566.0,4.62,98.7,55.6,0,1,10.0,1.11,1,Arts,Bachelor,0,1,0
19,0,57851.0,4.23,85.0,17.3,0,1,5.0,2.91,4,Business,Bachelor,0,1,3
21,1,25000.0,2.63,82.1,27.1,0,1,2.7,0.19,3,Engineering,Bachelor,0,1,1
19,1,25000.0,4.08,76.8,20.7,1,0,9.3,2.4,2,Engineering,Bachelor,1,1,1
24,0,25000.0,2.28,86.3,30.8,0,0,6.1,1.28,1,CS,High School,0,0,2
23,0,47316.0,4.08,81.9,50.8,1,0,5.3,0.84,3,CS,Bachelor,0,1,2
22,1,25000.0,3.72,88.8,27.1,1,0,4.8,2.18,2,Arts,PhD,0,3,0
20,0,30014.0,5.15,68.3,35.1,0,0,3.6,2.65,1,Business,High School,0,0,3
24,1,54260.0,3.07,84.6,5.0,0,0,4.9,1.08,3,Arts,Bachelor,0,1,0
20,0,67678.0,1.11,75.3,35.1,1,1,4.1,3.88,4,CS,Master,0,2,2
20,0,29217.0,3.25,89.6,42.0,1,1,4.1,3.96,2,Arts,Bachelor,0,1,0
21,0,37442.0,4.81,72.8,31.5,0,1,6.6,2.76,1,Business,High School,0,0,3
22,1,25000.0,4.19,87.0,17.2,1,0,7.2,3.79,3,CS,Master,0,2,2
22,1,81636.0,3.26,77.3,15.6,0,0,5.1,3.24,2,CS,Bachelor,0,1,2
20,0,26912.0,5.57,78.5,23.3,0,0,6.4,2.59,1,Science,Master,0,2,4
19,1,31200.0,3.64,88.8,15.5,1,1,9.3,1.97,3,Arts,Bachelor,1,1,0
22,1,25000.0,5.02,75.6,48.9,0,0,4.0,2.83,2,Arts,Bachelor,0,1,0
22,1,61056.0,4.03,70.0,35.6,1,0,2.6,2.45,3,CS,Bachelor,0,1,2
20,0,33515.0,4.87,82.6,47.3,0,1,7.0,3.5,2,Science,High School,0,0,4
17,0,46937.0,5.0,76.7,26.5,0,0,4.2,2.07,2,CS,Bachelor,0,1,2
20,1,36768.0,5.74,71.0,20.8,0,0,4.6,1.55,4,CS,High School,0,0,2
22,0,26050.0,2.98,84.8,21.6,0,1,5.7,1.64,2,Engineering,Master,0,2,1
25,0,51932.0,4.74,84.3,24.5,1,1,7.7,1.91,3,Science,Bachelor,0,1,4
18,1,36578.0,2.4,82.9,24.1,0,0,5.7,3.0,1,CS,Bachelor,0,1,2
20,0,25000.0,4.73,86.1,44.7,1,0,1.7,2.16,2,Science,Bachelor,0,1,4
20,0,25000.0,1.81,66.0,41.0,1,0,6.1,2.21,2,Arts,Master,1,2,0
24,0,32510.0,6.5,75.9,33.3,1,0,5.9,3.32,3,Science,Bachelor,0,1,4
20,1,51250.0,4.43,84.2,10.1,1,1,4.0,4.0,1,Arts,Bachelor,0,1,0
19,0,29684.0,4.06,90.3,33.5,1,0,5.5,3.76,1,Science,Bachelor,0,1,4
22,1,29803.0,4.17,83.9,26.3,0,0,5.5,2.36,1,Science,Master,0,2,4
20,1,30194.0,5.32,91.3,46.9,0,1,1.4,3.56,3,Arts,High School,0,0,0
18,1,35495.0,4.285,76.6,40.7,0,1,5.5,3.01,1,Science,PhD,0,3,4
19,0,35504.0,3.7,77.1,31.7,1,0,3.1,3.03,3,Arts,Master,0,2,0
24,0,54480.0,3.43,79.0,5.0,0,0,3.2,2.78,3,CS,Bachelor,0,1,2
21,1,29684.0,3.95,66.3,28.4,1,0,5.5,1.67,3,Engineering,Bachelor,1,1,1
21,0,25000.0,6.25,67.8,22.2,1,1,5.2,2.04,2,Business,Master,0,2,3
20,1,25000.0,3.87,81.8,34.9,1,0,6.1,3.12,4,Business,Master,1,2,3
21,0,30604.5,4.025,81.7,16.3,0,0,5.5,2.6,3,Business,Bachelor,1,1,3
21,1,53869.0,5.24,77.1,33.1,1,0,2.7,3.43,4,Arts,Bachelor,0,1,0
21,0,32404.0,0.83,75.8,5.0,1,1,4.5,2.11,3,CS,PhD,0,3,2
21,1,25000.0,3.89,84.2,13.4,0,0,5.1,4.0,4,Business,High School,0,0,3
22,0,25000.0,3.63,86.7,19.4,1,0,5.3,1.92,3,CS,Bachelor,0,1,2
21,0,45022.0,4.2,83.2,23.4,1,0,6.4,1.22,3,Business,Bachelor,0,1,3
18,1,25000.0,5.05,83.1,34.7,0,1,7.2,1.44,2,Business,Bachelor,1,1,3
19,1,31913.0,5.27,81.7,10.1,1,0,6.2,1.7,3,Engineering,Bachelor,0,1,1
17,1,56345.0,3.69,82.1,22.3,1,0,8.7,2.96,2,Arts,Bachelor,0,1,0
25,1,25000.0,3.81,87.4,22.6,0,0,6.3,2.1,3,Arts,Bachelor,0,1,0
22,1,25000.0,4.03,95.0,38.3,0,0,4.5,2.09,1,Science,High School,1,0,4
19,0,25000.0,4.98,93.9,27.7,1,1,7.8,3.83,4,Engineering,Master,0,2,1
20,0,36800.0,5.49,73.3,18.4,1,0,3.3,3.07,4,Science,Bachelor,0,1,4
19,1,47275.0,2.17,65.1,17.1,1,0,6.5,0.56,3,Science,High School,1,0,4
24,0,25000.0,4.49,86.2,23.4,1,0,5.2,1.95,2,Engineering,Master,0,2,1
17,1,29634.0,3.74,82.2,10.2,0,0,4.0,3.67,1,Science,Bachelor,0,1,4
21,0,50091.0,6.66,81.5,49.5,0,1,5.9,3.99,2,Engineering,Master,0,2,1
20,0,25000.0,2.57,85.0,29.9,1,0,5.0,3.35,3,Engineering,Master,0,2,1
22,0,28606.0,2.49,80.0,19.0,1,0,2.2,0.94,2,Business,Master,0,2,3
20,1,25000.0,3.23,69.0,17.3,0,0,5.8,0.5,1,Engineering,PhD,0,3,1
17,1,25000.0,4.77,72.9,15.5,0,0,3.6,2.73,3,Engineering,Bachelor,0,1,1
20,0,25000.0,4.79,73.4,34.5,1,0,5.7,0.0,1,Arts,Bachelor,1,1,0
18,0,68572.0,3.29,87.3,10.2,1,0,5.3,1.46,4,CS,PhD,0,3,2
21,1,25000.0,5.32,97.1,27.9,1,0,6.3,1.8,2,Science,Master,0,2,4
24,0,25000.0,3.43,78.2,36.9,0,0,1.4,3.98,2,Science,High School,0,0,4
17,1,29718.0,4.02,100.0,23.0,1,0,5.5,4.0,2,Science,Bachelor,0,1,4
19,1,25000.0,2.19,66.8,17.9,0,1,5.7,0.01,4,CS,Bachelor,1,1,2
19,1,25000.0,2.75,77.9,40.1,1,1,10.0,2.08,3,Engineering,Bachelor,0,1,1
20,1,73585.0,3.46,83.5,16.4,1,0,5.7,2.1,1,CS,Bachelor,0,1,2
22,0,88009.0,3.92,61.6,26.7,1,0,4.7,4.0,2,Arts,High School,0,0,0
20,1,25000.0,2.91,94.2,31.4,0,1,7.1,1.46,2,Science,Bachelor,1,1,4
21,1,56411.0,2.89,76.5,22.8,1,0,4.4,1.88,1,Arts,High School,0,0,0
19,1,36814.0,4.59,82.3,15.6,1,0,6.3,2.43,3,Engineering,Bachelor,0,1,1
21,0,25000.0,5.06,85.6,23.3,1,1,5.6,3.59,4,Science,Master,0,2,4
22,1,25000.0,2.99,69.3,34.1,1,1,7.4,1.52,3,Engineering,High School,0,0,1
19,1,75407.0,2.26,100.0,21.3,0,1,6.7,0.2,4,CS,High School,0,0,2
22,1,25000.0,4.13,83.1,35.5,1,0,4.6,3.68,3,Business,Bachelor,0,1,3
21,0,116845.0,4.6,79.3,26.9,1,0,2.8,2.07,1,CS,High School,0,0,2
23,0,25000.0,2.64,73.1,22.7,0,1,3.6,2.1,1,Science,Bachelor,0,1,4
20,1,76764.0,6.18,83.6,21.3,1,0,6.0,2.4,4,Arts,High School,0,0,0
21,0,25000.0,2.86,69.4,32.8,1,0,5.4,0.94,2,Science,Bachelor,1,1,4
20,0,48047.0,3.66,83.1,43.5,1,0,5.5,2.26,3,Business,High School,0,0,3
20,1,68667.0,3.68,93.2,31.5,0,0,6.0,3.37,4,Arts,Bachelor,0,1,0
21,0,68458.0,2.94,91.3,18.4,0,1,4.0,3.55,3,CS,Master,0,2,2
22,0,25000.0,6.36,77.6,43.1,1,0,5.3,3.77,3,Engineering,High School,0,0,1
18,0,25000.0,2.79,79.8,19.4,1,0,5.5,2.52,3,Science,Master,0,2,4
24,0,28319.0,6.26,86.3,50.7,0,0,2.9,4.0,3,CS,Bachelor,0,1,2
17,0,25000.0,3.61,91.5,28.1,1,1,4.4,3.12,4,Business,Master,0,2,3
19,0,34323.0,3.61,94.3,19.5,0,1,6.2,1.71,1,Engineering,Master,1,2,1
20,0,25000.0,3.16,95.0,36.7,1,0,6.8,1.91,1,CS,Bachelor,0,1,2
21,1,56933.0,4.89,74.5,26.3,0,1,4.0,3.64,1,Engineering,Bachelor,0,1,1
24,1,25000.0,6.58,88.0,35.3,1,0,6.4,4.0,3,Engineering,High School,0,0,1
17,0,25000.0,3.27,70.9,31.1,0,1,4.4,2.23,3,Engineering,Bachelor,0,1,1
19,0,68909.0,3.61,78.3,13.4,1,0,3.9,3.1,1,Arts,Bachelor,0,1,0
17,0,33191.0,5.9,72.6,29.2,1,1,8.9,2.64,2,Science,Bachelor,0,1,4
21,1,30257.0,2.55,72.8,36.0,0,0,4.8,0.54,4,Arts,Master,1,2,0
21,1,57333.0,2.98,83.9,31.4,0,1,2.8,3.58,1,Arts,High School,0,0,0
24,0,50159.0,5.78,76.5,45.1,0,1,4.7,3.44,1,Arts,Bachelor,0,1,0
21,0,25000.0,4.55,84.3,33.7,1,0,5.0,3.6,1,Science,Master,0,2,4
23,1,25000.0,2.88,72.3,27.1,1,1,7.1,1.33,3,Science,Bachelor,0,1,4
22,1,25000.0,4.81,85.9,32.5,1,1,4.9,2.91,2,Science,High School,0,0,4
20,0,25000.0,2.0,78.6,24.1,0,1,6.2,2.32,4,Business,High School,0,0,3
17,1,42073.0,5.41,79.7,34.3,0,1,7.4,0.0,1,Business,Bachelor,1,1,3
21,1,37621.0,1.44,71.6,34.3,1,0,4.4,3.28,1,Engineering,Master,0,2,1
17,1,46934.0,2.67,90.2,15.1,1,0,6.0,3.23,2,CS,Master,0,2,2
23,0,30258.0,4.06,68.1,39.3,1,0,5.5,3.17,1,Science,PhD,0,3,4
20,1,47320.0,2.36,86.3,56.8,1,0,5.9,2.61,1,Engineering,Bachelor,0,1,1
23,0,49915.0,4.01,71.8,36.6,1,1,5.7,1.35,3,Engineering,PhD,0,3,1
19,1,25000.0,4.74,87.4,5.6,0,0,5.8,2.28,4,Science,Bachelor,0,1,4
21,1,25000.0,3.04,82.3,24.9,1,1,5.0,1.74,4,Science,High School,1,0,4
21,0,53037.0,3.85,78.0,14.6,1,0,5.5,0.0,1,Engineering,Master,1,2,1
20,1,25000.0,5.09,93.0,26.5,1,1,5.0,1.35,4,CS,Master,0,2,2
20,0,31414.0,4.58,85.3,38.2,1,0,9.7,2.03,4,Arts,Bachelor,1,1,0
21,0,40606.0,5.97,85.6,21.4,1,0,6.6,4.0,3,Engineering,High School,0,0,1
19,0,38782.0,2.91,66.3,52.6,1,0,5.5,3.35,4,Science,Master,0,2,4
18,1,37096.0,2.71,90.6,5.0,0,0,4.9,2.65,3,Business,Bachelor,0,1,3
23,0,42589.0,5.71,85.6,27.0,1,0,7.3,0.0,1,Engineering,High School,1,0,1
22,1,33138.0,4.49,91.9,34.6,1,1,4.0,3.77,2,Business,Bachelor,0,1,3
21,0,25000.0,3.67,77.3,15.4,1,0,3.2,2.56,4,Science,Bachelor,0,1,4
24,0,40303.0,3.24,76.3,16.9,0,0,3.1,4.0,1,Science,Bachelor,0,1,4
20,0,35272.0,5.06,94.9,39.1,1,0,7.8,1.24,1,CS,Master,1,2,2
23,1,25000.0,3.5,89.7,53.1,0,0,7.7,2.42,2,Engineering,Master,1,2,1
21,0,68039.0,5.01,70.6,54.6,0,0,5.8,2.68,2,CS,Master,0,2,2
18,0,40958.0,5.65,82.1,25.8,1,0,4.5,3.86,4,Arts,Bachelor,0,1,0
25,0,25000.0,4.14,90.2,46.2,1,0,4.5,2.47,4,Arts,Master,0,2,0
23,0,25000.0,2.24,83.4,29.2,0,1,9.2,0.15,4,Science,Bachelor,0,1,4
20,1,25000.0,4.74,77.6,41.0,1,0,5.3,1.89,2,Arts,Bachelor,0,1,0
22,1,25000.0,5.44,76.6,27.5,1,1,6.1,1.26,2,Science,Bachelor,0,1,4
20,0,35448.0,5.56,82.5,16.4,1,0,4.7,2.72,4,CS,PhD,0,3,2
22,0,25000.0,4.21,90.2,49.2,0,1,5.7,2.72,2,Science,Master,0,2,4
17,1,58506.0,1.77,74.0,52.4,0,0,6.2,2.82,2,Arts,High School,1,0,0
18,0,55686.0,3.41,64.9,25.0,0,0,8.8,0.86,1,Engineering,Bachelor,1,1,1
23,1,43113.0,3.35,78.8,41.2,0,0,5.3,2.15,3,Business,Bachelor,0,1,3
20,0,30532.0,5.11,85.6,28.3,1,1,6.4,3.67,1,CS,Bachelor,0,1,2
21,0,52181.0,4.54,87.4,56.2,1,0,4.9,3.08,1,Business,Bachelor,0,1,3
18,1,25196.0,5.17,73.9,12.1,0,0,5.8,0.42,1,Science,Master,1,2,4
25,1,25000.0,3.12,84.2,27.9,0,0,6.1,1.76,3,CS,High School,0,0,2
23,0,60722.0,4.28,76.9,12.6,1,0,5.1,3.93,2,Science,Bachelor,0,1,4
20,0,35973.0,1.02,87.9,11.0,1,1,5.9,2.19,1,CS,High School,0,0,2
20,0,25000.0,3.47,80.9,28.6,1,0,4.2,2.24,2,CS,High School,0,0,2
23,1,25000.0,2.07,88.7,24.6,1,0,6.4,2.45,2,Arts,High School,1,0,0
25,1,25000.0,6.26,82.5,17.9,0,1,5.6,3.45,3,Arts,High School,0,0,0
23,0,100038.0,4.61,86.0,40.0,1,0,4.5,3.43,3,Science,Bachelor,0,1,4
25,0,29806.0,4.55,78.5,45.6,0,0,5.3,0.85,2,Arts,Bachelor,0,1,0
19,0,32685.0,2.41,76.3,36.2,1,1,7.9,1.33,2,Arts,High School,1,0,0
19,0,45832.0,3.83,79.7,7.5,0,0,5.3,1.52,2,Business,High School,1,0,3
18,0,25000.0,4.86,86.9,34.1,1,1,6.3,0.74,1,Business,High School,0,0,3
22,1,57407.0,2.87,100.0,34.0,1,0,6.3,3.76,4,CS,Bachelor,0,1,2
21,0,25000.0,3.41,92.1,19.9,1,0,6.5,3.02,3,CS,Master,1,2,2
20,0,89144.0,5.44,94.2,34.2,0,1,3.5,3.13,4,CS,High School,0,0,2
22,1,25000.0,2.61,81.2,23.9,1,0,3.6,2.55,3,Business,High School,0,0,3
23,0,55414.0,3.44,77.7,20.2,0,0,4.2,2.0,2,Science,Master,0,2,4
17,0,25000.0,2.94,64.4,15.8,1,0,6.6,1.2,3,Business,High School,0,0,3
19,0,25000.0,4.44,77.2,40.0,1,0,6.0,1.59,2,CS,Bachelor,0,1,2
22,0,25000.0,5.01,71.0,45.5,0,1,5.9,0.86,3,Engineering,Bachelor,1,1,1
20,1,25000.0,6.09,88.1,28.3,0,1,5.3,3.81,1,Business,Master,0,2,3
19,1,42639.0,4.51,80.4,41.8,0,0,3.1,4.0,1,CS,Bachelor,0,1,2
23,0,35874.0,5.62,71.4,48.3,1,1,4.4,3.39,1,Arts,Bachelor,0,1,0
18,0,25000.0,4.48,86.4,31.6,1,1,5.9,2.32,2,Business,High School,1,0,3
20,0,29449.0,2.22,84.5,29.1,0,1,5.2,2.02,3,CS,High School,0,0,2
21,1,48237.0,4.05,72.9,35.6,1,1,5.8,1.47,3,Business,Bachelor,0,1,3
19,1,25000.0,4.07,94.1,19.9,0,1,2.7,3.58,4,CS,High School,0,0,2
22,0,25000.0,5.39,76.0,36.6,0,1,5.5,2.6,3,Science,Master,0,2,4
19,0,25000.0,3.88,86.8,31.8,0,1,1.7,1.79,1,Science,Bachelor,1,1,4
24,0,30159.0,3.52,81.0,14.3,0,1,3.2,2.13,1,Arts,Bachelor,0,1,0
20,1,28705.0,2.89,95.2,14.5,1,1,3.8,1.08,3,CS,High School,0,0,2
22,1,50695.0,3.66,89.4,18.2,1,1,2.2,3.81,1,Science,Bachelor,0,1,4
22,1,39590.0,3.88,73.2,36.2,0,0,4.1,2.1,4,Science,High School,0,0,4
19,0,45161.0,4.78,96.6,26.0,0,0,6.0,0.66,3,CS,Bachelor,1,1,2
17,1,25000.0,2.94,71.9,29.7,0,0,7.6,0.39,3,Science,Bachelor,1,1,4
21,1,32432.0,7.04,73.5,46.4,0,0,4.5,3.84,1,Arts,High School,0,0,0
21,1,25000.0,2.82,95.0,35.3,0,0,4.3,2.91,1,CS,Bachelor,0,1,2
22,0,71485.0,2.34,81.8,22.3,0,0,5.3,0.83,2,Engineering,High School,1,0,1
20,1,33012.0,4.66,84.5,18.2,0,0,5.0,3.74,1,Science,Bachelor,0,1,4
20,0,25000.0,2.34,85.4,33.7,1,0,3.7,1.7,2,Science,High School,0,0,4
25,1,49588.0,4.03,73.4,18.3,0,1,6.5,2.04,2,Business,Master,0,2,3
17,0,41688.0,3.1,97.0,45.0,1,0,5.0,2.51,4,Science,High School,0,0,4
22,1,25000.0,4.85,99.6,32.9,0,0,4.3,2.73,1,CS,High School,0,0,2
19,1,25000.0,4.2,67.1,31.6,1,0,4.5,1.81,3,CS,Bachelor,0,1,2
20,0,25000.0,5.48,78.4,18.5,1,0,9.7,0.0,1,Science,Bachelor,1,1,4
20,1,62098.0,4.55,87.4,37.4,1,0,6.9,3.39,2,Engineering,Bachelor,0,1,1
19,0,33589.0,4.06,81.1,43.5,0,1,4.9,0.87,4,Arts,High School,1,0,0
22,0,45985.0,4.27,77.7,28.4,0,0,1.1,2.62,4,CS,High School,0,0,2
24,0,25000.0,2.74,86.5,41.1,1,0,2.4,3.28,1,Engineering,Bachelor,0,1,1
22,0,36347.0,3.09,87.3,25.1,1,0,5.7,2.03,2,CS,Bachelor,0,1,2
21,1,64992.0,4.29,95.5,29.3,0,1,5.0,2.8,1,CS,PhD,0,3,2
18,0,25000.0,4.77,68.1,55.0,1,0,3.4,3.11,3,Arts,Bachelor,0,1,0
22,1,31860.0,3.58,73.9,25.5,1,0,5.3,3.1,3,CS,High School,0,0,2
25,1,25000.0,3.72,76.0,36.5,1,0,4.2,2.08,2,Arts,Master,0,2,0
20,1,25000.0,3.49,100.0,25.3,0,0,4.3,1.81,3,Science,Bachelor,0,1,4
20,1,25000.0,4.49,94.1,33.4,0,0,5.2,1.93,3,Science,Bachelor,0,1,4
19,0,25000.0,4.01,84.2,38.4,1,0,3.7,1.29,4,Engineering,Bachelor,1,1,1
19,1,65722.0,4.8,81.3,19.2,1,0,3.0,3.96,2,Science,Bachelor,0,1,4
17,0,25000.0,3.2,85.5,21.5,0,0,3.1,2.9,4,Science,Bachelor,0,1,4
21,1,47671.0,3.93,91.4,36.8,1,1,4.8,3.75,2,Science,Bachelor,0,1,4
19,1,33260.0,5.96,80.0,31.9,1,0,2.7,2.44,1,Engineering,Bachelor,1,1,1
17,1,30288.0,6.65,84.2,44.1,0,0,9.4,2.15,3,Business,Bachelor,1,1,3
22,0,72526.0,3.69,79.3,33.2,1,0,7.2,0.95,1,Business,Bachelor,1,1,3
18,1,25000.0,5.71,70.8,52.3,0,1,6.8,2.91,1,Engineering,High School,0,0,1
20,1,26431.0,5.65,67.7,38.4,1,0,3.9,2.08,4,Arts,High School,1,0,0
24,1,25000.0,5.07,76.5,52.5,0,0,4.0,2.37,3,Engineering,Master,0,2,1
17,0,25000.0,1.69,79.0,50.3,1,0,3.0,1.2,2,Science,High School,1,0,4
17,1,25000.0,2.15,85.5,22.3,0,1,8.8,1.01,4,Arts,High School,0,0,0
21,0,30042.0,3.34,84.1,47.8,1,1,7.9,0.86,2,Engineering,PhD,1,3,1
23,1,25000.0,3.35,70.9,41.3,1,0,6.7,0.78,2,Engineering,High School,1,0,1
17,1,50918.0,2.81,82.1,40.4,1,0,5.3,4.0,3,Arts,High School,0,0,0
21,0,26152.0,4.72,77.6,44.2,1,1,4.8,2.62,3,Arts,Bachelor,0,1,0
22,0,25000.0,4.8,80.0,26.3,0,0,6.4,1.92,1,Engineering,Bachelor,0,1,1
17,1,25000.0,6.33,82.6,33.9,1,0,8.4,1.8,4,Arts,Master,0,2,0
22,0,28026.0,3.21,92.2,25.0,0,1,6.7,0.13,4,Engineering,High School,1,0,1
22,0,25000.0,3.15,78.3,57.7,1,0,3.5,2.96,4,Engineering,Bachelor,0,1,1
20,1,25000.0,4.24,95.4,21.0,1,0,4.1,2.49,3,Business,Bachelor,0,1,3
23,1,53826.0,2.33,71.6,14.7,1,0,6.3,1.04,3,Science,Master,0,2,4
23,1,25000.0,6.43,75.0,20.2,0,1,3.9,2.94,2,Arts,Master,0,2,0
21,0,25000.0,3.54,81.2,29.3,0,0,4.7,2.73,4,Arts,Bachelor,0,1,0
20,0,38470.0,3.9,72.6,29.3,0,0,8.2,0.21,2,Arts,Master,0,2,0
18,1,35999.0,4.18,71.4,40.7,1,0,4.9,1.41,4,CS,Bachelor,0,1,2
20,1,25000.0,3.81,82.6,30.4,0,0,2.7,2.88,4,Engineering,Bachelor,0,1,1
22,1,46770.0,3.64,71.4,24.1,0,1,10.0,0.86,1,CS,Bachelor,1,1,2
20,1,41052.0,7.06,74.3,35.8,1,0,7.5,1.31,1,Arts,High School,0,0,0
17,0,33083.0,4.11,81.3,44.0,1,1,5.4,3.49,2,Business,High School,0,0,3
23,0,25000.0,4.63,95.6,32.5,0,0,5.5,3.09,1,Science,Master,0,2,4
21,1,25000.0,3.36,80.5,40.4,1,1,1.7,3.07,4,Business,Bachelor,0,1,3
20,1,26342.0,4.8,83.0,31.0,0,0,4.8,2.4,3,Engineering,Master,0,2,1
22,1,25000.0,4.04,72.8,26.9,0,0,4.2,2.75,1,CS,Master,0,2,2
24,1,29040.0,4.32,73.6,38.4,1,1,5.7,1.52,3,CS,Master,0,2,2
17,1,50780.0,4.62,63.7,32.7,1,0,8.4,0.0,1,CS,Bachelor,1,1,2
22,1,50303.0,5.15,74.1,42.1,1,0,6.3,1.77,3,CS,High School,0,0,2
17,0,25000.0,4.91,88.1,48.5,1,0,9.2,2.5,3,Science,High School,1,0,4
22,1,56300.0,3.97,77.4,28.6,1,1,3.0,3.07,1,Engineering,Bachelor,0,1,1
21,1,93297.0,4.01,83.2,37.8,0,1,2.7,2.66,3,Business,Master,0,2,3
22,0,25000.0,2.55,83.8,42.8,1,0,7.7,1.59,2,Science,Master,0,2,4
19,1,45022.0,3.77,87.9,34.9,1,0,5.7,2.42,1,Science,High School,0,0,4
17,0,25000.0,4.14,95.3,36.1,0,1,6.3,2.84,2,Arts,High School,0,0,0
20,1,25000.0,5.19,86.9,31.7,0,0,5.5,2.33,2,Arts,High School,0,0,0
21,0,31403.0,0.92,80.1,33.1,0,1,5.9,1.55,4,CS,Bachelor,1,1,2
23,1,25000.0,4.4,88.4,36.3,1,0,6.7,2.46,1,Business,Master,0,2,3
18,1,101065.0,3.0,84.4,22.7,1,0,6.0,3.22,4,CS,Master,0,2,2
23,1,42562.0,5.01,64.1,9.6,1,0,4.5,1.64,1,Science,Bachelor,0,1,4
19,1,53077.0,5.73,72.4,28.9,1,1,9.7,1.14,2,Arts,Bachelor,0,1,0
21,1,29219.0,3.94,80.2,28.0,1,0,5.7,2.64,4,Business,High School,0,0,3
19,0,25000.0,5.87,77.3,49.4,1,1,5.1,3.99,4,Science,High School,0,0,4
21,0,25000.0,5.13,81.0,33.6,1,0,4.9,1.33,3,Engineering,Bachelor,1,1,1
23,1,34635.0,4.18,62.6,36.7,1,0,6.1,0.13,3,Science,High School,1,0,4
18,0,25000.0,1.92,88.7,25.1,1,0,5.1,1.91,3,Arts,High School,0,0,0
19,0,44476.0,4.5,81.6,22.8,0,0,1.8,4.0,1,CS,Bachelor,0,1,2
21,0,45563.0,2.92,91.7,20.0,0,1,5.0,3.59,4,Science,Master,0,2,4
26,0,29822.0,0.5,82.2,14.9,1,0,3.6,0.4,4,Arts,Bachelor,1,1,0
19,1,25000.0,2.57,83.6,38.7,0,0,6.0,1.28,3,Business,Bachelor,1,1,3
25,1,83189.0,5.75,73.7,33.7,0,0,5.4,0.49,4,Science,High School,0,0,4
25,0,26171.0,4.17,72.4,47.7,1,1,4.3,1.68,3,CS,High School,0,0,2
20,1,151080.0,5.6,83.1,36.6,1,1,7.2,2.32,4,CS,Bachelor,0,1,2
20,0,43981.0,6.05,82.0,32.9,0,1,5.4,2.51,1,Arts,Bachelor,0,1,0
19,1,26213.0,4.36,68.9,6.2,1,1,4.8,0.84,3,CS,Master,1,2,2
20,0,38898.0,3.25,89.5,52.9,1,1,4.8,2.31,3,Engineering,High School,0,0,1
17,1,25000.0,2.63,82.4,30.5,1,1,4.8,2.47,1,Engineering,Master,0,2,1
20,0,55033.0,3.92,78.0,5.0,1,0,6.4,0.19,3,Engineering,High School,1,0,1
24,0,138713.0,2.84,75.0,32.7,1,1,4.1,3.97,3,CS,High School,0,0,2
19,1,25000.0,2.53,88.1,20.3,0,0,5.6,2.12,4,Science,High School,1,0,4
20,0,25023.0,3.16,76.4,19.8,0,1,4.6,3.9,1,Business,Bachelor,0,1,3
17,1,27912.0,3.65,83.9,33.2,0,0,4.3,3.73,4,Science,Bachelor,0,1,4
21,1,50269.0,3.69,80.7,23.0,0,1,6.4,2.08,4,Business,PhD,1,3,3
21,0,105197.0,3.88,77.8,42.3,1,1,3.8,3.05,4,Engineering,Master,1,2,1
21,1,30258.0,4.2,71.6,28.6,1,0,5.5,3.96,2,CS,PhD,0,3,2
20,0,28160.0,4.11,92.4,34.8,1,0,5.5,0.17,2,Business,Master,0,2,3
20,1,32934.0,4.98,74.0,36.8,0,0,7.9,2.98,2,Engineering,High School,0,0,1
22,1,38982.0,4.93,75.1,33.0,0,1,2.3,2.74,4,CS,High School,0,0,2
20,0,36205.0,5.3,92.7,32.6,0,0,7.3,2.78,3,Engineering,High School,0,0,1
21,1,61832.0,3.85,81.2,31.7,1,0,5.0,1.46,4,CS,High School,0,0,2
21,0,25000.0,2.39,84.6,47.9,1,0,2.3,3.54,3,Engineering,Master,0,2,1
23,1,48580.0,3.69,94.1,40.1,1,0,4.3,4.0,4,Engineering,High School,0,0,1
22,0,25000.0,2.74,93.9,21.7,1,0,6.4,2.1,1,Business,High School,0,0,3
21,0,25067.0,5.04,77.6,16.7,1,0,5.3,2.08,1,Science,Bachelor,0,1,4
24,1,25000.0,2.08,91.2,20.5,1,0,7.9,2.8,4,Business,Bachelor,0,1,3
21,0,31344.0,4.44,69.2,35.1,0,0,4.9,3.07,4,Business,Master,0,2,3
23,1,29684.0,4.13,52.900000000000006,16.7,1,0,5.5,0.02,3,Business,Bachelor,1,1,3
22,1,58646.0,4.95,82.4,22.2,1,0,5.2,1.2,3,CS,Bachelor,0,1,2
17,1,25000.0,4.35,81.3,13.9,1,0,3.7,2.0,4,Business,High School,0,0,3
23,1,25000.0,3.94,87.2,41.2,1,1,5.4,2.38,3,Arts,High School,0,0,0
21,0,25000.0,2.58,86.3,38.0,1,0,5.1,2.95,3,Engineering,High School,0,0,1
20,0,53987.0,6.22,87.5,40.5,0,0,5.7,3.46,3,Business,Bachelor,0,1,3
21,1,25000.0,3.93,94.8,24.3,1,0,5.6,0.78,1,CS,Bachelor,1,1,2
20,1,37749.0,3.54,97.7,8.9,0,0,5.5,3.16,3,CS,Bachelor,0,1,2
21,0,25000.0,4.15,89.0,20.0,1,0,5.7,2.82,4,Science,Bachelor,0,1,4
19,0,48754.0,5.47,81.8,13.8,0,0,7.5,2.27,4,Arts,Bachelor,0,1,0
23,1,25888.0,3.67,80.4,13.7,1,0,3.7,3.06,1,CS,Bachelor,0,1,2
20,1,156156.0,5.5,81.9,43.6,0,1,4.2,2.75,2,Science,Bachelor,0,1,4
20,1,92862.0,4.27,77.4,27.0,0,1,8.1,2.33,3,Arts,High School,0,0,0
19,1,25000.0,4.95,89.4,33.5,1,0,7.8,3.1,2,CS,Bachelor,0,1,2
21,0,25000.0,4.33,90.3,43.2,1,0,6.0,0.31,1,Science,Bachelor,1,1,4
21,1,194735.0,4.88,76.9,17.8,1,0,9.1,0.03,3,CS,Bachelor,1,1,2
21,1,25000.0,5.14,80.7,37.4,0,0,6.4,3.59,2,CS,Bachelor,1,1,2
18,0,28767.0,4.56,67.8,12.6,1,0,8.9,0.56,4,Science,Master,1,2,4
17,0,30136.0,6.07,81.3,33.0,0,0,8.1,3.63,1,Science,Bachelor,0,1,4
22,0,29691.0,3.85,82.3,42.8,1,0,8.4,1.4,4,Engineering,Master,1,2,1
24,1,25000.0,5.54,73.1,16.3,0,0,3.4,3.12,1,Engineering,High School,0,0,1
18,0,40053.0,3.19,77.8,39.9,1,0,6.7,2.33,1,Engineering,Bachelor,0,1,1
24,0,25000.0,4.53,72.8,32.7,0,0,5.4,0.8,3,Science,PhD,1,3,4
21,0,70375.0,2.92,69.4,24.5,0,1,3.1,0.75,3,Arts,Bachelor,0,1,0
21,0,25000.0,2.94,93.9,15.6,1,1,7.9,3.84,1,Business,Bachelor,0,1,3
20,0,30813.0,5.71,69.4,32.9,1,0,7.6,0.18,1,Arts,Bachelor,1,1,0
18,1,25000.0,6.71,82.9,35.9,0,0,5.2,1.83,4,Arts,High School,0,0,0
23,0,25000.0,3.79,89.8,26.2,0,0,4.4,3.89,2,Science,Master,0,2,4
19,1,25000.0,2.69,93.4,18.2,1,1,5.6,2.39,2,Arts,Bachelor,0,1,0
19,1,25000.0,3.99,73.5,39.1,1,1,2.2,2.7,4,Science,High School,0,0,4
23,1,71642.0,3.0,92.2,44.2,1,0,3.1,2.22,2,Science,Master,0,2,4
17,1,29017.0,5.69,83.3,41.4,0,0,5.0,1.66,3,Engineering,High School,0,0,1
17,0,64566.0,4.78,86.6,49.1,0,1,6.6,0.71,2,Engineering,High School,1,0,1
21,0,25000.0,4.76,96.1,22.2,0,0,5.2,2.12,3,Arts,Bachelor,0,1,0
21,0,42773.0,3.85,86.9,13.0,1,1,4.5,2.54,1,Arts,Master,0,2,0
22,1,25000.0,3.07,74.6,34.9,1,0,4.0,2.23,3,CS,Bachelor,0,1,2
20,0,25000.0,5.37,65.6,25.2,1,0,9.9,1.32,2,Business,High School,1,0,3
26,1,25000.0,3.86,87.1,41.9,1,0,3.6,3.11,3,Science,Bachelor,1,1,4
20,1,36368.0,2.65,85.3,17.6,0,0,2.2,3.36,3,Engineering,Bachelor,0,1,1
20,1,34796.0,6.02,75.6,18.4,1,0,4.5,1.26,1,CS,High School,0,0,2
19,1,47400.0,7.21,83.5,30.8,1,0,6.4,4.0,1,Science,Bachelor,0,1,4
21,1,29219.0,4.0,71.2,32.1,1,0,5.5,1.09,3,Science,High School,1,0,4
22,0,100280.0,4.46,84.9,38.1,1,1,4.1,3.42,2,Engineering,Master,0,2,1
23,1,33045.0,6.36,71.3,28.8,1,0,5.8,1.88,3,Science,Master,1,2,4
17,0,53911.0,3.61,91.7,7.0,1,0,7.5,2.08,2,Arts,High School,0,0,0
20,1,25000.0,5.46,98.8,71.4,1,1,5.9,3.4,1,CS,Bachelor,0,1,2
22,1,31048.5,3.78,84.3,30.4,0,1,5.5,4.0,1,Arts,Master,0,2,0
22,0,45735.0,4.63,85.1,64.7,1,0,5.8,1.98,1,CS,High School,1,0,2
21,1,28184.0,2.75,86.7,28.5,1,1,4.2,1.56,1,Science,High School,0,0,4
22,0,48983.0,3.67,84.2,17.4,0,0,6.3,3.91,1,Business,High School,0,0,3
19,1,36745.0,1.84,73.2,26.2,1,1,7.4,1.0,3,Engineering,Master,0,2,1
24,1,25000.0,4.64,93.3,43.2,1,1,7.9,4.0,1,Science,Bachelor,0,1,4
23,1,56647.0,4.52,85.6,37.4,1,0,6.3,0.0,1,Engineering,Bachelor,0,1,1
18,0,25000.0,2.67,86.5,33.7,1,1,5.5,1.67,2,Arts,Bachelor,0,1,0
18,0,43269.0,6.85,90.1,29.3,1,0,8.9,1.34,2,Engineering,High School,1,0,1
18,1,64149.0,4.1,89.7,31.6,1,1,5.7,2.71,3,CS,Bachelor,0,1,2
22,1,25000.0,3.82,91.9,28.2,0,0,4.6,3.72,3,Science,Bachelor,0,1,4
18,0,59492.0,2.73,85.6,44.4,0,1,4.3,3.65,3,Arts,Bachelor,0,1,0
20,0,37744.0,5.02,75.1,41.0,0,1,4.1,2.84,3,CS,PhD,0,3,2
22,0,49571.0,2.83,85.3,18.7,0,0,4.6,2.37,2,Engineering,Master,1,2,1
20,1,25000.0,4.99,81.8,12.3,1,0,9.0,2.92,2,Engineering,Master,0,2,1
21,0,33812.0,2.86,75.0,15.3,1,1,4.1,0.02,2,Arts,High School,0,0,0
18,0,25000.0,4.57,93.6,25.7,0,1,8.2,3.4,4,CS,Master,0,2,2
22,1,83015.0,3.75,80.8,32.7,1,0,5.1,2.29,2,Arts,Bachelor,0,1,0
19,0,25000.0,5.02,83.8,29.3,1,0,7.4,1.95,2,Engineering,High School,1,0,1
20,1,25000.0,2.31,76.2,37.6,0,0,3.6,2.02,3,Arts,High School,1,0,0
21,0,25000.0,4.59,81.6,29.8,0,0,5.5,2.65,4,Business,High School,0,0,3
21,0,44570.0,2.72,89.4,49.1,1,1,2.6,3.11,1,Business,High School,0,0,3
21,0,94312.0,3.16,98.4,36.1,1,0,5.5,2.65,2,Business,Master,0,2,3
19,0,44044.0,4.75,70.3,30.2,0,1,6.9,2.35,1,Arts,Bachelor,0,1,0
20,0,175742.0,4.06,82.2,11.9,0,1,7.2,1.61,1,Arts,Master,0,2,0
21,0,25000.0,4.49,57.0,34.2,1,0,5.5,3.52,3,Engineering,Bachelor,0,1,1
18,0,25000.0,4.98,78.6,36.0,0,0,4.9,1.82,2,Business,Bachelor,0,1,3
20,1,25000.0,4.22,82.9,21.4,1,0,5.7,1.54,2,Engineering,Master,0,2,1
21,0,31976.0,3.82,83.3,16.1,0,0,4.5,3.89,2,Business,Bachelor,0,1,3
18,1,25000.0,2.7,95.1,43.1,1,0,4.5,1.03,2,CS,High School,0,0,2
23,1,29219.0,3.89,80.2,18.4,1,0,5.5,3.39,4,CS,High School,0,0,2
23,0,43144.0,4.71,94.5,32.0,1,0,5.9,2.8,2,Arts,Bachelor,0,1,0
18,0,29803.0,4.15,84.0,30.4,0,0,5.5,1.81,1,Business,Master,0,2,3
24,1,25000.0,3.58,77.9,35.4,0,1,7.8,1.26,3,Arts,Bachelor,0,1,0
20,0,25000.0,4.27,83.5,18.5,1,1,4.9,1.64,2,Arts,Bachelor,0,1,0
21,0,25000.0,3.99,83.0,28.6,0,0,4.0,2.77,4,Engineering,High School,0,0,1
19,0,54503.0,4.69,83.6,18.4,1,1,4.2,4.0,3,Arts,PhD,0,3,0
23,1,25000.0,3.25,76.4,30.9,1,1,2.8,2.49,2,Business,High School,0,0,3
21,1,25000.0,6.18,76.3,36.0,1,1,6.8,0.71,4,Engineering,Bachelor,1,1,1
19,0,42151.0,4.9,91.1,40.7,0,0,3.0,3.6,1,Arts,Bachelor,0,1,0
18,1,48090.0,1.65,90.4,47.9,1,0,1.4,3.07,1,Arts,High School,0,0,0
17,1,70069.0,4.37,75.4,26.8,1,1,6.8,1.25,2,Business,Bachelor,0,1,3
21,0,39398.0,5.05,80.9,26.6,0,0,6.7,2.59,1,Engineering,Bachelor,0,1,1
22,1,32152.0,2.28,85.1,45.3,0,0,3.6,4.0,4,Science,Master,0,2,4
22,1,41983.0,5.43,88.5,36.9,0,1,6.0,2.4,1,Engineering,Master,1,2,1
20,1,25325.0,4.82,83.5,44.8,1,0,3.1,1.84,4,Business,PhD,0,3,3
18,0,25214.0,2.3,91.2,53.4,1,0,5.3,2.36,1,Business,High School,0,0,3
19,1,25000.0,3.78,81.4,19.9,1,0,6.1,1.68,4,Science,High School,1,0,4
23,1,50820.0,2.51,94.4,39.7,1,0,6.7,0.72,2,Business,High School,1,0,3
19,1,33755.0,5.09,100.0,22.8,1,1,6.2,3.27,2,CS,High School,0,0,2
21,1,47393.0,2.68,82.6,48.8,1,0,2.1,2.69,1,CS,Bachelor,0,1,2
18,0,25000.0,2.79,85.0,15.7,1,0,6.0,3.26,3,CS,Bachelor,0,1,2
21,1,31202.0,3.71,59.5,41.0,1,1,5.5,1.03,2,Business,High School,1,0,3
20,1,25000.0,6.69,80.6,23.4,1,1,6.2,3.23,3,Science,Master,0,2,4
23,0,73190.0,5.59,83.4,36.7,0,0,3.0,4.0,1,Science,High School,0,0,4
22,0,42982.0,2.71,87.6,45.2,0,1,4.2,2.19,3,CS,Bachelor,0,1,2
19,0,34219.0,2.41,80.4,22.3,1,0,4.6,1.55,3,Arts,Bachelor,1,1,0
20,1,25000.0,3.23,88.0,12.4,1,0,1.3,4.0,4,CS,Bachelor,0,1,2
19,1,37734.0,2.18,79.0,26.9,0,1,5.7,1.6,2,Engineering,Bachelor,0,1,1
17,0,25000.0,5.02,90.1,25.4,1,0,4.9,2.51,4,Science,Bachelor,0,1,4
19,0,28006.0,4.86,85.3,14.6,1,0,5.0,4.0,1,Business,Bachelor,0,1,3
21,1,25000.0,5.19,85.0,5.9,1,0,5.3,1.95,1,Arts,Bachelor,0,1,0
21,1,115832.0,4.06,78.3,44.6,0,0,4.2,2.8,3,Science,High School,0,0,4
21,0,71824.0,4.16,81.3,47.9,1,0,7.0,1.59,4,Arts,Master,0,2,0
20,0,56265.0,2.61,79.0,22.8,1,1,5.8,2.13,3,Business,Bachelor,0,1,3
23,0,25000.0,4.36,89.0,26.5,1,0,4.5,2.8,4,Arts,High School,0,0,0
21,1,49936.0,5.64,71.2,39.7,1,0,6.3,1.93,3,Business,High School,0,0,3
22,1,33276.0,3.44,76.3,39.9,1,1,6.1,1.45,4,CS,High School,0,0,2
17,1,61950.0,4.53,91.7,51.3,1,1,3.8,1.7,1,Business,Master,0,2,3
17,0,36078.0,4.09,83.5,37.5,1,0,5.2,4.0,2,Science,Bachelor,1,1,4
21,1,29613.0,3.31,91.8,17.7,1,0,5.2,3.65,2,Science,Bachelor,0,1,4
17,1,34210.0,4.67,88.6,39.5,0,0,4.4,2.68,3,CS,Bachelor,0,1,2
20,0,25000.0,6.36,89.5,21.6,0,1,3.1,3.95,2,Arts,High School,0,0,0
20,0,25000.0,5.79,85.4,29.2,0,1,4.4,3.15,3,Engineering,Bachelor,0,1,1
24,1,37198.0,2.91,76.7,43.4,1,0,7.8,0.9,2,CS,High School,1,0,2
21,1,58902.0,4.15,82.6,19.1,0,0,4.3,2.67,4,Business,High School,0,0,3
21,0,25000.0,4.95,72.0,29.1,0,0,7.1,1.11,4,Science,Bachelor,0,1,4
22,0,29013.0,4.11,80.7,15.3,1,0,5.4,3.94,3,Engineering,High School,0,0,1
21,1,25000.0,2.33,77.6,18.1,1,1,5.8,1.64,4,Arts,High School,0,0,0
20,1,71367.0,3.02,67.1,23.4,1,0,3.3,1.42,3,Science,PhD,0,3,4
23,1,58003.0,4.82,85.4,49.6,1,1,7.6,1.99,1,CS,Master,1,2,2
18,0,43970.0,6.51,84.6,30.4,0,1,9.2,1.75,1,Business,Master,1,2,3
21,0,29794.5,4.09,92.1,61.7,1,1,5.5,3.21,4,CS,Master,0,2,2
17,0,75473.0,2.76,72.2,41.5,0,0,7.8,1.19,4,CS,Master,1,2,2
21,1,25000.0,5.47,90.6,41.8,1,1,3.2,1.54,4,Science,Master,0,2,4
21,1,25000.0,4.3,63.4,16.9,0,1,5.4,1.73,4,CS,Bachelor,1,1,2
24,1,56213.0,3.49,80.8,28.2,0,1,3.4,3.88,4,Arts,Bachelor,0,1,0
17,0,53992.0,3.75,97.8,16.3,0,1,6.2,2.95,4,Arts,Bachelor,0,1,0
19,1,25000.0,3.82,81.8,26.3,1,1,5.1,2.87,1,Business,Bachelor,0,1,3
22,1,25000.0,4.98,76.1,24.5,1,0,5.4,2.41,3,Business,Master,0,2,3
21,1,81917.0,4.3,81.3,29.5,0,1,7.9,2.77,1,Business,PhD,0,3,3
21,1,38063.0,2.01,88.8,39.9,1,1,7.7,3.17,3,Engineering,Master,0,2,1
18,1,47681.0,3.83,79.7,26.9,1,0,5.2,1.83,3,Arts,High School,0,0,0
19,1,25000.0,6.39,85.1,40.1,1,0,7.5,3.8,1,Business,Bachelor,0,1,3
23,0,44090.0,5.44,85.0,12.4,1,1,7.6,1.08,1,Science,High School,1,0,4
20,1,25000.0,5.63,86.4,35.4,0,0,7.5,3.12,2,CS,High School,0,0,2
21,0,25000.0,2.91,90.3,24.8,0,0,5.8,2.29,3,Arts,Bachelor,0,1,0
20,1,45986.0,4.47,97.8,33.0,0,0,6.1,2.99,4,Science,Bachelor,0,1,4
18,1,70310.0,5.23,82.7,40.4,1,0,5.0,1.03,3,Engineering,Bachelor,0,1,1
23,0,25533.0,4.1,84.6,12.7,0,0,9.7,0.0,2,Engineering,Master,1,2,1
22,1,25000.0,5.54,72.5,47.6,0,0,6.2,2.61,2,CS,Master,1,2,2
26,1,82993.0,2.89,89.6,27.7,1,0,5.4,4.0,3,Engineering,Bachelor,0,1,1
18,1,26453.0,4.28,92.9,52.3,0,1,6.4,3.46,2,Business,High School,0,0,3
22,1,28582.0,3.23,87.5,30.9,1,0,6.0,3.45,3,Arts,Master,0,2,0
18,1,82156.0,5.92,70.9,45.9,1,0,9.2,1.96,2,Arts,High School,1,0,0
21,1,25000.0,3.93,78.8,30.7,1,0,5.5,0.56,4,CS,High School,1,0,2
23,0,25000.0,3.73,82.4,33.2,1,1,6.9,1.66,1,Arts,Bachelor,0,1,0
17,0,48499.0,2.52,75.1,31.4,0,0,5.3,2.5,2,Engineering,Bachelor,1,1,1
20,0,25000.0,5.08,99.2,27.4,1,0,2.5,3.62,4,Arts,High School,0,0,0
19,1,27262.0,4.57,85.3,26.9,1,0,5.5,2.52,1,Arts,Master,0,2,0
19,0,25000.0,3.98,89.5,32.7,1,0,7.0,0.59,2,Engineering,Bachelor,0,1,1
21,1,33231.0,4.78,89.6,36.6,1,0,5.7,3.9,2,CS,High School,0,0,2
23,0,30973.0,5.39,82.9,32.8,1,1,3.4,2.6,1,Arts,Bachelor,0,1,0
20,1,53147.0,4.26,72.4,36.2,0,0,8.4,0.04,4,Arts,Bachelor,1,1,0
21,0,49730.0,4.58,88.3,11.8,0,1,3.4,3.16,4,Arts,Bachelor,0,1,0
21,1,41395.0,4.7,98.1,40.8,1,0,4.1,3.97,4,CS,PhD,0,3,2
21,1,37668.0,1.71,79.0,21.1,0,1,3.5,2.72,3,Business,PhD,0,3,3
18,1,28454.0,4.61,77.5,10.2,1,0,3.6,3.48,3,Science,Bachelor,0,1,4
23,1,42862.0,1.87,88.7,52.2,1,1,5.6,2.34,2,CS,Bachelor,1,1,2
21,1,25000.0,4.01,89.4,46.9,1,1,6.6,0.69,1,Engineering,Bachelor,1,1,1
21,1,25000.0,4.73,91.2,29.9,1,1,4.4,4.0,3,CS,High School,0,0,2
19,1,59704.0,1.63,80.9,42.8,1,0,6.5,1.58,4,CS,PhD,1,3,2
20,0,44556.0,4.07,80.9,26.0,1,0,6.9,1.71,1,Business,Bachelor,0,1,3
20,1,27551.0,3.54,61.0,24.4,1,0,4.9,2.82,1,Engineering,Master,0,2,1
17,1,56655.0,3.68,82.4,22.9,1,0,2.8,3.98,4,Engineering,Bachelor,1,1,1
17,0,25000.0,5.01,77.5,22.3,1,0,8.2,0.33,1,Arts,High School,1,0,0
19,1,25000.0,6.47,64.3,26.9,1,1,4.3,2.65,1,Science,Bachelor,0,1,4
22,1,25000.0,4.96,97.2,21.4,0,0,1.5,3.93,4,Science,Master,0,2,4
19,1,41797.0,4.03,83.9,5.0,1,0,4.8,3.26,1,Science,Bachelor,0,1,4
18,1,25000.0,2.25,67.7,27.8,1,0,6.6,1.03,3,Engineering,Master,0,2,1
19,0,25000.0,5.78,85.0,18.4,1,0,6.8,3.14,2,Business,Master,0,2,3
20,0,35377.0,3.79,96.9,33.6,1,0,3.5,3.16,1,Arts,High School,0,0,0
20,0,25000.0,1.81,91.6,27.1,1,0,2.2,2.88,1,Engineering,Bachelor,0,1,1
25,0,25000.0,2.5,89.7,37.6,0,1,6.1,1.96,2,Arts,High School,0,0,0
23,1,25000.0,2.35,72.1,30.2,0,1,6.4,0.93,3,Arts,Bachelor,1,1,0
23,0,42765.0,2.55,77.6,14.8,1,0,7.5,0.88,1,Arts,Bachelor,1,1,0
23,1,25000.0,5.32,75.1,14.8,1,0,7.3,1.72,4,CS,Bachelor,0,1,2
18,1,25000.0,4.26,82.1,15.1,0,0,5.8,1.82,3,Business,High School,1,0,3
18,1,25000.0,4.7,88.2,19.6,1,0,3.8,2.06,1,Business,Master,0,2,3
18,0,25000.0,0.5,85.5,21.6,0,0,4.6,1.64,4,Science,Bachelor,0,1,4
23,0,25000.0,5.0,74.7,41.0,1,0,5.1,1.56,4,CS,Bachelor,0,1,2
19,0,95361.0,4.82,80.5,32.2,1,1,3.9,1.69,1,Arts,Bachelor,0,1,0
18,0,25000.0,1.67,90.3,7.7,1,0,7.4,2.57,1,Science,Bachelor,0,1,4
20,1,25000.0,2.38,86.1,19.5,0,0,7.4,2.6,4,Engineering,High School,0,0,1
20,1,31702.0,5.48,85.2,29.6,1,0,3.0,3.68,4,Arts,High School,0,0,0
21,0,25000.0,3.22,75.0,17.9,1,0,4.9,3.06,3,Engineering,High School,0,0,1
21,1,33768.0,5.31,83.3,31.0,1,1,9.2,2.16,2,Business,High School,0,0,3
19,0,25000.0,4.01,72.9,19.9,1,0,7.6,1.19,1,CS,Bachelor,0,1,2
22,1,74463.0,3.33,75.4,28.4,1,1,5.8,2.7,1,CS,High School,0,0,2
19,0,25000.0,3.82,70.2,23.2,0,0,7.5,0.5,3,Science,PhD,1,3,4
20,1,25000.0,1.41,95.8,31.3,0,1,8.5,1.19,1,Arts,Master,1,2,0
22,0,25000.0,4.5,96.2,47.3,1,1,5.7,2.05,4,Arts,Bachelor,0,1,0
19,0,37493.0,2.44,74.0,40.7,0,0,3.1,0.0,4,Engineering,Master,1,2,1
19,0,27702.0,1.62,75.8,17.0,0,0,7.0,2.7,1,Business,Master,1,2,3
22,0,46690.0,2.07,79.5,60.1,1,0,7.1,1.64,1,Business,Bachelor,0,1,3
19,1,40177.0,2.82,91.7,44.2,1,0,3.7,4.0,2,Science,Bachelor,0,1,4
20,0,25000.0,4.76,86.9,21.8,1,0,6.0,0.71,3,CS,High School,0,0,2
22,1,25000.0,2.96,93.1,19.6,0,0,4.1,2.77,4,Engineering,High School,0,0,1
25,1,25000.0,4.98,95.5,34.1,1,0,2.5,3.06,4,Science,High School,1,0,4
22,1,92098.0,5.15,85.9,38.5,0,1,5.9,1.78,2,Engineering,Bachelor,0,1,1
22,1,45003.0,5.25,84.4,51.2,1,1,8.1,1.36,2,Business,Bachelor,0,1,3
22,0,92504.0,6.39,92.9,36.1,0,1,6.1,3.33,1,Science,Bachelor,0,1,4
18,1,49240.0,4.61,90.6,22.0,1,1,5.8,3.83,2,Business,High School,0,0,3
21,1,28620.0,4.76,90.6,23.9,1,0,3.1,3.59,3,Science,High School,0,0,4
20,1,25000.0,3.16,85.8,37.5,1,0,6.6,1.24,1,Business,Master,0,2,3
21,1,33554.0,0.99,90.3,13.9,0,0,4.5,2.66,4,Science,Master,0,2,4
21,1,28666.0,4.42,79.6,47.9,1,0,4.1,2.89,1,CS,Bachelor,0,1,2
21,0,28108.0,2.22,77.5,23.5,1,1,7.1,1.88,2,Engineering,PhD,0,3,1
20,1,26227.0,2.18,79.3,41.5,0,1,3.3,2.31,1,Business,Bachelor,0,1,3
21,1,25000.0,2.49,100.0,44.4,1,1,5.1,2.39,2,Business,High School,0,0,3
18,0,63355.0,4.84,73.7,66.7,0,0,3.4,3.63,1,Arts,Bachelor,0,1,0
20,1,28846.0,5.26,89.5,26.3,1,0,5.0,1.76,4,Arts,Bachelor,0,1,0
24,0,25000.0,4.21,97.8,26.7,0,1,1.6,4.0,4,Arts,Master,0,2,0
21,0,39698.0,2.56,85.2,26.0,0,0,6.5,2.7,4,Engineering,Master,0,2,1
21,1,25000.0,3.63,79.5,32.1,1,0,6.2,3.06,3,Science,Bachelor,0,1,4
25,1,41659.0,5.83,86.4,22.3,0,0,9.4,2.36,1,Engineering,PhD,0,3,1
18,1,50463.0,3.66,78.1,44.5,0,1,5.9,1.34,2,Arts,High School,1,0,0
18,1,54818.0,3.35,74.7,42.1,1,1,3.9,1.95,1,Arts,High School,0,0,0
24,0,26996.0,5.76,92.8,26.9,0,0,7.3,2.31,3,Business,High School,0,0,3
21,1,25000.0,6.96,92.3,21.5,1,0,7.2,2.64,1,Engineering,Master,1,2,1
20,0,25000.0,3.57,79.5,24.8,1,0,7.9,2.01,3,Science,Bachelor,1,1,4
18,0,25000.0,1.88,78.1,24.4,1,1,2.0,1.67,4,CS,Master,0,2,2
22,0,29427.0,4.1,83.7,35.9,1,0,4.2,2.96,1,Science,High School,0,0,4
22,1,26223.0,3.56,81.2,32.3,1,1,3.9,2.14,1,Business,Bachelor,0,1,3
18,0,25000.0,5.92,75.5,39.9,1,0,8.3,3.52,3,Science,Bachelor,0,1,4
20,1,25000.0,2.33,69.8,47.8,0,1,6.9,0.75,2,Arts,Master,1,2,0
20,1,27854.0,2.81,70.3,33.6,0,1,7.5,2.27,4,Engineering,PhD,0,3,1
21,0,25000.0,3.52,72.4,37.1,1,0,3.5,2.86,4,Business,PhD,0,3,3
18,1,25000.0,4.9,73.7,59.5,1,0,5.7,2.79,3,CS,Bachelor,0,1,2
23,0,48940.0,2.62,83.7,36.8,0,0,2.6,0.95,2,Arts,Master,1,2,0
23,0,86099.0,5.39,75.6,24.1,1,0,3.5,2.25,1,Arts,Bachelor,0,1,0
20,1,52974.0,3.36,75.8,29.2,0,0,5.7,2.46,4,Engineering,Master,1,2,1
20,1,25000.0,2.03,72.0,10.0,1,0,5.9,1.45,2,Arts,High School,1,0,0
20,1,28850.0,2.9,72.1,36.5,1,1,6.2,0.49,4,CS,High School,0,0,2
19,1,74926.0,2.22,71.9,23.4,1,0,4.3,0.0,4,Arts,PhD,1,3,0
20,1,29803.0,3.965,66.4,19.3,0,0,5.5,3.59,2,Science,Master,0,2,4
20,1,47551.0,6.5,90.3,19.6,1,0,5.5,2.24,4,CS,Bachelor,0,1,2
24,0,25000.0,4.18,94.0,43.7,0,1,8.3,2.16,3,Engineering,Bachelor,0,1,1
23,0,81668.0,5.38,82.4,26.9,1,1,4.7,4.0,2,Arts,Bachelor,0,1,0
23,0,25000.0,3.47,90.5,39.2,1,1,2.2,4.0,1,Engineering,PhD,0,3,1
21,0,113258.0,4.79,75.7,34.6,1,1,6.6,2.04,4,CS,Bachelor,0,1,2
18,0,83854.0,2.95,86.5,32.4,0,0,6.1,0.29,1,Science,Bachelor,0,1,4
20,1,27893.0,6.23,75.0,25.4,1,0,3.9,2.52,1,Business,High School,0,0,3
23,1,25000.0,3.67,85.5,35.9,1,0,4.9,3.58,1,Science,Bachelor,0,1,4
18,1,33419.0,2.9,75.4,24.9,1,1,5.8,1.45,2,Business,High School,0,0,3
22,0,26686.0,2.34,76.1,31.9,0,0,4.8,3.79,2,CS,High School,0,0,2
26,0,25000.0,2.51,81.6,43.3,0,0,3.5,3.01,4,Business,Bachelor,0,1,3
23,0,25000.0,2.34,95.0,45.8,1,1,5.1,2.81,2,Engineering,High School,0,0,1
24,1,29684.0,4.125,88.8,24.8,1,0,5.5,2.99,1,CS,Bachelor,0,1,2
21,0,25000.0,3.72,76.2,34.5,1,0,4.8,4.0,2,Science,Bachelor,0,1,4
23,1,41398.0,3.62,73.6,37.0,1,1,5.9,1.65,4,CS,Master,0,2,2
19,1,53887.0,8.28,75.5,32.8,1,1,5.2,2.68,2,CS,Bachelor,0,1,2
22,1,46370.0,5.98,87.2,39.2,1,0,3.3,3.98,3,Business,High School,0,0,3
22,0,36513.0,2.37,83.7,39.3,0,1,5.3,2.97,1,Arts,Bachelor,1,1,0
21,1,25000.0,5.75,87.2,52.1,1,1,4.7,3.3,1,Arts,Bachelor,0,1,0
23,1,33632.0,3.54,77.9,55.9,1,1,6.9,2.19,1,Science,Bachelor,0,1,4
19,1,47842.0,3.83,84.7,28.0,1,0,7.7,2.11,1,Science,PhD,0,3,4
20,0,25000.0,3.23,84.2,49.9,1,0,7.1,3.59,2,CS,Bachelor,0,1,2
21,0,31933.0,3.8,92.1,35.3,0,0,4.2,3.36,4,Arts,Bachelor,1,1,0
18,0,29718.0,4.11,79.6,27.9,1,0,5.5,3.84,4,Science,Bachelor,0,1,4
21,1,80613.0,3.56,89.2,37.3,0,0,2.8,3.91,2,Science,High School,0,0,4
17,0,49559.0,3.46,92.1,27.2,0,0,5.8,0.92,1,Business,Bachelor,1,1,3
23,1,42851.0,4.61,81.8,29.5,0,1,4.2,1.27,3,Science,Bachelor,0,1,4
21,0,25000.0,4.65,76.4,16.8,0,0,3.5,2.78,2,Engineering,High School,0,0,1
19,0,32982.0,4.18,81.8,31.0,1,1,9.0,0.29,3,Engineering,Master,1,2,1
19,0,27092.0,5.93,80.9,41.2,1,0,6.4,2.87,1,CS,Bachelor,0,1,2
20,0,26952.0,5.39,80.4,38.6,0,0,6.1,2.04,4,Engineering,Bachelor,1,1,1
22,1,25000.0,5.71,81.9,34.4,1,1,6.0,3.78,1,Arts,Master,0,2,0
22,1,25000.0,3.03,80.6,50.8,0,0,8.4,0.81,4,Arts,Master,1,2,0
19,1,30885.0,3.78,63.3,55.6,0,1,5.5,2.25,1,Arts,High School,0,0,0
19,1,58024.0,4.36,81.0,36.0,1,0,6.6,2.52,4,Arts,High School,0,0,0
22,1,25000.0,4.54,88.4,49.2,0,0,7.1,2.58,1,Science,Bachelor,0,1,4
19,1,25000.0,2.7,75.1,34.2,1,0,8.8,2.02,4,CS,High School,0,0,2
21,0,86565.0,4.43,92.8,31.1,0,0,5.5,3.21,3,CS,Master,1,2,2
21,1,25000.0,1.76,90.7,41.5,1,1,7.7,2.02,4,Arts,High School,1,0,0
21,1,27522.0,3.56,82.7,29.2,0,0,2.2,3.64,3,Arts,High School,0,0,0
22,1,27746.0,2.31,62.9,5.0,0,0,9.3,1.38,2,CS,High School,1,0,2
18,1,25000.0,4.54,64.6,26.9,0,0,6.3,0.37,1,Business,High School,1,0,3
17,1,41902.0,5.03,82.9,11.9,1,0,6.9,1.58,3,Science,Master,1,2,4
19,1,25000.0,1.29,87.4,25.3,0,1,3.2,2.81,1,Arts,High School,0,0,0
25,0,29201.0,0.5,96.2,23.5,0,0,3.1,1.38,4,Engineering,High School,0,0,1
25,0,38817.0,6.06,78.8,23.5,0,0,4.3,0.45,1,Engineering,Bachelor,1,1,1
25,1,95371.0,2.48,77.9,17.4,1,0,5.5,0.71,4,Arts,Bachelor,1,1,0
20,1,25000.0,3.29,72.3,15.6,0,1,5.0,1.39,1,Science,Master,1,2,4
17,0,49961.0,2.63,86.8,22.2,0,0,4.8,0.43,3,CS,PhD,0,3,2
17,0,50073.0,5.51,82.1,25.5,1,0,5.1,2.19,3,CS,Bachelor,0,1,2
19,0,25000.0,5.22,78.2,26.4,0,1,1.3,3.48,2,CS,Bachelor,1,1,2
20,1,42604.0,3.55,82.2,33.1,1,1,6.3,1.41,2,Science,Master,1,2,4
23,0,79703.0,4.88,81.2,38.5,1,1,5.2,1.9,3,Science,Master,0,2,4
22,1,25000.0,4.36,89.7,17.9,0,0,7.2,3.33,2,Engineering,Bachelor,1,1,1
21,0,34368.0,4.4,78.6,19.5,1,1,4.6,2.13,2,Science,Master,0,2,4
19,0,37907.0,4.82,82.0,50.0,0,0,4.8,1.01,2,Science,Master,0,2,4
18,1,40966.0,3.99,88.8,39.1,1,0,5.8,1.43,1,Business,Master,1,2,3
21,0,47173.0,3.33,79.9,20.7,1,0,6.7,2.68,2,Business,PhD,0,3,3
22,0,32852.0,5.16,76.1,15.0,0,0,7.6,2.34,3,Business,Master,0,2,3
21,0,40460.0,4.21,71.8,24.0,0,1,5.4,2.6,1,CS,Bachelor,0,1,2
18,0,25000.0,3.98,73.7,27.0,1,0,6.3,3.2,2,Engineering,Bachelor,0,1,1
22,1,32807.0,4.14,76.9,38.2,1,0,5.6,2.31,2,Business,Bachelor,1,1,3
21,0,25000.0,3.19,89.7,5.0,0,1,5.0,3.16,3,Arts,Bachelor,0,1,0
18,1,25000.0,2.29,76.1,18.4,1,0,2.0,2.99,1,Business,High School,0,0,3
19,0,25000.0,3.18,80.3,51.6,1,0,5.9,1.38,3,CS,Bachelor,0,1,2
22,1,34950.0,4.29,73.8,30.2,0,0,3.9,3.6,4,Engineering,High School,0,0,1
20,1,38618.0,3.89,82.4,30.7,1,0,7.1,2.52,4,Business,Bachelor,1,1,3
24,1,25000.0,2.58,84.3,23.2,0,0,3.9,2.16,2,Engineering,High School,0,0,1
22,1,25000.0,2.17,84.8,39.5,1,0,4.5,3.65,4,Arts,High School,0,0,0
19,0,45926.0,2.42,96.0,8.4,0,0,4.0,3.27,2,Science,Master,0,2,4
21,0,40332.0,3.77,81.9,24.9,1,0,6.5,2.57,1,Science,High School,0,0,4
21,1,50628.0,6.08,84.3,5.0,1,1,5.0,2.63,4,CS,Master,0,2,2
19,0,67555.0,2.43,77.5,29.8,1,1,6.5,1.57,4,Engineering,Master,1,2,1
19,0,41058.0,4.93,99.4,24.6,1,1,1.0,3.85,3,CS,High School,0,0,2
22,0,25000.0,2.18,88.8,10.4,1,1,9.1,0.0,4,Engineering,Bachelor,1,1,1
22,0,31854.0,5.0,89.1,42.1,1,0,3.7,3.12,4,Business,Bachelor,0,1,3
22,1,80494.0,3.11,90.7,38.3,1,1,6.9,1.55,4,Business,Bachelor,0,1,3
24,0,156165.0,3.88,88.0,42.4,1,1,6.4,2.49,3,CS,Master,0,2,2
19,0,39256.0,4.91,91.1,11.9,0,1,6.8,3.25,4,Science,Bachelor,0,1,4
24,1,41000.0,4.11,80.5,18.0,0,0,4.0,1.12,4,Arts,Bachelor,1,1,0
19,0,45955.0,4.31,100.0,44.4,0,1,4.9,3.36,4,Science,Bachelor,0,1,4
18,1,30160.0,4.13,69.6,39.7,1,0,6.2,1.6,1,CS,PhD,1,3,2
17,0,59773.0,6.41,79.8,46.8,1,1,5.5,2.77,2,Arts,Bachelor,1,1,0
20,1,54439.0,2.34,95.9,27.1,1,0,3.9,3.75,1,Engineering,Bachelor,0,1,1
19,0,36777.0,3.82,80.6,28.7,1,1,6.5,3.4,4,Science,High School,0,0,4
22,0,25000.0,4.01,87.3,37.4,0,1,9.6,0.47,2,CS,Bachelor,1,1,2
21,0,25000.0,2.84,78.2,13.8,1,1,4.7,1.98,4,Engineering,Bachelor,0,1,1
18,1,46141.0,5.04,85.6,32.3,1,0,6.4,2.75,2,Science,Bachelor,0,1,4
20,1,33783.0,3.43,79.1,60.4,1,0,5.9,0.79,1,Science,High School,0,0,4
20,1,25000.0,5.06,91.3,25.7,1,0,4.8,1.01,2,Science,Bachelor,0,1,4
17,0,25000.0,4.11,84.3,10.8,1,0,7.0,0.61,2,Business,High School,0,0,3
18,0,44217.0,3.53,68.0,34.9,1,1,6.9,2.73,2,Science,High School,0,0,4
19,0,25000.0,6.24,75.5,19.2,1,0,4.5,3.46,2,Science,Bachelor,0,1,4
24,0,35589.0,1.62,74.2,28.7,1,0,8.1,0.13,1,Arts,PhD,1,3,0
21,0,49322.0,4.81,93.2,43.1,1,1,5.5,2.3,3,Business,Bachelor,0,1,3
22,1,41354.0,5.82,72.1,36.7,0,0,7.4,3.43,4,Business,High School,1,0,3
17,1,25000.0,2.06,79.9,24.1,1,1,6.1,1.15,2,CS,Bachelor,0,1,2
23,1,25000.0,3.96,98.9,40.1,1,0,5.6,1.93,2,Arts,Bachelor,0,1,0
23,1,42286.0,4.62,92.0,10.0,0,1,5.5,0.97,2,Arts,Bachelor,0,1,0
17,1,61103.0,2.87,75.2,32.4,1,1,6.7,3.09,1,Business,Master,1,2,3
19,0,25000.0,4.73,74.9,25.4,1,0,3.5,3.43,4,Business,Bachelor,0,1,3
22,1,40302.0,5.85,74.2,5.0,1,1,6.2,3.34,1,CS,High School,0,0,2
22,1,76796.0,4.95,83.7,15.5,0,0,7.9,2.2,1,Arts,Master,0,2,0
